<?xml version="1.0" encoding="UTF-8"?>
<suite name="SSRS Reports">
    <listeners>
        <listener class-name="com.sis.extentReports.TestListener" />
    </listeners>
    <test name ="Compare Csv Files">
        <parameter name="expectedFile" value="courses.csv"></parameter>
        <parameter name="actualFile" value="courses.csv"></parameter>
        <classes>
            <class name ="com.sis.ssrsReports.SsrsReportsApplicationTests"></class>
        </classes>
    </test>

    <test name ="Compare JSON Files">
        <parameter name="expectedFile" value="expectedJson.json"></parameter>
        <parameter name="actualFile" value="actualJson.json"></parameter>
        <classes>
            <class name ="com.sis.ssrsReports.SsrsReportsApplicationTests"></class>
        </classes>
    </test>

    <test name ="Compare XML Files">
        <parameter name="expectedFile" value="expectedXml.xml"></parameter>
        <parameter name="actualFile" value="actualXml.xml"></parameter>
        <classes>
            <class name ="com.sis.ssrsReports.SsrsReportsApplicationTests"></class>
        </classes>
    </test>

    <test name ="Compare Word Files">
        <parameter name="expectedFile" value="expectedCsv.csv"></parameter>
        <parameter name="actualFile" value="actualCsv.csv"></parameter>
        <classes>
            <class name ="com.sis.ssrsReports.SsrsReportsApplicationTests"></class>
        </classes>
    </test>

    <test name ="Compare Pdf Files">
        <parameter name="expectedFile" value="expectedJson.json"></parameter>
        <parameter name="actualFile" value="actualJson.json"></parameter>
        <classes>
            <class name ="com.sis.ssrsReports.SsrsReportsApplicationTests"></class>
        </classes>
    </test>

    <test name ="Compare Ppt Files">
        <parameter name="expectedFile" value="expectedXml.xml"></parameter>
        <parameter name="actualFile" value="actualXml.xml"></parameter>
        <classes>
            <class name ="com.sis.ssrsReports.SsrsReportsApplicationTests"></class>
        </classes>
    </test>

    <test name ="Compare Excel Files">
        <parameter name="expectedFile" value="expectedXml.xml"></parameter>
        <parameter name="actualFile" value="actualXml.xml"></parameter>
        <classes>
            <class name ="com.sis.ssrsReports.SsrsReportsApplicationTests"></class>
        </classes>
    </test>

    <test name ="Compare Tiff Files">
        <parameter name="expectedFile" value="expectedXml.xml"></parameter>
        <parameter name="actualFile" value="actualXml.xml"></parameter>
        <classes>
            <class name ="com.sis.ssrsReports.SsrsReportsApplicationTests"></class>
        </classes>
    </test>

</suite>