{
  "url" : "https://www.moneycontrol.com/india/stockpricequote/miningminerals/20microns/2M",
  "companyName" : "20 Microns Ltd.",
  "breadCrumb" : "Moneycontrol / Market / Share/Stock Price / Mining & Minerals",
  "bseNseNames" : "BSE: 533022 | NSE: 20MICRONS |",
  "seriesLink" : "EQ",
  "isinLink" : "INE144J01027",
  "sectorLink" : "Moneycontrol / Market / Share/Stock Price / Mining & Minerals",
  "sectorTitle" : "MINING & MINERALS",
  "bseData" : {
    "bsePrice" : "25.80",
    "bseVolume" : "4,914",
    "bsePrevClose" : "27.40",
    "bseOpenPrice" : "",
    "bseTodaysLow" : "25.80",
    "bseTodaysHigh" : "29.00",
    "bse52WeekLow" : "19.20",
    "bse52WeekHigh" : "44.30",
    "bseLowerPriceBand" : "21.95",
    "bseUpperPriceBand" : "32.85"
  },
  "nseData" : {
    "nsePrice" : "26.20",
    "nseVolume" : "80,527",
    "nsePrevClose" : "",
    "nseOpenPrice" : "",
    "nseTodaysLow" : "25.90",
    "nseTodaysHigh" : "29.00",
    "nse52WeekLow" : "19.00",
    "nse52WeekHigh" : "44.15",
    "nseLowerPriceBand" : "22.00",
    "nseUpperPriceBand" : "33.00"
  },
  "companyValuation" : {
    "marketCapital" : "91.04",
    "peRatio" : "3.62",
    "bookValue" : "43.10",
    "dividend" : "0.00",
    "marketLot" : "1",
    "industryPeRatio" : "6.79",
    "eps" : "7.23",
    "pcRatio" : "2.65",
    "bookPrice" : "0.60",
    "dividendYield" : "-",
    "faceValue" : "5.00",
    "deliverables" : "36.58"
  }
}