{
  "url" : "https://www.moneycontrol.com/india/stockpricequote/computers-software/3iinfotech/I11",
  "companyName" : "3i Infotech Ltd.",
  "breadCrumb" : "Moneycontrol / Market / Share/Stock Price / Computers - Software",
  "bseNseNames" : "BSE: 532628 | NSE: 3IINFOTECH |",
  "seriesLink" : "EQ",
  "isinLink" : "INE748C01020",
  "sectorLink" : "Moneycontrol / Market / Share/Stock Price / Computers - Software",
  "sectorTitle" : "COMPUTERS - SOFTWARE",
  "bseData" : {
    "bsePrice" : "1.26",
    "bseVolume" : "681,579",
    "bsePrevClose" : "1.36",
    "bseOpenPrice" : "",
    "bseTodaysLow" : "1.23",
    "bseTodaysHigh" : "1.34",
    "bse52WeekLow" : "1.15",
    "bse52WeekHigh" : "4.51",
    "bseLowerPriceBand" : "1.09",
    "bseUpperPriceBand" : "1.63"
  },
  "nseData" : {
    "nsePrice" : "1.25",
    "nseVolume" : "2,793,301",
    "nsePrevClose" : "",
    "nseOpenPrice" : "",
    "nseTodaysLow" : "1.20",
    "nseTodaysHigh" : "1.35",
    "nse52WeekLow" : "1.15",
    "nse52WeekHigh" : "4.55",
    "nseLowerPriceBand" : "1.10",
    "nseUpperPriceBand" : "1.60"
  },
  "companyValuation" : {
    "marketCapital" : "203.70",
    "peRatio" : "2.55",
    "bookValue" : "2.21",
    "dividend" : "0.00",
    "marketLot" : "1",
    "industryPeRatio" : "18.30",
    "eps" : "0.49",
    "pcRatio" : "2.36",
    "bookPrice" : "0.57",
    "dividendYield" : "-",
    "faceValue" : "10.00",
    "deliverables" : "68.97"
  }
}