{
  "url" : "https://www.moneycontrol.com/india/stockpricequote/diversified/3mindia/MI42",
  "companyName" : "3M India Ltd.",
  "breadCrumb" : "Moneycontrol / Market / Share/Stock Price / Diversified",
  "bseNseNames" : "BSE: 523395 | NSE: 3MINDIA |",
  "seriesLink" : "EQ",
  "isinLink" : "INE470A01017",
  "sectorLink" : "Moneycontrol / Market / Share/Stock Price / Diversified",
  "sectorTitle" : "DIVERSIFIED",
  "bseData" : {
    "bsePrice" : "18199.00",
    "bseVolume" : "690",
    "bsePrevClose" : "18763.75",
    "bseOpenPrice" : "",
    "bseTodaysLow" : "18199.00",
    "bseTodaysHigh" : "19204.95",
    "bse52WeekLow" : "15685.60",
    "bse52WeekHigh" : "25361.10",
    "bseLowerPriceBand" : "15011.00",
    "bseUpperPriceBand" : "22516.50"
  },
  "nseData" : {
    "nsePrice" : "18318.20",
    "nseVolume" : "9,926",
    "nsePrevClose" : "",
    "nseOpenPrice" : "",
    "nseTodaysLow" : "18155.05",
    "nseTodaysHigh" : "19170.00",
    "nse52WeekLow" : "15700.00",
    "nse52WeekHigh" : "25439.95",
    "nseLowerPriceBand" : "15004.60",
    "nseUpperPriceBand" : "22506.80"
  },
  "companyValuation" : {
    "marketCapital" : "20,501.30",
    "peRatio" : "68.12",
    "bookValue" : "1650.70",
    "dividend" : "0.00",
    "marketLot" : "1",
    "industryPeRatio" : "30.97",
    "eps" : "268.93",
    "pcRatio" : "59.84",
    "bookPrice" : "11.03",
    "dividendYield" : "-",
    "faceValue" : "10.00",
    "deliverables" : "43.55"
  }
}