{
  "url" : "https://www.moneycontrol.com/india/stockpricequote/paper/3plandholdings/PI36",
  "companyName" : "3p Land Holdings Ltd.",
  "breadCrumb" : "Moneycontrol / Market / Share/Stock Price / Paper",
  "bseNseNames" : "BSE: 516092 | NSE: 3PLAND |",
  "seriesLink" : "EQ",
  "isinLink" : "INE105C01023",
  "sectorLink" : "Moneycontrol / Market / Share/Stock Price / Paper",
  "sectorTitle" : "PAPER",
  "bseData" : {
    "bsePrice" : "2.88",
    "bseVolume" : "26,100",
    "bsePrevClose" : "3.01",
    "bseOpenPrice" : "",
    "bseTodaysLow" : "2.88",
    "bseTodaysHigh" : "3.01",
    "bse52WeekLow" : "2.88",
    "bse52WeekHigh" : "13.59",
    "bseLowerPriceBand" : "2.86",
    "bseUpperPriceBand" : "3.16"
  },
  "nseData" : {
    "nsePrice" : "3.85",
    "nseVolume" : "406",
    "nsePrevClose" : "",
    "nseOpenPrice" : "",
    "nseTodaysLow" : "3.70",
    "nseTodaysHigh" : "3.85",
    "nse52WeekLow" : "3.40",
    "nse52WeekHigh" : "12.75",
    "nseLowerPriceBand" : "3.55",
    "nseUpperPriceBand" : "3.85"
  },
  "companyValuation" : {
    "marketCapital" : "5.18",
    "peRatio" : "2.16",
    "bookValue" : "17.46",
    "dividend" : "0.00",
    "marketLot" : "1",
    "industryPeRatio" : "13.75",
    "eps" : "1.78",
    "pcRatio" : "2.06",
    "bookPrice" : "0.16",
    "dividendYield" : "-",
    "faceValue" : "2.00",
    "deliverables" : "80.02"
  }
}