{
  "url" : "https://www.moneycontrol.com/india/stockpricequote/miscellaneous/5paisacapital/C98",
  "companyName" : "5paisa Capital Ltd.",
  "breadCrumb" : "Moneycontrol / Market / Share/Stock Price / Miscellaneous",
  "bseNseNames" : "BSE: 540776 | NSE: 5PAISA |",
  "seriesLink" : "EQ",
  "isinLink" : "INE618L01018",
  "sectorLink" : "Moneycontrol / Market / Share/Stock Price / Miscellaneous",
  "sectorTitle" : "MISCELLANEOUS",
  "bseData" : {
    "bsePrice" : "122.65",
    "bseVolume" : "584",
    "bsePrevClose" : "115.80",
    "bseOpenPrice" : "",
    "bseTodaysLow" : "115.80",
    "bseTodaysHigh" : "123.80",
    "bse52WeekLow" : "93.05",
    "bse52WeekHigh" : "270.95",
    "bseLowerPriceBand" : "92.65",
    "bseUpperPriceBand" : "138.95"
  },
  "nseData" : {
    "nsePrice" : "123.35",
    "nseVolume" : "6,500",
    "nsePrevClose" : "",
    "nseOpenPrice" : "",
    "nseTodaysLow" : "115.00",
    "nseTodaysHigh" : "134.00",
    "nse52WeekLow" : "90.00",
    "nse52WeekHigh" : "270.00",
    "nseLowerPriceBand" : "93.15",
    "nseUpperPriceBand" : "139.65"
  },
  "companyValuation" : {
    "marketCapital" : "312.48",
    "peRatio" : "-",
    "bookValue" : "58.20",
    "dividend" : "0.00",
    "marketLot" : "1",
    "industryPeRatio" : "23.58",
    "eps" : "-",
    "pcRatio" : "-",
    "bookPrice" : "2.11",
    "dividendYield" : "-",
    "faceValue" : "10.00",
    "deliverables" : "82.79"
  }
}