{
  "url" : "https://www.moneycontrol.com/india/stockpricequote/computers-software/63moonstechnologies/FT02",
  "companyName" : "63 Moons Technologies Ltd.",
  "breadCrumb" : "Moneycontrol / Market / Share/Stock Price / Computers - Software",
  "bseNseNames" : "BSE: 526881 | NSE: 63MOONS |",
  "seriesLink" : "EQ",
  "isinLink" : "INE111B01023",
  "sectorLink" : "Moneycontrol / Market / Share/Stock Price / Computers - Software",
  "sectorTitle" : "COMPUTERS - SOFTWARE",
  "bseData" : {
    "bsePrice" : "53.65",
    "bseVolume" : "9,296",
    "bsePrevClose" : "50.70",
    "bseOpenPrice" : "",
    "bseTodaysLow" : "53.15",
    "bseTodaysHigh" : "55.70",
    "bse52WeekLow" : "39.75",
    "bse52WeekHigh" : "185.00",
    "bseLowerPriceBand" : "45.65",
    "bseUpperPriceBand" : "55.75"
  },
  "nseData" : {
    "nsePrice" : "53.70",
    "nseVolume" : "72,221",
    "nsePrevClose" : "",
    "nseOpenPrice" : "",
    "nseTodaysLow" : "50.70",
    "nseTodaysHigh" : "55.45",
    "nse52WeekLow" : "39.55",
    "nse52WeekHigh" : "184.75",
    "nseLowerPriceBand" : "45.65",
    "nseUpperPriceBand" : "55.75"
  },
  "companyValuation" : {
    "marketCapital" : "247.21",
    "peRatio" : "-",
    "bookValue" : "619.79",
    "dividend" : "100.00",
    "marketLot" : "1",
    "industryPeRatio" : "18.30",
    "eps" : "-",
    "pcRatio" : "-",
    "bookPrice" : "0.09",
    "dividendYield" : "3.73",
    "faceValue" : "2.00",
    "deliverables" : "75.47"
  }
}