{
  "url" : "https://www.moneycontrol.com/india/stockpricequote/power-transmissionequipment/a2zinfraengineering/AME02",
  "companyName" : "A2Z Infra Engineering Ltd.",
  "breadCrumb" : "Moneycontrol / Market / Share/Stock Price / Power - Transmission & Equipment",
  "bseNseNames" : "BSE: 533292 | NSE: A2ZINFRA |",
  "seriesLink" : "EQ",
  "isinLink" : "INE619I01012",
  "sectorLink" : "Moneycontrol / Market / Share/Stock Price / Power - Transmission & Equipment",
  "sectorTitle" : "POWER - TRANSMISSION & EQUIPMENT",
  "bseData" : {
    "bsePrice" : "3.11",
    "bseVolume" : "13,690",
    "bsePrevClose" : "3.10",
    "bseOpenPrice" : "",
    "bseTodaysLow" : "3.11",
    "bseTodaysHigh" : "3.23",
    "bse52WeekLow" : "2.82",
    "bse52WeekHigh" : "19.70",
    "bseLowerPriceBand" : "2.48",
    "bseUpperPriceBand" : "3.72"
  },
  "nseData" : {
    "nsePrice" : "3.15",
    "nseVolume" : "116,011",
    "nsePrevClose" : "",
    "nseOpenPrice" : "",
    "nseTodaysLow" : "3.10",
    "nseTodaysHigh" : "3.25",
    "nse52WeekLow" : "2.90",
    "nse52WeekHigh" : "19.45",
    "nseLowerPriceBand" : "2.55",
    "nseUpperPriceBand" : "3.75"
  },
  "companyValuation" : {
    "marketCapital" : "54.77",
    "peRatio" : "0.89",
    "bookValue" : "36.43",
    "dividend" : "0.00",
    "marketLot" : "1",
    "industryPeRatio" : "11.59",
    "eps" : "3.52",
    "pcRatio" : "0.76",
    "bookPrice" : "0.09",
    "dividendYield" : "-",
    "faceValue" : "10.00",
    "deliverables" : "73.29"
  }
}