{
  "url" : "https://www.moneycontrol.com/india/stockpricequote/pharmaceuticals/aartidrugs/AD",
  "companyName" : "Aarti Drugs Ltd.",
  "breadCrumb" : "Moneycontrol / Market / Share/Stock Price / Pharmaceuticals",
  "bseNseNames" : "BSE: 524348 | NSE: AARTIDRUGS |",
  "seriesLink" : "EQ",
  "isinLink" : "INE767A01016",
  "sectorLink" : "Moneycontrol / Market / Share/Stock Price / Pharmaceuticals",
  "sectorTitle" : "PHARMACEUTICALS",
  "bseData" : {
    "bsePrice" : "622.45",
    "bseVolume" : "11,450",
    "bsePrevClose" : "611.15",
    "bseOpenPrice" : "",
    "bseTodaysLow" : "602.75",
    "bseTodaysHigh" : "670.00",
    "bse52WeekLow" : "419.30",
    "bse52WeekHigh" : "812.65",
    "bseLowerPriceBand" : "488.95",
    "bseUpperPriceBand" : "733.35"
  },
  "nseData" : {
    "nsePrice" : "631.60",
    "nseVolume" : "75,970",
    "nsePrevClose" : "",
    "nseOpenPrice" : "",
    "nseTodaysLow" : "605.00",
    "nseTodaysHigh" : "669.30",
    "nse52WeekLow" : "421.00",
    "nse52WeekHigh" : "811.95",
    "nseLowerPriceBand" : "486.30",
    "nseUpperPriceBand" : "729.40"
  },
  "companyValuation" : {
    "marketCapital" : "1,450.31",
    "peRatio" : "14.04",
    "bookValue" : "222.44",
    "dividend" : "10.00",
    "marketLot" : "1",
    "industryPeRatio" : "32.25",
    "eps" : "44.98",
    "pcRatio" : "10.13",
    "bookPrice" : "2.80",
    "dividendYield" : "0.16",
    "faceValue" : "10.00",
    "deliverables" : "39.82"
  }
}