{
  "url" : "https://www.moneycontrol.com/india/stockpricequote/chemicals/aartiindustries/AI45",
  "companyName" : "Aarti Industries Ltd.",
  "breadCrumb" : "Moneycontrol / Market / Share/Stock Price / Chemicals",
  "bseNseNames" : "BSE: 524208 | NSE: AARTIIND |",
  "seriesLink" : "EQ",
  "isinLink" : "INE769A01020",
  "sectorLink" : "Moneycontrol / Market / Share/Stock Price / Chemicals",
  "sectorTitle" : "CHEMICALS",
  "bseData" : {
    "bsePrice" : "860.00",
    "bseVolume" : "14,808",
    "bsePrevClose" : "831.10",
    "bseOpenPrice" : "",
    "bseTodaysLow" : "817.40",
    "bseTodaysHigh" : "909.80",
    "bse52WeekLow" : "662.05",
    "bse52WeekHigh" : "1071.00",
    "bseLowerPriceBand" : "664.90",
    "bseUpperPriceBand" : "997.30"
  },
  "nseData" : {
    "nsePrice" : "854.90",
    "nseVolume" : "477,805",
    "nsePrevClose" : "",
    "nseOpenPrice" : "",
    "nseTodaysLow" : "818.00",
    "nseTodaysHigh" : "909.80",
    "nse52WeekLow" : "668.00",
    "nse52WeekHigh" : "1071.00",
    "nseLowerPriceBand" : "664.60",
    "nseUpperPriceBand" : "996.80"
  },
  "companyValuation" : {
    "marketCapital" : "14,984.16",
    "peRatio" : "27.54",
    "bookValue" : "146.97",
    "dividend" : "220.00",
    "marketLot" : "1",
    "industryPeRatio" : "13.32",
    "eps" : "31.04",
    "pcRatio" : "21.53",
    "bookPrice" : "5.85",
    "dividendYield" : "1.28",
    "faceValue" : "5.00",
    "deliverables" : "47.90"
  }
}