{
  "url" : "https://www.moneycontrol.com/india/stockpricequote/textiles-denim/aarveedenimexports/ADE",
  "companyName" : "Aarvee Denim and Exports Ltd.",
  "breadCrumb" : "Moneycontrol / Market / Share/Stock Price / Textiles - Denim",
  "bseNseNames" : "BSE: 514274 | NSE: AARVEEDEN |",
  "seriesLink" : "EQ",
  "isinLink" : "INE273D01019",
  "sectorLink" : "Moneycontrol / Market / Share/Stock Price / Textiles - Denim",
  "sectorTitle" : "TEXTILES - DENIM",
  "bseData" : {
    "bsePrice" : "8.65",
    "bseVolume" : "3,270",
    "bsePrevClose" : "8.24",
    "bseOpenPrice" : "",
    "bseTodaysLow" : "7.77",
    "bseTodaysHigh" : "9.38",
    "bse52WeekLow" : "6.30",
    "bse52WeekHigh" : "26.75",
    "bseLowerPriceBand" : "6.60",
    "bseUpperPriceBand" : "9.88"
  },
  "nseData" : {
    "nsePrice" : "8.35",
    "nseVolume" : "9,251",
    "nsePrevClose" : "",
    "nseOpenPrice" : "",
    "nseTodaysLow" : "7.85",
    "nseTodaysHigh" : "9.25",
    "nse52WeekLow" : "6.50",
    "nse52WeekHigh" : "27.50",
    "nseLowerPriceBand" : "6.50",
    "nseUpperPriceBand" : "9.70"
  },
  "companyValuation" : {
    "marketCapital" : "20.29",
    "peRatio" : "-",
    "bookValue" : "116.42",
    "dividend" : "0.00",
    "marketLot" : "1",
    "industryPeRatio" : "3.73",
    "eps" : "-",
    "pcRatio" : "-",
    "bookPrice" : "0.07",
    "dividendYield" : "-",
    "faceValue" : "10.00",
    "deliverables" : "81.85"
  }
}