{
  "url" : "https://www.moneycontrol.com/india/stockpricequote/finance-general/aavasfinanciers/AF17",
  "companyName" : "AAVAS Financiers Ltd.",
  "breadCrumb" : "Moneycontrol / Market / Share/Stock Price / Finance - General",
  "bseNseNames" : "BSE: 541988 | NSE: AAVAS |",
  "seriesLink" : "EQ",
  "isinLink" : "INE216P01012",
  "sectorLink" : "Moneycontrol / Market / Share/Stock Price / Finance - General",
  "sectorTitle" : "FINANCE - GENERAL",
  "bseData" : {
    "bsePrice" : "1126.00",
    "bseVolume" : "728",
    "bsePrevClose" : "1145.25",
    "bseOpenPrice" : "",
    "bseTodaysLow" : "1106.00",
    "bseTodaysHigh" : "1182.30",
    "bse52WeekLow" : "845.75",
    "bse52WeekHigh" : "2078.30",
    "bseLowerPriceBand" : "1088.00",
    "bseUpperPriceBand" : "1202.50"
  },
  "nseData" : {
    "nsePrice" : "1135.20",
    "nseVolume" : "24,179",
    "nsePrevClose" : "",
    "nseOpenPrice" : "",
    "nseTodaysLow" : "1101.00",
    "nseTodaysHigh" : "1183.00",
    "nse52WeekLow" : "849.05",
    "nse52WeekHigh" : "2101.00",
    "nseLowerPriceBand" : "1085.25",
    "nseUpperPriceBand" : "1199.45"
  },
  "companyValuation" : {
    "marketCapital" : "8,819.13",
    "peRatio" : "36.51",
    "bookValue" : "234.56",
    "dividend" : "0.00",
    "marketLot" : "1",
    "industryPeRatio" : "16.05",
    "eps" : "31.09",
    "pcRatio" : "35.11",
    "bookPrice" : "4.80",
    "dividendYield" : "-",
    "faceValue" : "10.00",
    "deliverables" : "68.62"
  }
}