{
  "url" : "https://www.moneycontrol.com/india/stockpricequote/pharmaceuticals/abbottindia/AI51",
  "companyName" : "Abbott India Ltd.",
  "breadCrumb" : "Moneycontrol / Market / Share/Stock Price / Pharmaceuticals",
  "bseNseNames" : "BSE: 500488 | NSE: ABBOTINDIA |",
  "seriesLink" : "EQ",
  "isinLink" : "INE358A01014",
  "sectorLink" : "Moneycontrol / Market / Share/Stock Price / Pharmaceuticals",
  "sectorTitle" : "PHARMACEUTICALS",
  "bseData" : {
    "bsePrice" : "17497.05",
    "bseVolume" : "3,132",
    "bsePrevClose" : "16722.05",
    "bseOpenPrice" : "",
    "bseTodaysLow" : "16705.00",
    "bseTodaysHigh" : "18245.00",
    "bse52WeekLow" : "7150.00",
    "bse52WeekHigh" : "18245.00",
    "bseLowerPriceBand" : "13377.65",
    "bseUpperPriceBand" : "20066.45"
  },
  "nseData" : {
    "nsePrice" : "17481.10",
    "nseVolume" : "57,991",
    "nsePrevClose" : "",
    "nseOpenPrice" : "",
    "nseTodaysLow" : "16750.00",
    "nseTodaysHigh" : "18250.00",
    "nse52WeekLow" : "7160.00",
    "nse52WeekHigh" : "18250.00",
    "nseLowerPriceBand" : "13359.80",
    "nseUpperPriceBand" : "20039.60"
  },
  "companyValuation" : {
    "marketCapital" : "37,180.01",
    "peRatio" : "62.41",
    "bookValue" : "945.25",
    "dividend" : "650.00",
    "marketLot" : "1",
    "industryPeRatio" : "32.25",
    "eps" : "280.08",
    "pcRatio" : "60.69",
    "bookPrice" : "18.51",
    "dividendYield" : "0.37",
    "faceValue" : "10.00",
    "deliverables" : "34.00"
  }
}