{
  "url" : "https://www.moneycontrol.com/india/stockpricequote/finance-investments/adityabirlacapital/ABC9",
  "companyName" : "Aditya Birla Capital Ltd.",
  "breadCrumb" : "Moneycontrol / Market / Share/Stock Price / Finance - Investments",
  "bseNseNames" : "BSE: 540691 | NSE: ABCAPITAL |",
  "seriesLink" : "EQ",
  "isinLink" : "INE674K01013",
  "sectorLink" : "Moneycontrol / Market / Share/Stock Price / Finance - Investments",
  "sectorTitle" : "FINANCE - INVESTMENTS",
  "bseData" : {
    "bsePrice" : "45.60",
    "bseVolume" : "130,561",
    "bsePrevClose" : "45.05",
    "bseOpenPrice" : "",
    "bseTodaysLow" : "44.10",
    "bseTodaysHigh" : "47.90",
    "bse52WeekLow" : "37.45",
    "bse52WeekHigh" : "115.30",
    "bseLowerPriceBand" : "40.55",
    "bseUpperPriceBand" : "49.55"
  },
  "nseData" : {
    "nsePrice" : "45.60",
    "nseVolume" : "1,253,267",
    "nsePrevClose" : "",
    "nseOpenPrice" : "",
    "nseTodaysLow" : "44.25",
    "nseTodaysHigh" : "47.90",
    "nse52WeekLow" : "37.35",
    "nse52WeekHigh" : "115.35",
    "nseLowerPriceBand" : "40.60",
    "nseUpperPriceBand" : "49.60"
  },
  "companyValuation" : {
    "marketCapital" : "11,006.75",
    "peRatio" : "-",
    "bookValue" : "34.11",
    "dividend" : "0.00",
    "marketLot" : "1",
    "industryPeRatio" : "23.58",
    "eps" : "-",
    "pcRatio" : "-",
    "bookPrice" : "1.34",
    "dividendYield" : "-",
    "faceValue" : "10.00",
    "deliverables" : "57.27"
  }
}