{
  "url" : "https://www.moneycontrol.com/india/stockpricequote/retail/adityabirlafashionretail/PFR",
  "companyName" : "Aditya Birla Fashion & Retail Ltd.",
  "breadCrumb" : "Moneycontrol / Market / Share/Stock Price / Retail",
  "bseNseNames" : "BSE: 535755 | NSE: ABFRL |",
  "seriesLink" : "EQ",
  "isinLink" : "INE647O01011",
  "sectorLink" : "Moneycontrol / Market / Share/Stock Price / Retail",
  "sectorTitle" : "RETAIL",
  "bseData" : {
    "bsePrice" : "149.20",
    "bseVolume" : "18,245",
    "bsePrevClose" : "149.45",
    "bseOpenPrice" : "",
    "bseTodaysLow" : "146.90",
    "bseTodaysHigh" : "152.35",
    "bse52WeekLow" : "142.10",
    "bse52WeekHigh" : "285.30",
    "bseLowerPriceBand" : "119.60",
    "bseUpperPriceBand" : "179.30"
  },
  "nseData" : {
    "nsePrice" : "149.00",
    "nseVolume" : "416,099",
    "nsePrevClose" : "",
    "nseOpenPrice" : "",
    "nseTodaysLow" : "146.75",
    "nseTodaysHigh" : "152.80",
    "nse52WeekLow" : "142.00",
    "nse52WeekHigh" : "285.50",
    "nseLowerPriceBand" : "119.90",
    "nseUpperPriceBand" : "179.80"
  },
  "companyValuation" : {
    "marketCapital" : "11,547.30",
    "peRatio" : "58.43",
    "bookValue" : "18.47",
    "dividend" : "0.00",
    "marketLot" : "1",
    "industryPeRatio" : "44.40",
    "eps" : "2.55",
    "pcRatio" : "24.03",
    "bookPrice" : "8.08",
    "dividendYield" : "-",
    "faceValue" : "10.00",
    "deliverables" : "81.45"
  }
}