{
  "url" : "https://www.moneycontrol.com/india/stockpricequote/computers-software-mediumsmall/accelyakalesolutions/KAL",
  "companyName" : "Accelya Kale Solutions Ltd.",
  "breadCrumb" : "Moneycontrol / Market / Share/Stock Price / Computers - Software Medium & Small",
  "bseNseNames" : "BSE: 532268 | NSE: ACCELYA |",
  "seriesLink" : "EQ",
  "isinLink" : "INE793A01012",
  "sectorLink" : "Moneycontrol / Market / Share/Stock Price / Computers - Software Medium & Small",
  "sectorTitle" : "COMPUTERS - SOFTWARE MEDIUM & SMALL",
  "bseData" : {
    "bsePrice" : "882.65",
    "bseVolume" : "48",
    "bsePrevClose" : "876.20",
    "bseOpenPrice" : "",
    "bseTodaysLow" : "870.05",
    "bseTodaysHigh" : "890.10",
    "bse52WeekLow" : "699.30",
    "bse52WeekHigh" : "1247.00",
    "bseLowerPriceBand" : "701.00",
    "bseUpperPriceBand" : "1051.40"
  },
  "nseData" : {
    "nsePrice" : "880.45",
    "nseVolume" : "10,865",
    "nsePrevClose" : "",
    "nseOpenPrice" : "",
    "nseTodaysLow" : "862.00",
    "nseTodaysHigh" : "886.00",
    "nse52WeekLow" : "701.00",
    "nse52WeekHigh" : "1245.20",
    "nseLowerPriceBand" : "699.45",
    "nseUpperPriceBand" : "1049.15"
  },
  "companyValuation" : {
    "marketCapital" : "1,317.47",
    "peRatio" : "11.58",
    "bookValue" : "127.60",
    "dividend" : "320.00",
    "marketLot" : "1",
    "industryPeRatio" : "18.30",
    "eps" : "76.03",
    "pcRatio" : "10.1",
    "bookPrice" : "6.92",
    "dividendYield" : "3.63",
    "faceValue" : "10.00",
    "deliverables" : "48.03"
  }
}