{
  "url" : "https://www.moneycontrol.com/india/stockpricequote/miscellaneous/adanigaslimited/ADG01",
  "companyName" : "Adani Gas Ltd.",
  "breadCrumb" : "Moneycontrol / Market / Share/Stock Price / Miscellaneous",
  "bseNseNames" : "BSE: 542066 | NSE: ADANIGAS |",
  "seriesLink" : "EQ",
  "isinLink" : "INE399L01023",
  "sectorLink" : "Moneycontrol / Market / Share/Stock Price / Miscellaneous",
  "sectorTitle" : "MISCELLANEOUS",
  "bseData" : {
    "bsePrice" : "90.85",
    "bseVolume" : "158,288",
    "bsePrevClose" : "94.00",
    "bseOpenPrice" : "",
    "bseTodaysLow" : "90.45",
    "bseTodaysHigh" : "96.45",
    "bse52WeekLow" : "76.70",
    "bse52WeekHigh" : "194.55",
    "bseLowerPriceBand" : "84.60",
    "bseUpperPriceBand" : "103.40"
  },
  "nseData" : {
    "nsePrice" : "90.80",
    "nseVolume" : "1,888,606",
    "nsePrevClose" : "",
    "nseOpenPrice" : "",
    "nseTodaysLow" : "90.50",
    "nseTodaysHigh" : "96.35",
    "nse52WeekLow" : "76.60",
    "nse52WeekHigh" : "194.50",
    "nseLowerPriceBand" : "84.60",
    "nseUpperPriceBand" : "103.40"
  },
  "companyValuation" : {
    "marketCapital" : "9,991.77",
    "peRatio" : "25.65",
    "bookValue" : "10.11",
    "dividend" : "25.00",
    "marketLot" : "1",
    "industryPeRatio" : "14.64",
    "eps" : "3.54",
    "pcRatio" : "21.83",
    "bookPrice" : "8.99",
    "dividendYield" : "0.28",
    "faceValue" : "1.00",
    "deliverables" : "43.28"
  }
}