{
  "url" : "https://www.moneycontrol.com/india/stockpricequote/power-generationdistribution/adanigreenenergylimited/ADANI54145",
  "companyName" : "Adani Green Energy Ltd.",
  "breadCrumb" : "Moneycontrol / Market / Share/Stock Price / Power - Generation & Distribution",
  "bseNseNames" : "BSE: 541450 | NSE: ADANIGREEN |",
  "seriesLink" : "EQ",
  "isinLink" : "INE364U01010",
  "sectorLink" : "Moneycontrol / Market / Share/Stock Price / Power - Generation & Distribution",
  "sectorTitle" : "POWER - GENERATION & DISTRIBUTION",
  "bseData" : {
    "bsePrice" : "166.95",
    "bseVolume" : "63,275",
    "bsePrevClose" : "159.00",
    "bseOpenPrice" : "",
    "bseTodaysLow" : "163.10",
    "bseTodaysHigh" : "166.95",
    "bse52WeekLow" : "34.70",
    "bse52WeekHigh" : "243.25",
    "bseLowerPriceBand" : "151.05",
    "bseUpperPriceBand" : "166.95"
  },
  "nseData" : {
    "nsePrice" : "166.45",
    "nseVolume" : "702,014",
    "nsePrevClose" : "",
    "nseOpenPrice" : "",
    "nseTodaysLow" : "162.00",
    "nseTodaysHigh" : "166.85",
    "nse52WeekLow" : "35.60",
    "nse52WeekHigh" : "243.75",
    "nseLowerPriceBand" : "151.05",
    "nseUpperPriceBand" : "166.85"
  },
  "companyValuation" : {
    "marketCapital" : "26,111.22",
    "peRatio" : "332.9",
    "bookValue" : "9.01",
    "dividend" : "0.00",
    "marketLot" : "1",
    "industryPeRatio" : "7.28",
    "eps" : "0.5",
    "pcRatio" : "302.64",
    "bookPrice" : "18.53",
    "dividendYield" : "-",
    "faceValue" : "10.00",
    "deliverables" : "57.94"
  }
}