{
  "url" : "https://www.moneycontrol.com/india/stockpricequote/power-transmissionequipment/adanitransmission/AT22",
  "companyName" : "Adani Transmission Ltd.",
  "breadCrumb" : "Moneycontrol / Market / Share/Stock Price / Power - Transmission & Equipment",
  "bseNseNames" : "BSE: 539254 | NSE: ADANITRANS |",
  "seriesLink" : "EQ",
  "isinLink" : "INE931S01010",
  "sectorLink" : "Moneycontrol / Market / Share/Stock Price / Power - Transmission & Equipment",
  "sectorTitle" : "POWER - TRANSMISSION & EQUIPMENT",
  "bseData" : {
    "bsePrice" : "195.05",
    "bseVolume" : "11,645",
    "bsePrevClose" : "198.25",
    "bseOpenPrice" : "",
    "bseTodaysLow" : "189.00",
    "bseTodaysHigh" : "202.00",
    "bse52WeekLow" : "147.50",
    "bse52WeekHigh" : "365.80",
    "bseLowerPriceBand" : "188.35",
    "bseUpperPriceBand" : "208.15"
  },
  "nseData" : {
    "nsePrice" : "193.65",
    "nseVolume" : "306,320",
    "nsePrevClose" : "",
    "nseOpenPrice" : "",
    "nseTodaysLow" : "190.00",
    "nseTodaysHigh" : "202.00",
    "nse52WeekLow" : "147.50",
    "nse52WeekHigh" : "366.40",
    "nseLowerPriceBand" : "188.40",
    "nseUpperPriceBand" : "208.20"
  },
  "companyValuation" : {
    "marketCapital" : "21,451.80",
    "peRatio" : "-",
    "bookValue" : "15.91",
    "dividend" : "0.00",
    "marketLot" : "1",
    "industryPeRatio" : "10.40",
    "eps" : "-",
    "pcRatio" : "-",
    "bookPrice" : "12.26",
    "dividendYield" : "-",
    "faceValue" : "10.00",
    "deliverables" : "68.48"
  }
}