{
  "url" : "https://www.moneycontrol.com/india/stockpricequote/infrastructure-general/adaniportsspecialeconomiczone/MPS",
  "companyName" : "Adani Ports and Special Economic Zone Ltd.",
  "breadCrumb" : "Moneycontrol / Market / Share/Stock Price / Infrastructure - General",
  "bseNseNames" : "BSE: 532921 | NSE: ADANIPORTS |",
  "seriesLink" : "EQ",
  "isinLink" : "INE742F01042",
  "sectorLink" : "Moneycontrol / Market / Share/Stock Price / Infrastructure - General",
  "sectorTitle" : "INFRASTRUCTURE - GENERAL",
  "bseData" : {
    "bsePrice" : "250.00",
    "bseVolume" : "192,646",
    "bsePrevClose" : "247.90",
    "bseOpenPrice" : "",
    "bseTodaysLow" : "243.10",
    "bseTodaysHigh" : "255.80",
    "bse52WeekLow" : "203.40",
    "bse52WeekHigh" : "430.00",
    "bseLowerPriceBand" : "223.15",
    "bseUpperPriceBand" : "272.65"
  },
  "nseData" : {
    "nsePrice" : "250.85",
    "nseVolume" : "6,897,883",
    "nsePrevClose" : "",
    "nseOpenPrice" : "",
    "nseTodaysLow" : "242.75",
    "nseTodaysHigh" : "255.85",
    "nse52WeekLow" : "203.00",
    "nse52WeekHigh" : "430.60",
    "nseLowerPriceBand" : "223.30",
    "nseUpperPriceBand" : "272.90"
  },
  "companyValuation" : {
    "marketCapital" : "50,793.79",
    "peRatio" : "24.17",
    "bookValue" : "100.00",
    "dividend" : "10.00",
    "marketLot" : "1",
    "industryPeRatio" : "26.09",
    "eps" : "10.38",
    "pcRatio" : "19.74",
    "bookPrice" : "2.50",
    "dividendYield" : "0.08",
    "faceValue" : "2.00",
    "deliverables" : "53.76"
  }
}