{
  "url" : "https://www.moneycontrol.com/india/stockpricequote/trading/adanienterprises/AE13",
  "companyName" : "Adani Enterprises Ltd.",
  "breadCrumb" : "Moneycontrol / Market / Share/Stock Price / Trading",
  "bseNseNames" : "BSE: 512599 | NSE: ADANIENT |",
  "seriesLink" : "EQ",
  "isinLink" : "INE423A01024",
  "sectorLink" : "Moneycontrol / Market / Share/Stock Price / Trading",
  "sectorTitle" : "TRADING",
  "bseData" : {
    "bsePrice" : "136.80",
    "bseVolume" : "232,697",
    "bsePrevClose" : "137.90",
    "bseOpenPrice" : "",
    "bseTodaysLow" : "135.00",
    "bseTodaysHigh" : "147.00",
    "bse52WeekLow" : "113.00",
    "bse52WeekHigh" : "261.10",
    "bseLowerPriceBand" : "124.15",
    "bseUpperPriceBand" : "151.65"
  },
  "nseData" : {
    "nsePrice" : "138.10",
    "nseVolume" : "3,237,290",
    "nsePrevClose" : "",
    "nseOpenPrice" : "",
    "nseTodaysLow" : "134.90",
    "nseTodaysHigh" : "147.15",
    "nse52WeekLow" : "113.00",
    "nse52WeekHigh" : "261.00",
    "nseLowerPriceBand" : "124.35",
    "nseUpperPriceBand" : "151.95"
  },
  "companyValuation" : {
    "marketCapital" : "15,045.40",
    "peRatio" : "13.67",
    "bookValue" : "29.54",
    "dividend" : "40.00",
    "marketLot" : "1",
    "industryPeRatio" : "26.52",
    "eps" : "10.1",
    "pcRatio" : "12.53",
    "bookPrice" : "4.63",
    "dividendYield" : "0.29",
    "faceValue" : "1.00",
    "deliverables" : "16.60"
  }
}