{
  "url" : "https://www.moneycontrol.com/india/stockpricequote/power-generationdistribution/adanipower/AP11",
  "companyName" : "Adani Power Ltd.",
  "breadCrumb" : "Moneycontrol / Market / Share/Stock Price / Power - Generation & Distribution",
  "bseNseNames" : "BSE: 533096 | NSE: ADANIPOWER |",
  "seriesLink" : "EQ",
  "isinLink" : "INE814H01011",
  "sectorLink" : "Moneycontrol / Market / Share/Stock Price / Power - Generation & Distribution",
  "sectorTitle" : "POWER - GENERATION & DISTRIBUTION",
  "bseData" : {
    "bsePrice" : "28.80",
    "bseVolume" : "750,819",
    "bsePrevClose" : "28.80",
    "bseOpenPrice" : "",
    "bseTodaysLow" : "27.65",
    "bseTodaysHigh" : "31.10",
    "bse52WeekLow" : "24.30",
    "bse52WeekHigh" : "73.75",
    "bseLowerPriceBand" : "25.95",
    "bseUpperPriceBand" : "31.65"
  },
  "nseData" : {
    "nsePrice" : "28.95",
    "nseVolume" : "12,308,064",
    "nsePrevClose" : "",
    "nseOpenPrice" : "",
    "nseTodaysLow" : "27.50",
    "nseTodaysHigh" : "31.15",
    "nse52WeekLow" : "23.00",
    "nse52WeekHigh" : "73.80",
    "nseLowerPriceBand" : "25.95",
    "nseUpperPriceBand" : "31.65"
  },
  "companyValuation" : {
    "marketCapital" : "11,107.98",
    "peRatio" : "-",
    "bookValue" : "23.67",
    "dividend" : "0.00",
    "marketLot" : "1",
    "industryPeRatio" : "7.28",
    "eps" : "-",
    "pcRatio" : "-",
    "bookPrice" : "1.22",
    "dividendYield" : "-",
    "faceValue" : "10.00",
    "deliverables" : "27.47"
  }
}