{
  "url" : "https://www.moneycontrol.com/india/stockpricequote/food-processing/adffoodsindustries/AF30",
  "companyName" : "ADF Foods Industries Ltd.",
  "breadCrumb" : "Moneycontrol / Market / Share/Stock Price / Food Processing",
  "bseNseNames" : "BSE: 519183 | NSE: ADFFOODS |",
  "seriesLink" : "EQ",
  "isinLink" : "INE982B01019",
  "sectorLink" : "Moneycontrol / Market / Share/Stock Price / Food Processing",
  "sectorTitle" : "FOOD PROCESSING",
  "bseData" : {
    "bsePrice" : "191.15",
    "bseVolume" : "3,699",
    "bsePrevClose" : "182.05",
    "bseOpenPrice" : "",
    "bseTodaysLow" : "181.00",
    "bseTodaysHigh" : "191.15",
    "bse52WeekLow" : "123.35",
    "bse52WeekHigh" : "329.35",
    "bseLowerPriceBand" : "172.95",
    "bseUpperPriceBand" : "191.15"
  },
  "nseData" : {
    "nsePrice" : "187.70",
    "nseVolume" : "22,107",
    "nsePrevClose" : "",
    "nseOpenPrice" : "",
    "nseTodaysLow" : "184.00",
    "nseTodaysHigh" : "192.25",
    "nse52WeekLow" : "123.05",
    "nse52WeekHigh" : "330.00",
    "nseLowerPriceBand" : "173.95",
    "nseUpperPriceBand" : "192.25"
  },
  "companyValuation" : {
    "marketCapital" : "382.73",
    "peRatio" : "11.19",
    "bookValue" : "104.91",
    "dividend" : "0.00",
    "marketLot" : "1",
    "industryPeRatio" : "57.44",
    "eps" : "16.78",
    "pcRatio" : "9.91",
    "bookPrice" : "1.82",
    "dividendYield" : "-",
    "faceValue" : "10.00",
    "deliverables" : "62.20"
  }
}