{
  "url" : "https://www.moneycontrol.com/india/stockpricequote/steel-mediumsmall/adhunikindustries/AI67",
  "companyName" : "Adhunik Industries Ltd.",
  "breadCrumb" : "Moneycontrol / Market / Share/Stock Price / Steel - Medium & Small",
  "bseNseNames" : "BSE: 538365 | NSE: ADHUNIKIND |",
  "seriesLink" : "EQ",
  "isinLink" : "INE452L01012",
  "sectorLink" : "Moneycontrol / Market / Share/Stock Price / Steel - Medium & Small",
  "sectorTitle" : "STEEL - MEDIUM & SMALL",
  "bseData" : {
    "bsePrice" : "14.60",
    "bseVolume" : "3,900",
    "bsePrevClose" : "15.35",
    "bseOpenPrice" : "",
    "bseTodaysLow" : "14.60",
    "bseTodaysHigh" : "15.35",
    "bse52WeekLow" : "14.60",
    "bse52WeekHigh" : "125.75",
    "bseLowerPriceBand" : "14.60",
    "bseUpperPriceBand" : "16.10"
  },
  "nseData" : {
    "nsePrice" : "13.30",
    "nseVolume" : "5,518",
    "nsePrevClose" : "",
    "nseOpenPrice" : "",
    "nseTodaysLow" : "13.30",
    "nseTodaysHigh" : "13.30",
    "nse52WeekLow" : "11.70",
    "nse52WeekHigh" : "127.50",
    "nseLowerPriceBand" : "12.10",
    "nseUpperPriceBand" : "13.30"
  },
  "companyValuation" : {
    "marketCapital" : "68.28",
    "peRatio" : "18.73",
    "bookValue" : "24.30",
    "dividend" : "0.00",
    "marketLot" : "1",
    "industryPeRatio" : "3.73",
    "eps" : "0.71",
    "pcRatio" : "8.87",
    "bookPrice" : "0.60",
    "dividendYield" : "-",
    "faceValue" : "10.00",
    "deliverables" : "91.75"
  }
}