{
  "url" : "https://www.moneycontrol.com/india/stockpricequote/electrodesgraphite/adorwelding/AW01",
  "companyName" : "Ador Welding Ltd.",
  "breadCrumb" : "Moneycontrol / Market / Share/Stock Price / Electrodes & Graphite",
  "bseNseNames" : "BSE: 517041 | NSE: ADORWELD |",
  "seriesLink" : "EQ",
  "isinLink" : "INE045A01017",
  "sectorLink" : "Moneycontrol / Market / Share/Stock Price / Electrodes & Graphite",
  "sectorTitle" : "ELECTRODES & GRAPHITE",
  "bseData" : {
    "bsePrice" : "191.90",
    "bseVolume" : "19",
    "bsePrevClose" : "196.45",
    "bseOpenPrice" : "",
    "bseTodaysLow" : "191.90",
    "bseTodaysHigh" : "196.30",
    "bse52WeekLow" : "163.15",
    "bse52WeekHigh" : "383.00",
    "bseLowerPriceBand" : "176.85",
    "bseUpperPriceBand" : "216.05"
  },
  "nseData" : {
    "nsePrice" : "195.10",
    "nseVolume" : "1,438",
    "nsePrevClose" : "",
    "nseOpenPrice" : "",
    "nseTodaysLow" : "193.95",
    "nseTodaysHigh" : "201.90",
    "nse52WeekLow" : "158.50",
    "nse52WeekHigh" : "384.30",
    "nseLowerPriceBand" : "177.10",
    "nseUpperPriceBand" : "216.40"
  },
  "companyValuation" : {
    "marketCapital" : "260.95",
    "peRatio" : "9.17",
    "bookValue" : "193.70",
    "dividend" : "65.00",
    "marketLot" : "1",
    "industryPeRatio" : "20.65",
    "eps" : "21.27",
    "pcRatio" : "6.89",
    "bookPrice" : "0.99",
    "dividendYield" : "3.39",
    "faceValue" : "10.00",
    "deliverables" : "40.60"
  }
}