{
  "url" : "https://www.moneycontrol.com/india/stockpricequote/computers-software/adroitinfotechlimited/CC22",
  "companyName" : "Adroit Infotech Ltd.",
  "breadCrumb" : "Moneycontrol / Market / Share/Stock Price / Computers - Software",
  "bseNseNames" : "BSE: 532172 | NSE: ADROITINFO |",
  "seriesLink" : "EQ",
  "isinLink" : "INE737B01033",
  "sectorLink" : "Moneycontrol / Market / Share/Stock Price / Computers - Software",
  "sectorTitle" : "COMPUTERS - SOFTWARE",
  "bseData" : {
    "bsePrice" : "5.46",
    "bseVolume" : "1,573",
    "bsePrevClose" : "5.21",
    "bseOpenPrice" : "",
    "bseTodaysLow" : "5.00",
    "bseTodaysHigh" : "5.47",
    "bse52WeekLow" : "4.39",
    "bse52WeekHigh" : "22.05",
    "bseLowerPriceBand" : "4.95",
    "bseUpperPriceBand" : "5.47"
  },
  "nseData" : {
    "nsePrice" : "5.70",
    "nseVolume" : "691",
    "nsePrevClose" : "",
    "nseOpenPrice" : "",
    "nseTodaysLow" : "5.45",
    "nseTodaysHigh" : "5.70",
    "nse52WeekLow" : "4.75",
    "nse52WeekHigh" : "17.70",
    "nseLowerPriceBand" : "5.45",
    "nseUpperPriceBand" : "5.95"
  },
  "companyValuation" : {
    "marketCapital" : "9.97",
    "peRatio" : "-",
    "bookValue" : "11.29",
    "dividend" : "0.00",
    "marketLot" : "1",
    "industryPeRatio" : "18.30",
    "eps" : "-",
    "pcRatio" : "-",
    "bookPrice" : "0.48",
    "dividendYield" : "-",
    "faceValue" : "10.00",
    "deliverables" : "99.89"
  }
}