{
  "url" : "https://www.moneycontrol.com/india/stockpricequote/computers-software-mediumsmall/allieddigitalservices/ADS01",
  "companyName" : "Allied Digital Services Ltd.",
  "breadCrumb" : "Moneycontrol / Market / Share/Stock Price / Computers - Software Medium & Small",
  "bseNseNames" : "BSE: 532875 | NSE: ADSL |",
  "seriesLink" : "EQ",
  "isinLink" : "INE102I01027",
  "sectorLink" : "Moneycontrol / Market / Share/Stock Price / Computers - Software Medium & Small",
  "sectorTitle" : "COMPUTERS - SOFTWARE MEDIUM & SMALL",
  "bseData" : {
    "bsePrice" : "12.45",
    "bseVolume" : "3,145",
    "bsePrevClose" : "12.90",
    "bseOpenPrice" : "",
    "bseTodaysLow" : "12.40",
    "bseTodaysHigh" : "12.99",
    "bse52WeekLow" : "10.30",
    "bse52WeekHigh" : "26.30",
    "bseLowerPriceBand" : "12.26",
    "bseUpperPriceBand" : "13.54"
  },
  "nseData" : {
    "nsePrice" : "12.50",
    "nseVolume" : "16,203",
    "nsePrevClose" : "",
    "nseOpenPrice" : "",
    "nseTodaysLow" : "12.40",
    "nseTodaysHigh" : "13.20",
    "nse52WeekLow" : "10.30",
    "nse52WeekHigh" : "26.25",
    "nseLowerPriceBand" : "12.10",
    "nseUpperPriceBand" : "13.30"
  },
  "companyValuation" : {
    "marketCapital" : "62.51",
    "peRatio" : "4.96",
    "bookValue" : "92.24",
    "dividend" : "0.00",
    "marketLot" : "1",
    "industryPeRatio" : "18.30",
    "eps" : "2.52",
    "pcRatio" : "2.37",
    "bookPrice" : "0.13",
    "dividendYield" : "-",
    "faceValue" : "5.00",
    "deliverables" : "75.44"
  }
}