{
  "url" : "https://www.moneycontrol.com/india/stockpricequote/hotels/advanihotelsresortsindia/AHR",
  "companyName" : "Advani Hotels and Resorts (India) Ltd.",
  "breadCrumb" : "Moneycontrol / Market / Share/Stock Price / Hotels",
  "bseNseNames" : "BSE: 523269 | NSE: ADVANIHOTR |",
  "seriesLink" : "EQ",
  "isinLink" : "INE199C01026",
  "sectorLink" : "Moneycontrol / Market / Share/Stock Price / Hotels",
  "sectorTitle" : "HOTELS",
  "bseData" : {
    "bsePrice" : "32.30",
    "bseVolume" : "267",
    "bsePrevClose" : "30.90",
    "bseOpenPrice" : "",
    "bseTodaysLow" : "31.95",
    "bseTodaysHigh" : "33.95",
    "bse52WeekLow" : "24.90",
    "bse52WeekHigh" : "71.95",
    "bseLowerPriceBand" : "27.85",
    "bseUpperPriceBand" : "33.95"
  },
  "nseData" : {
    "nsePrice" : "31.80",
    "nseVolume" : "5,340",
    "nsePrevClose" : "",
    "nseOpenPrice" : "",
    "nseTodaysLow" : "30.10",
    "nseTodaysHigh" : "33.00",
    "nse52WeekLow" : "24.50",
    "nse52WeekHigh" : "71.00",
    "nseLowerPriceBand" : "27.60",
    "nseUpperPriceBand" : "33.70"
  },
  "companyValuation" : {
    "marketCapital" : "149.29",
    "peRatio" : "10.89",
    "bookValue" : "11.79",
    "dividend" : "100.00",
    "marketLot" : "1",
    "industryPeRatio" : "22.64",
    "eps" : "2.92",
    "pcRatio" : "8.57",
    "bookPrice" : "2.74",
    "dividendYield" : "6.19",
    "faceValue" : "2.00",
    "deliverables" : "78.98"
  }
}