{
  "url" : "https://www.moneycontrol.com/india/stockpricequote/transportlogistics/aegislogistics/AL9",
  "companyName" : "Aegis Logistics Ltd.",
  "breadCrumb" : "Moneycontrol / Market / Share/Stock Price / Transport & Logistics",
  "bseNseNames" : "BSE: 500003 | NSE: AEGISCHEM |",
  "seriesLink" : "EQ",
  "isinLink" : "INE208C01025",
  "sectorLink" : "Moneycontrol / Market / Share/Stock Price / Transport & Logistics",
  "sectorTitle" : "TRANSPORT & LOGISTICS",
  "bseData" : {
    "bsePrice" : "156.30",
    "bseVolume" : "16,123",
    "bsePrevClose" : "143.90",
    "bseOpenPrice" : "",
    "bseTodaysLow" : "148.00",
    "bseTodaysHigh" : "158.25",
    "bse52WeekLow" : "108.10",
    "bse52WeekHigh" : "266.95",
    "bseLowerPriceBand" : "129.55",
    "bseUpperPriceBand" : "158.25"
  },
  "nseData" : {
    "nsePrice" : "156.35",
    "nseVolume" : "175,470",
    "nsePrevClose" : "",
    "nseOpenPrice" : "",
    "nseTodaysLow" : "147.10",
    "nseTodaysHigh" : "158.50",
    "nse52WeekLow" : "107.25",
    "nse52WeekHigh" : "267.05",
    "nseLowerPriceBand" : "129.70",
    "nseUpperPriceBand" : "158.50"
  },
  "companyValuation" : {
    "marketCapital" : "5,308.99",
    "peRatio" : "2233.57",
    "bookValue" : "23.87",
    "dividend" : "140.00",
    "marketLot" : "1",
    "industryPeRatio" : "17.39",
    "eps" : "0.07",
    "pcRatio" : "193.02",
    "bookPrice" : "6.55",
    "dividendYield" : "0.90",
    "faceValue" : "1.00",
    "deliverables" : "84.49"
  }
}