{
  "url" : "https://www.moneycontrol.com/india/stockpricequote/mediaentertainment/affleindia/AI82",
  "companyName" : "Affle India Ltd.",
  "breadCrumb" : "Moneycontrol / Market / Share/Stock Price / Media & Entertainment",
  "bseNseNames" : "BSE: 542752 | NSE: AFFLE |",
  "seriesLink" : "BE",
  "isinLink" : "INE00WC01019",
  "sectorLink" : "Moneycontrol / Market / Share/Stock Price / Media & Entertainment",
  "sectorTitle" : "MEDIA & ENTERTAINMENT",
  "bseData" : {
    "bsePrice" : "1076.85",
    "bseVolume" : "3,577",
    "bsePrevClose" : "1025.60",
    "bseOpenPrice" : "",
    "bseTodaysLow" : "1028.00",
    "bseTodaysHigh" : "1076.85",
    "bse52WeekLow" : "745.00",
    "bse52WeekHigh" : "2296.00",
    "bseLowerPriceBand" : "974.35",
    "bseUpperPriceBand" : "1076.85"
  },
  "nseData" : {
    "nsePrice" : "1053.45",
    "nseVolume" : "8,191",
    "nsePrevClose" : "",
    "nseOpenPrice" : "",
    "nseTodaysLow" : "1030.00",
    "nseTodaysHigh" : "1053.45",
    "nse52WeekLow" : "745.00",
    "nse52WeekHigh" : "2296.85",
    "nseLowerPriceBand" : "953.15",
    "nseUpperPriceBand" : "1053.45"
  },
  "companyValuation" : {
    "marketCapital" : "2,745.58",
    "peRatio" : "88.53",
    "bookValue" : "18.62",
    "dividend" : "0",
    "marketLot" : "1",
    "industryPeRatio" : "10.82",
    "eps" : "11.9",
    "pcRatio" : "77.23",
    "bookPrice" : "57.83",
    "dividendYield" : "-",
    "faceValue" : "10.00",
    "deliverables" : "30.84"
  }
}