{
  "url" : "https://www.moneycontrol.com/india/stockpricequote/computers-software/agcnetworks/AGC",
  "companyName" : "AGC Networks Ltd.",
  "breadCrumb" : "Moneycontrol / Market / Share/Stock Price / Computers - Software",
  "bseNseNames" : "BSE: 500463 | NSE: AGCNET |",
  "seriesLink" : "BE",
  "isinLink" : "INE676A01019",
  "sectorLink" : "Moneycontrol / Market / Share/Stock Price / Computers - Software",
  "sectorTitle" : "COMPUTERS - SOFTWARE",
  "bseData" : {
    "bsePrice" : "226.80",
    "bseVolume" : "105",
    "bsePrevClose" : "216.00",
    "bseOpenPrice" : "",
    "bseTodaysLow" : "205.20",
    "bseTodaysHigh" : "226.80",
    "bse52WeekLow" : "75.05",
    "bse52WeekHigh" : "456.85",
    "bseLowerPriceBand" : "205.20",
    "bseUpperPriceBand" : "226.80"
  },
  "nseData" : {
    "nsePrice" : "234.70",
    "nseVolume" : "2,524",
    "nsePrevClose" : "",
    "nseOpenPrice" : "",
    "nseTodaysLow" : "213.25",
    "nseTodaysHigh" : "235.55",
    "nse52WeekLow" : "71.95",
    "nse52WeekHigh" : "456.50",
    "nseLowerPriceBand" : "213.15",
    "nseUpperPriceBand" : "235.55"
  },
  "companyValuation" : {
    "marketCapital" : "674.61",
    "peRatio" : "-",
    "bookValue" : "31.20",
    "dividend" : "0.00",
    "marketLot" : "1",
    "industryPeRatio" : "18.30",
    "eps" : "-",
    "pcRatio" : "-",
    "bookPrice" : "7.27",
    "dividendYield" : "-",
    "faceValue" : "10.00",
    "deliverables" : "73.89"
  }
}