{
  "url" : "https://www.moneycontrol.com/india/stockpricequote/constructioncontracting-civil/ahluwaliacontractsindia/ACI12",
  "companyName" : "Ahluwalia Contracts India Ltd.",
  "breadCrumb" : "Moneycontrol / Market / Share/Stock Price / Construction & Contracting - Civil",
  "bseNseNames" : "BSE: 532811 | NSE: AHLUCONT |",
  "seriesLink" : "EQ",
  "isinLink" : "INE758C01029",
  "sectorLink" : "Moneycontrol / Market / Share/Stock Price / Construction & Contracting - Civil",
  "sectorTitle" : "CONSTRUCTION & CONTRACTING - CIVIL",
  "bseData" : {
    "bsePrice" : "148.30",
    "bseVolume" : "1,396",
    "bsePrevClose" : "143.80",
    "bseOpenPrice" : "",
    "bseTodaysLow" : "136.05",
    "bseTodaysHigh" : "148.30",
    "bse52WeekLow" : "136.05",
    "bse52WeekHigh" : "385.00",
    "bseLowerPriceBand" : "129.45",
    "bseUpperPriceBand" : "158.15"
  },
  "nseData" : {
    "nsePrice" : "146.30",
    "nseVolume" : "153,910",
    "nsePrevClose" : "",
    "nseOpenPrice" : "",
    "nseTodaysLow" : "136.00",
    "nseTodaysHigh" : "148.00",
    "nse52WeekLow" : "136.00",
    "nse52WeekHigh" : "379.95",
    "nseLowerPriceBand" : "129.70",
    "nseUpperPriceBand" : "158.50"
  },
  "companyValuation" : {
    "marketCapital" : "993.43",
    "peRatio" : "11.96",
    "bookValue" : "109.79",
    "dividend" : "15.00",
    "marketLot" : "1",
    "industryPeRatio" : "13.75",
    "eps" : "12.23",
    "pcRatio" : "8.95",
    "bookPrice" : "1.35",
    "dividendYield" : "0.20",
    "faceValue" : "2.00",
    "deliverables" : "80.84"
  }
}