{
  "url" : "https://www.moneycontrol.com/india/stockpricequote/hotels/asianhotelswest/AHW",
  "companyName" : "Asian Hotels (West) Ltd.",
  "breadCrumb" : "Moneycontrol / Market / Share/Stock Price / Hotels",
  "bseNseNames" : "BSE: 533221 | NSE: AHLWEST |",
  "seriesLink" : "EQ",
  "isinLink" : "INE915K01010",
  "sectorLink" : "Moneycontrol / Market / Share/Stock Price / Hotels",
  "sectorTitle" : "HOTELS",
  "bseData" : {
    "bsePrice" : "260.50",
    "bseVolume" : "3",
    "bsePrevClose" : "285.00",
    "bseOpenPrice" : "",
    "bseTodaysLow" : "260.50",
    "bseTodaysHigh" : "270.00",
    "bse52WeekLow" : "190.00",
    "bse52WeekHigh" : "400.00",
    "bseLowerPriceBand" : "228.00",
    "bseUpperPriceBand" : "342.00"
  },
  "nseData" : {
    "nsePrice" : "275.00",
    "nseVolume" : "238",
    "nsePrevClose" : "",
    "nseOpenPrice" : "",
    "nseTodaysLow" : "270.95",
    "nseTodaysHigh" : "289.90",
    "nse52WeekLow" : "224.25",
    "nse52WeekHigh" : "401.55",
    "nseLowerPriceBand" : "221.60",
    "nseUpperPriceBand" : "332.40"
  },
  "companyValuation" : {
    "marketCapital" : "303.51",
    "peRatio" : "41.04",
    "bookValue" : "281.25",
    "dividend" : "10.00",
    "marketLot" : "1",
    "industryPeRatio" : "22.64",
    "eps" : "6.7",
    "pcRatio" : "20.99",
    "bookPrice" : "0.93",
    "dividendYield" : "0.38",
    "faceValue" : "10.00",
    "deliverables" : "5.40"
  }
}