{
  "url" : "https://www.moneycontrol.com/india/stockpricequote/castingsforgings/aiaengineering/AIE01",
  "companyName" : "AIA Engineering Ltd.",
  "breadCrumb" : "Moneycontrol / Market / Share/Stock Price / Castings & Forgings",
  "bseNseNames" : "BSE: 532683 | NSE: AIAENG |",
  "seriesLink" : "EQ",
  "isinLink" : "INE212H01026",
  "sectorLink" : "Moneycontrol / Market / Share/Stock Price / Castings & Forgings",
  "sectorTitle" : "CASTINGS & FORGINGS",
  "bseData" : {
    "bsePrice" : "1255.60",
    "bseVolume" : "694",
    "bsePrevClose" : "1251.15",
    "bseOpenPrice" : "",
    "bseTodaysLow" : "1230.00",
    "bseTodaysHigh" : "1279.25",
    "bse52WeekLow" : "1111.00",
    "bse52WeekHigh" : "1985.05",
    "bseLowerPriceBand" : "1000.95",
    "bseUpperPriceBand" : "1501.35"
  },
  "nseData" : {
    "nsePrice" : "1255.85",
    "nseVolume" : "73,842",
    "nsePrevClose" : "",
    "nseOpenPrice" : "",
    "nseTodaysLow" : "1229.00",
    "nseTodaysHigh" : "1291.00",
    "nse52WeekLow" : "1102.20",
    "nse52WeekHigh" : "1989.95",
    "nseLowerPriceBand" : "999.95",
    "nseUpperPriceBand" : "1499.85"
  },
  "companyValuation" : {
    "marketCapital" : "11,842.87",
    "peRatio" : "21.91",
    "bookValue" : "336.73",
    "dividend" : "450.00",
    "marketLot" : "1",
    "industryPeRatio" : "21.24",
    "eps" : "57.33",
    "pcRatio" : "19.15",
    "bookPrice" : "3.73",
    "dividendYield" : "0.72",
    "faceValue" : "2.00",
    "deliverables" : "53.76"
  }
}