{
  "url" : "https://www.moneycontrol.com/india/stockpricequote/steel-sponge-iron/monnetispat/MI16",
  "companyName" : "Monnet Ispat Ltd.",
  "breadCrumb" : "Moneycontrol / Market / Share/Stock Price / Steel - Sponge Iron",
  "bseNseNames" : "BSE: 513446 | NSE: AIONJSW |",
  "seriesLink" : "EQ",
  "isinLink" : "INE743C01021",
  "sectorLink" : "Moneycontrol / Market / Share/Stock Price / Steel - Sponge Iron",
  "sectorTitle" : "STEEL - SPONGE IRON",
  "bseData" : {
    "bsePrice" : "11.09",
    "bseVolume" : "35,410",
    "bsePrevClose" : "10.74",
    "bseOpenPrice" : "",
    "bseTodaysLow" : "10.61",
    "bseTodaysHigh" : "11.27",
    "bse52WeekLow" : "8.00",
    "bse52WeekHigh" : "30.10",
    "bseLowerPriceBand" : "10.21",
    "bseUpperPriceBand" : "11.27"
  },
  "nseData" : {
    "nsePrice" : "11.10",
    "nseVolume" : "90,347",
    "nsePrevClose" : "",
    "nseOpenPrice" : "",
    "nseTodaysLow" : "10.20",
    "nseTodaysHigh" : "11.10",
    "nse52WeekLow" : "8.00",
    "nse52WeekHigh" : "29.40",
    "nseLowerPriceBand" : "10.10",
    "nseUpperPriceBand" : "11.10"
  },
  "companyValuation" : {
    "marketCapital" : "520.73",
    "peRatio" : "-",
    "bookValue" : "30.92",
    "dividend" : "0.00",
    "marketLot" : "1",
    "industryPeRatio" : "3.29",
    "eps" : "-",
    "pcRatio" : "-",
    "bookPrice" : "0.36",
    "dividendYield" : "-",
    "faceValue" : "10.00",
    "deliverables" : "86.33"
  }
}