{
  "url" : "https://www.moneycontrol.com/india/stockpricequote/pharmaceuticals/ajantapharma/AP22",
  "companyName" : "Ajanta Pharma Ltd.",
  "breadCrumb" : "Moneycontrol / Market / Share/Stock Price / Pharmaceuticals",
  "bseNseNames" : "BSE: 532331 | NSE: AJANTPHARM |",
  "seriesLink" : "EQ",
  "isinLink" : "INE031B01049",
  "sectorLink" : "Moneycontrol / Market / Share/Stock Price / Pharmaceuticals",
  "sectorTitle" : "PHARMACEUTICALS",
  "bseData" : {
    "bsePrice" : "1375.00",
    "bseVolume" : "5,983",
    "bsePrevClose" : "1339.85",
    "bseOpenPrice" : "",
    "bseTodaysLow" : "1273.50",
    "bseTodaysHigh" : "1445.00",
    "bse52WeekLow" : "840.00",
    "bse52WeekHigh" : "1543.70",
    "bseLowerPriceBand" : "1071.90",
    "bseUpperPriceBand" : "1607.80"
  },
  "nseData" : {
    "nsePrice" : "1367.50",
    "nseVolume" : "166,582",
    "nsePrevClose" : "",
    "nseOpenPrice" : "",
    "nseTodaysLow" : "1325.00",
    "nseTodaysHigh" : "1450.00",
    "nse52WeekLow" : "825.00",
    "nse52WeekHigh" : "1545.00",
    "nseLowerPriceBand" : "1072.20",
    "nseUpperPriceBand" : "1608.20"
  },
  "companyValuation" : {
    "marketCapital" : "11,998.42",
    "peRatio" : "30.29",
    "bookValue" : "245.34",
    "dividend" : "450.00",
    "marketLot" : "1",
    "industryPeRatio" : "32.25",
    "eps" : "45.15",
    "pcRatio" : "25.72",
    "bookPrice" : "5.60",
    "dividendYield" : "0.65",
    "faceValue" : "2.00",
    "deliverables" : "59.63"
  }
}