{
  "url" : "https://www.moneycontrol.com/india/stockpricequote/constructioncontracting-real-estate/ajmerarealtyinfraindia/ARI03",
  "companyName" : "Ajmera Realty and Infra India Ltd.",
  "breadCrumb" : "Moneycontrol / Market / Share/Stock Price / Construction & Contracting - Real Estate",
  "bseNseNames" : "BSE: 513349 | NSE: AJMERA |",
  "seriesLink" : "EQ",
  "isinLink" : "INE298G01027",
  "sectorLink" : "Moneycontrol / Market / Share/Stock Price / Construction & Contracting - Real Estate",
  "sectorTitle" : "CONSTRUCTION & CONTRACTING - REAL ESTATE",
  "bseData" : {
    "bsePrice" : "66.40",
    "bseVolume" : "6,706",
    "bsePrevClose" : "65.60",
    "bseOpenPrice" : "",
    "bseTodaysLow" : "66.00",
    "bseTodaysHigh" : "70.15",
    "bse52WeekLow" : "53.00",
    "bse52WeekHigh" : "193.90",
    "bseLowerPriceBand" : "52.50",
    "bseUpperPriceBand" : "78.70"
  },
  "nseData" : {
    "nsePrice" : "68.40",
    "nseVolume" : "31,766",
    "nsePrevClose" : "",
    "nseOpenPrice" : "",
    "nseTodaysLow" : "64.60",
    "nseTodaysHigh" : "70.50",
    "nse52WeekLow" : "52.50",
    "nse52WeekHigh" : "197.30",
    "nseLowerPriceBand" : "51.75",
    "nseUpperPriceBand" : "77.55"
  },
  "companyValuation" : {
    "marketCapital" : "235.62",
    "peRatio" : "5.1",
    "bookValue" : "157.32",
    "dividend" : "33.00",
    "marketLot" : "1",
    "industryPeRatio" : "13.75",
    "eps" : "13.42",
    "pcRatio" : "4.9",
    "bookPrice" : "0.42",
    "dividendYield" : "4.97",
    "faceValue" : "10.00",
    "deliverables" : "61.20"
  }
}