{
  "url" : "https://www.moneycontrol.com/india/stockpricequote/cables-telephone/akshoptifibre/AO03",
  "companyName" : "Aksh Optifibre Ltd.",
  "breadCrumb" : "Moneycontrol / Market / Share/Stock Price / Cables - Telephone",
  "bseNseNames" : "BSE: 532351 | NSE: AKSHOPTFBR |",
  "seriesLink" : "EQ",
  "isinLink" : "INE523B01011",
  "sectorLink" : "Moneycontrol / Market / Share/Stock Price / Cables - Telephone",
  "sectorTitle" : "CABLES - TELEPHONE",
  "bseData" : {
    "bsePrice" : "3.72",
    "bseVolume" : "51,565",
    "bsePrevClose" : "3.55",
    "bseOpenPrice" : "",
    "bseTodaysLow" : "3.65",
    "bseTodaysHigh" : "3.72",
    "bse52WeekLow" : "2.68",
    "bse52WeekHigh" : "20.00",
    "bseLowerPriceBand" : "3.38",
    "bseUpperPriceBand" : "3.72"
  },
  "nseData" : {
    "nsePrice" : "3.60",
    "nseVolume" : "27,750",
    "nsePrevClose" : "",
    "nseOpenPrice" : "",
    "nseTodaysLow" : "3.60",
    "nseTodaysHigh" : "3.60",
    "nse52WeekLow" : "2.70",
    "nse52WeekHigh" : "19.80",
    "nseLowerPriceBand" : "3.30",
    "nseUpperPriceBand" : "3.60"
  },
  "companyValuation" : {
    "marketCapital" : "60.52",
    "peRatio" : "-",
    "bookValue" : "31.59",
    "dividend" : "0.00",
    "marketLot" : "1",
    "industryPeRatio" : "6.55",
    "eps" : "-",
    "pcRatio" : "15",
    "bookPrice" : "0.12",
    "dividendYield" : "-",
    "faceValue" : "5.00",
    "deliverables" : "100.00"
  }
}