{
  "url" : "https://www.moneycontrol.com/india/stockpricequote/dyespigments/aksharchemindia/AI29",
  "companyName" : "AksharChem (India) Ltd.",
  "breadCrumb" : "Moneycontrol / Market / Share/Stock Price / Dyes & Pigments",
  "bseNseNames" : "BSE: 524598 | NSE: AKSHARCHEM |",
  "seriesLink" : "EQ",
  "isinLink" : "INE542B01011",
  "sectorLink" : "Moneycontrol / Market / Share/Stock Price / Dyes & Pigments",
  "sectorTitle" : "DYES & PIGMENTS",
  "bseData" : {
    "bsePrice" : "168.00",
    "bseVolume" : "624",
    "bsePrevClose" : "164.75",
    "bseOpenPrice" : "",
    "bseTodaysLow" : "166.00",
    "bseTodaysHigh" : "179.95",
    "bse52WeekLow" : "140.00",
    "bse52WeekHigh" : "365.00",
    "bseLowerPriceBand" : "148.30",
    "bseUpperPriceBand" : "181.20"
  },
  "nseData" : {
    "nsePrice" : "169.70",
    "nseVolume" : "3,130",
    "nsePrevClose" : "",
    "nseOpenPrice" : "",
    "nseTodaysLow" : "165.30",
    "nseTodaysHigh" : "177.60",
    "nse52WeekLow" : "134.00",
    "nse52WeekHigh" : "365.70",
    "nseLowerPriceBand" : "148.75",
    "nseUpperPriceBand" : "181.75"
  },
  "companyValuation" : {
    "marketCapital" : "137.80",
    "peRatio" : "10.26",
    "bookValue" : "313.56",
    "dividend" : "35.00",
    "marketLot" : "1",
    "industryPeRatio" : "15.22",
    "eps" : "16.54",
    "pcRatio" : "7.3",
    "bookPrice" : "0.54",
    "dividendYield" : "2.08",
    "faceValue" : "10.00",
    "deliverables" : "59.20"
  }
}