{
  "url" : "https://www.moneycontrol.com/india/stockpricequote/paintsvarnishes/akzonobelindia/ICI",
  "companyName" : "Akzo Nobel India Ltd.",
  "breadCrumb" : "Moneycontrol / Market / Share/Stock Price / Paints & Varnishes",
  "bseNseNames" : "BSE: 500710 | NSE: AKZOINDIA |",
  "seriesLink" : "EQ",
  "isinLink" : "INE133A01011",
  "sectorLink" : "Moneycontrol / Market / Share/Stock Price / Paints & Varnishes",
  "sectorTitle" : "PAINTS & VARNISHES",
  "bseData" : {
    "bsePrice" : "2040.00",
    "bseVolume" : "1,258",
    "bsePrevClose" : "2080.40",
    "bseOpenPrice" : "",
    "bseTodaysLow" : "2040.00",
    "bseTodaysHigh" : "2125.55",
    "bse52WeekLow" : "1600.00",
    "bse52WeekHigh" : "2515.00",
    "bseLowerPriceBand" : "1664.35",
    "bseUpperPriceBand" : "2496.45"
  },
  "nseData" : {
    "nsePrice" : "2047.90",
    "nseVolume" : "12,835",
    "nsePrevClose" : "",
    "nseOpenPrice" : "",
    "nseTodaysLow" : "2030.00",
    "nseTodaysHigh" : "2133.00",
    "nse52WeekLow" : "1600.00",
    "nse52WeekHigh" : "2500.00",
    "nseLowerPriceBand" : "1669.40",
    "nseUpperPriceBand" : "2504.10"
  },
  "companyValuation" : {
    "marketCapital" : "9,290.22",
    "peRatio" : "36.76",
    "bookValue" : "249.08",
    "dividend" : "240.00",
    "marketLot" : "1",
    "industryPeRatio" : "71.07",
    "eps" : "55.71",
    "pcRatio" : "29.24",
    "bookPrice" : "8.19",
    "dividendYield" : "1.18",
    "faceValue" : "10.00",
    "deliverables" : "68.28"
  }
}