{
  "url" : "https://www.moneycontrol.com/india/stockpricequote/miscellaneous/alankit/EGJ",
  "companyName" : "Alankit Ltd.",
  "breadCrumb" : "Moneycontrol / Market / Share/Stock Price / Miscellaneous",
  "bseNseNames" : "BSE: 531082 | NSE: ALANKIT |",
  "seriesLink" : "EQ",
  "isinLink" : "INE914E01040",
  "sectorLink" : "Moneycontrol / Market / Share/Stock Price / Miscellaneous",
  "sectorTitle" : "MISCELLANEOUS",
  "bseData" : {
    "bsePrice" : "12.87",
    "bseVolume" : "567",
    "bsePrevClose" : "12.26",
    "bseOpenPrice" : "",
    "bseTodaysLow" : "12.87",
    "bseTodaysHigh" : "12.87",
    "bse52WeekLow" : "8.25",
    "bse52WeekHigh" : "40.50",
    "bseLowerPriceBand" : "11.65",
    "bseUpperPriceBand" : "12.87"
  },
  "nseData" : {
    "nsePrice" : "12.90",
    "nseVolume" : "14,247",
    "nsePrevClose" : "",
    "nseOpenPrice" : "",
    "nseTodaysLow" : "12.90",
    "nseTodaysHigh" : "12.90",
    "nse52WeekLow" : "8.25",
    "nse52WeekHigh" : "40.70",
    "nseLowerPriceBand" : "11.70",
    "nseUpperPriceBand" : "12.90"
  },
  "companyValuation" : {
    "marketCapital" : "183.99",
    "peRatio" : "12.29",
    "bookValue" : "5.06",
    "dividend" : "20.00",
    "marketLot" : "1",
    "industryPeRatio" : "23.58",
    "eps" : "1.05",
    "pcRatio" : "9.85",
    "bookPrice" : "2.54",
    "dividendYield" : "1.55",
    "faceValue" : "1.00",
    "deliverables" : "86.45"
  }
}