{
  "url" : "https://www.moneycontrol.com/india/stockpricequote/pharmaceuticals/albertdavid/AD01",
  "companyName" : "Albert David Ltd.",
  "breadCrumb" : "Moneycontrol / Market / Share/Stock Price / Pharmaceuticals",
  "bseNseNames" : "BSE: 524075 | NSE: ALBERTDAVD |",
  "seriesLink" : "EQ",
  "isinLink" : "INE155C01010",
  "sectorLink" : "Moneycontrol / Market / Share/Stock Price / Pharmaceuticals",
  "sectorTitle" : "PHARMACEUTICALS",
  "bseData" : {
    "bsePrice" : "354.75",
    "bseVolume" : "3,163",
    "bsePrevClose" : "342.90",
    "bseOpenPrice" : "",
    "bseTodaysLow" : "342.00",
    "bseTodaysHigh" : "360.65",
    "bse52WeekLow" : "255.00",
    "bse52WeekHigh" : "568.35",
    "bseLowerPriceBand" : "274.35",
    "bseUpperPriceBand" : "411.45"
  },
  "nseData" : {
    "nsePrice" : "353.15",
    "nseVolume" : "24,334",
    "nsePrevClose" : "",
    "nseOpenPrice" : "",
    "nseTodaysLow" : "338.80",
    "nseTodaysHigh" : "364.75",
    "nse52WeekLow" : "263.00",
    "nse52WeekHigh" : "567.70",
    "nseLowerPriceBand" : "272.95",
    "nseUpperPriceBand" : "409.35"
  },
  "companyValuation" : {
    "marketCapital" : "202.46",
    "peRatio" : "6.74",
    "bookValue" : "368.74",
    "dividend" : "60.00",
    "marketLot" : "1",
    "industryPeRatio" : "32.25",
    "eps" : "52.36",
    "pcRatio" : "5.47",
    "bookPrice" : "0.96",
    "dividendYield" : "1.69",
    "faceValue" : "10.00",
    "deliverables" : "57.24"
  }
}