{
  "url" : "https://www.moneycontrol.com/india/stockpricequote/pharmaceuticals/alembic/A08",
  "companyName" : "Alembic Ltd.",
  "breadCrumb" : "Moneycontrol / Market / Share/Stock Price / Pharmaceuticals",
  "bseNseNames" : "BSE: 506235 | NSE: ALEMBICLTD |",
  "seriesLink" : "EQ",
  "isinLink" : "INE426A01027",
  "sectorLink" : "Moneycontrol / Market / Share/Stock Price / Pharmaceuticals",
  "sectorTitle" : "PHARMACEUTICALS",
  "bseData" : {
    "bsePrice" : "45.50",
    "bseVolume" : "77,101",
    "bsePrevClose" : "41.90",
    "bseOpenPrice" : "",
    "bseTodaysLow" : "42.55",
    "bseTodaysHigh" : "48.00",
    "bse52WeekLow" : "25.00",
    "bse52WeekHigh" : "64.75",
    "bseLowerPriceBand" : "33.55",
    "bseUpperPriceBand" : "50.25"
  },
  "nseData" : {
    "nsePrice" : "45.05",
    "nseVolume" : "695,128",
    "nsePrevClose" : "",
    "nseOpenPrice" : "",
    "nseTodaysLow" : "39.70",
    "nseTodaysHigh" : "48.05",
    "nse52WeekLow" : "24.80",
    "nse52WeekHigh" : "64.90",
    "nseLowerPriceBand" : "33.75",
    "nseUpperPriceBand" : "50.55"
  },
  "companyValuation" : {
    "marketCapital" : "1,168.36",
    "peRatio" : "27.47",
    "bookValue" : "16.06",
    "dividend" : "10.00",
    "marketLot" : "1",
    "industryPeRatio" : "32.25",
    "eps" : "1.64",
    "pcRatio" : "25.89",
    "bookPrice" : "2.83",
    "dividendYield" : "0.44",
    "faceValue" : "2.00",
    "deliverables" : "40.57"
  }
}