{
  "url" : "https://www.moneycontrol.com/india/stockpricequote/castingsforgings/aliconcastalloy/EC06",
  "companyName" : "Alicon Castalloy Ltd.",
  "breadCrumb" : "Moneycontrol / Market / Share/Stock Price / Castings & Forgings",
  "bseNseNames" : "BSE: 531147 | NSE: ALICON |",
  "seriesLink" : "EQ",
  "isinLink" : "INE062D01024",
  "sectorLink" : "Moneycontrol / Market / Share/Stock Price / Castings & Forgings",
  "sectorTitle" : "CASTINGS & FORGINGS",
  "bseData" : {
    "bsePrice" : "185.00",
    "bseVolume" : "433",
    "bsePrevClose" : "190.00",
    "bseOpenPrice" : "",
    "bseTodaysLow" : "182.10",
    "bseTodaysHigh" : "185.00",
    "bse52WeekLow" : "169.50",
    "bse52WeekHigh" : "646.15",
    "bseLowerPriceBand" : "171.00",
    "bseUpperPriceBand" : "209.00"
  },
  "nseData" : {
    "nsePrice" : "184.75",
    "nseVolume" : "3,909",
    "nsePrevClose" : "",
    "nseOpenPrice" : "",
    "nseTodaysLow" : "181.05",
    "nseTodaysHigh" : "196.00",
    "nse52WeekLow" : "157.10",
    "nse52WeekHigh" : "648.00",
    "nseLowerPriceBand" : "170.35",
    "nseUpperPriceBand" : "208.15"
  },
  "companyValuation" : {
    "marketCapital" : "254.84",
    "peRatio" : "6.68",
    "bookValue" : "224.14",
    "dividend" : "140.00",
    "marketLot" : "1",
    "industryPeRatio" : "21.24",
    "eps" : "27.65",
    "pcRatio" : "3.47",
    "bookPrice" : "0.83",
    "dividendYield" : "3.78",
    "faceValue" : "5.00",
    "deliverables" : "60.05"
  }
}