{
  "url" : "https://www.moneycontrol.com/india/stockpricequote/pharmaceuticals/alkemlaboratories/AL05",
  "companyName" : "Alkem Laboratories Ltd.",
  "breadCrumb" : "Moneycontrol / Market / Share/Stock Price / Pharmaceuticals",
  "bseNseNames" : "BSE: 539523 | NSE: ALKEM |",
  "seriesLink" : "EQ",
  "isinLink" : "INE540L01014",
  "sectorLink" : "Moneycontrol / Market / Share/Stock Price / Pharmaceuticals",
  "sectorTitle" : "PHARMACEUTICALS",
  "bseData" : {
    "bsePrice" : "2643.00",
    "bseVolume" : "7,161",
    "bsePrevClose" : "2321.95",
    "bseOpenPrice" : "",
    "bseTodaysLow" : "2341.75",
    "bseTodaysHigh" : "2733.20",
    "bse52WeekLow" : "1660.35",
    "bse52WeekHigh" : "2733.20",
    "bseLowerPriceBand" : "1857.60",
    "bseUpperPriceBand" : "2786.30"
  },
  "nseData" : {
    "nsePrice" : "2671.15",
    "nseVolume" : "371,259",
    "nsePrevClose" : "",
    "nseOpenPrice" : "",
    "nseTodaysLow" : "2326.20",
    "nseTodaysHigh" : "2736.50",
    "nse52WeekLow" : "1660.00",
    "nse52WeekHigh" : "2736.50",
    "nseLowerPriceBand" : "1859.25",
    "nseUpperPriceBand" : "2788.85"
  },
  "companyValuation" : {
    "marketCapital" : "31,601.03",
    "peRatio" : "26.97",
    "bookValue" : "457.09",
    "dividend" : "800.00",
    "marketLot" : "1",
    "industryPeRatio" : "32.25",
    "eps" : "99.03",
    "pcRatio" : "24.1",
    "bookPrice" : "5.78",
    "dividendYield" : "0.61",
    "faceValue" : "2.00",
    "deliverables" : "82.17"
  }
}