{
  "url" : "https://www.moneycontrol.com/india/stockpricequote/chemicals/alkylamineschemicals/AAC",
  "companyName" : "Alkyl Amines Chemicals Ltd.",
  "breadCrumb" : "Moneycontrol / Market / Share/Stock Price / Chemicals",
  "bseNseNames" : "BSE: 506767 | NSE: ALKYLAMINE |",
  "seriesLink" : "EQ",
  "isinLink" : "INE150B01021",
  "sectorLink" : "Moneycontrol / Market / Share/Stock Price / Chemicals",
  "sectorTitle" : "CHEMICALS",
  "bseData" : {
    "bsePrice" : "1336.40",
    "bseVolume" : "1,192",
    "bsePrevClose" : "1223.20",
    "bseOpenPrice" : "",
    "bseTodaysLow" : "1240.00",
    "bseTodaysHigh" : "1395.00",
    "bse52WeekLow" : "660.00",
    "bse52WeekHigh" : "1811.00",
    "bseLowerPriceBand" : "978.60",
    "bseUpperPriceBand" : "1467.80"
  },
  "nseData" : {
    "nsePrice" : "1334.05",
    "nseVolume" : "41,501",
    "nsePrevClose" : "",
    "nseOpenPrice" : "",
    "nseTodaysLow" : "1222.20",
    "nseTodaysHigh" : "1398.00",
    "nse52WeekLow" : "653.05",
    "nse52WeekHigh" : "1810.05",
    "nseLowerPriceBand" : "986.00",
    "nseUpperPriceBand" : "1478.90"
  },
  "companyValuation" : {
    "marketCapital" : "2,725.77",
    "peRatio" : "14.82",
    "bookValue" : "178.44",
    "dividend" : "160.00",
    "marketLot" : "1",
    "industryPeRatio" : "13.32",
    "eps" : "90.03",
    "pcRatio" : "13.15",
    "bookPrice" : "7.49",
    "dividendYield" : "0.60",
    "faceValue" : "5.00",
    "deliverables" : "46.82"
  }
}