{
  "url" : "https://www.moneycontrol.com/india/stockpricequote/transportlogistics/allcargologistics/AGL02",
  "companyName" : "Allcargo Logistics Ltd.",
  "breadCrumb" : "Moneycontrol / Market / Share/Stock Price / Transport & Logistics",
  "bseNseNames" : "BSE: 532749 | NSE: ALLCARGO |",
  "seriesLink" : "EQ",
  "isinLink" : "INE418H01029",
  "sectorLink" : "Moneycontrol / Market / Share/Stock Price / Transport & Logistics",
  "sectorTitle" : "TRANSPORT & LOGISTICS",
  "bseData" : {
    "bsePrice" : "65.90",
    "bseVolume" : "31,418",
    "bsePrevClose" : "59.95",
    "bseOpenPrice" : "",
    "bseTodaysLow" : "63.40",
    "bseTodaysHigh" : "65.90",
    "bse52WeekLow" : "51.50",
    "bse52WeekHigh" : "122.70",
    "bseLowerPriceBand" : "54.00",
    "bseUpperPriceBand" : "65.90"
  },
  "nseData" : {
    "nsePrice" : "65.70",
    "nseVolume" : "300,794",
    "nsePrevClose" : "",
    "nseOpenPrice" : "",
    "nseTodaysLow" : "63.00",
    "nseTodaysHigh" : "65.85",
    "nse52WeekLow" : "48.60",
    "nse52WeekHigh" : "122.70",
    "nseLowerPriceBand" : "53.95",
    "nseUpperPriceBand" : "65.85"
  },
  "companyValuation" : {
    "marketCapital" : "1,619.13",
    "peRatio" : "7.08",
    "bookValue" : "54.58",
    "dividend" : "175.00",
    "marketLot" : "1",
    "industryPeRatio" : "17.39",
    "eps" : "9.28",
    "pcRatio" : "4.95",
    "bookPrice" : "1.21",
    "dividendYield" : "5.31",
    "faceValue" : "2.00",
    "deliverables" : "68.44"
  }
}