{
  "url" : "https://www.moneycontrol.com/india/stockpricequote/computers-software-mediumsmall/allsectechnologies/ALL01",
  "companyName" : "ALLSEC Technologies Ltd.",
  "breadCrumb" : "Moneycontrol / Market / Share/Stock Price / Computers - Software Medium & Small",
  "bseNseNames" : "BSE: 532633 | NSE: ALLSEC |",
  "seriesLink" : "EQ",
  "isinLink" : "INE835G01018",
  "sectorLink" : "Moneycontrol / Market / Share/Stock Price / Computers - Software Medium & Small",
  "sectorTitle" : "COMPUTERS - SOFTWARE MEDIUM & SMALL",
  "bseData" : {
    "bsePrice" : "126.50",
    "bseVolume" : "10",
    "bsePrevClose" : "120.50",
    "bseOpenPrice" : "",
    "bseTodaysLow" : "126.50",
    "bseTodaysHigh" : "126.50",
    "bse52WeekLow" : "109.15",
    "bse52WeekHigh" : "340.00",
    "bseLowerPriceBand" : "114.50",
    "bseUpperPriceBand" : "126.50"
  },
  "nseData" : {
    "nsePrice" : "131.90",
    "nseVolume" : "1,335",
    "nsePrevClose" : "",
    "nseOpenPrice" : "",
    "nseTodaysLow" : "129.35",
    "nseTodaysHigh" : "131.90",
    "nse52WeekLow" : "106.50",
    "nse52WeekHigh" : "348.70",
    "nseLowerPriceBand" : "119.40",
    "nseUpperPriceBand" : "131.90"
  },
  "companyValuation" : {
    "marketCapital" : "192.76",
    "peRatio" : "23.35",
    "bookValue" : "114.67",
    "dividend" : "100.00",
    "marketLot" : "1",
    "industryPeRatio" : "7.08",
    "eps" : "5.65",
    "pcRatio" : "15.83",
    "bookPrice" : "1.10",
    "dividendYield" : "7.91",
    "faceValue" : "10.00",
    "deliverables" : "86.00"
  }
}