{
  "url" : "https://www.moneycontrol.com/india/stockpricequote/textiles-weaving/alokindustries/AI54",
  "companyName" : "Alok Industries Ltd.",
  "breadCrumb" : "Moneycontrol / Market / Share/Stock Price / Textiles - Weaving",
  "bseNseNames" : "BSE: 521070 | NSE: ALOKINDS |",
  "seriesLink" : "EQ",
  "isinLink" : "INE270A01029",
  "sectorLink" : "Moneycontrol / Market / Share/Stock Price / Textiles - Weaving",
  "sectorTitle" : "TEXTILES - WEAVING",
  "bseData" : {
    "bsePrice" : "4.74",
    "bseVolume" : "505,336",
    "bsePrevClose" : "4.52",
    "bseOpenPrice" : "",
    "bseTodaysLow" : "4.74",
    "bseTodaysHigh" : "4.74",
    "bse52WeekLow" : "1.36",
    "bse52WeekHigh" : "19.00",
    "bseLowerPriceBand" : "4.30",
    "bseUpperPriceBand" : "4.74"
  },
  "nseData" : {
    "nsePrice" : "4.70",
    "nseVolume" : "1,698,707",
    "nsePrevClose" : "",
    "nseOpenPrice" : "",
    "nseTodaysLow" : "4.70",
    "nseTodaysHigh" : "4.70",
    "nse52WeekLow" : "1.40",
    "nse52WeekHigh" : "16.05",
    "nseLowerPriceBand" : "4.30",
    "nseUpperPriceBand" : "4.70"
  },
  "companyValuation" : {
    "marketCapital" : "1,047.85",
    "peRatio" : "0.18",
    "bookValue" : "-62.89",
    "dividend" : "0.00",
    "marketLot" : "1",
    "industryPeRatio" : "1.04",
    "eps" : "25.77",
    "pcRatio" : "0.17",
    "bookPrice" : "-",
    "dividendYield" : "-",
    "faceValue" : "1.00",
    "deliverables" : "100.00"
  }
}