{
  "url" : "https://www.moneycontrol.com/india/stockpricequote/pharmaceuticals/alpalaboratories/AL11",
  "companyName" : "Alpa Laboratories Ltd.",
  "breadCrumb" : "Moneycontrol / Market / Share/Stock Price / Pharmaceuticals",
  "bseNseNames" : "BSE: 532878 | NSE: ALPA |",
  "seriesLink" : "EQ",
  "isinLink" : "INE385I01010",
  "sectorLink" : "Moneycontrol / Market / Share/Stock Price / Pharmaceuticals",
  "sectorTitle" : "PHARMACEUTICALS",
  "bseData" : {
    "bsePrice" : "20.05",
    "bseVolume" : "17,184",
    "bsePrevClose" : "16.71",
    "bseOpenPrice" : "",
    "bseTodaysLow" : "18.00",
    "bseTodaysHigh" : "20.05",
    "bse52WeekLow" : "11.45",
    "bse52WeekHigh" : "29.40",
    "bseLowerPriceBand" : "13.37",
    "bseUpperPriceBand" : "20.05"
  },
  "nseData" : {
    "nsePrice" : "20.15",
    "nseVolume" : "131,233",
    "nsePrevClose" : "",
    "nseOpenPrice" : "",
    "nseTodaysLow" : "17.80",
    "nseTodaysHigh" : "20.15",
    "nse52WeekLow" : "11.00",
    "nse52WeekHigh" : "28.80",
    "nseLowerPriceBand" : "13.45",
    "nseUpperPriceBand" : "20.15"
  },
  "companyValuation" : {
    "marketCapital" : "42.19",
    "peRatio" : "13.17",
    "bookValue" : "50.34",
    "dividend" : "0.00",
    "marketLot" : "1",
    "industryPeRatio" : "32.25",
    "eps" : "1.53",
    "pcRatio" : "9.83",
    "bookPrice" : "0.40",
    "dividendYield" : "-",
    "faceValue" : "10.00",
    "deliverables" : "59.00"
  }
}