{
  "url" : "https://www.moneycontrol.com/india/stockpricequote/textiles-general/alpsindustries/AI12",
  "companyName" : "Alps Industries Ltd.",
  "breadCrumb" : "Moneycontrol / Market / Share/Stock Price / Textiles - General",
  "bseNseNames" : "BSE: 530715 | NSE: ALPSINDUS |",
  "seriesLink" : "EQ",
  "isinLink" : "INE093B01015",
  "sectorLink" : "Moneycontrol / Market / Share/Stock Price / Textiles - General",
  "sectorTitle" : "TEXTILES - GENERAL",
  "bseData" : {
    "bsePrice" : "0.77",
    "bseVolume" : "200",
    "bsePrevClose" : "0.74",
    "bseOpenPrice" : "",
    "bseTodaysLow" : "0.77",
    "bseTodaysHigh" : "0.77",
    "bse52WeekLow" : "0.61",
    "bse52WeekHigh" : "3.47",
    "bseLowerPriceBand" : "0.71",
    "bseUpperPriceBand" : "0.77"
  },
  "nseData" : {
    "nsePrice" : "0.75",
    "nseVolume" : "25,369",
    "nsePrevClose" : "",
    "nseOpenPrice" : "",
    "nseTodaysLow" : "0.65",
    "nseTodaysHigh" : "0.75",
    "nse52WeekLow" : "0.25",
    "nse52WeekHigh" : "2.50",
    "nseLowerPriceBand" : "0.65",
    "nseUpperPriceBand" : "0.75"
  },
  "companyValuation" : {
    "marketCapital" : "3.01",
    "peRatio" : "-",
    "bookValue" : "-117.84",
    "dividend" : "0.00",
    "marketLot" : "1",
    "industryPeRatio" : "18.54",
    "eps" : "-",
    "pcRatio" : "-",
    "bookPrice" : "-",
    "dividendYield" : "-",
    "faceValue" : "10.00",
    "deliverables" : "84.32"
  }
}