{
  "url" : "https://www.moneycontrol.com/india/stockpricequote/auto-ancillaries/amararajabatteries/ARB",
  "companyName" : "Amara Raja Batteries Ltd.",
  "breadCrumb" : "Moneycontrol / Market / Share/Stock Price / Auto Ancillaries",
  "bseNseNames" : "BSE: 500008 | NSE: AMARAJABAT |",
  "seriesLink" : "EQ",
  "isinLink" : "INE885A01032",
  "sectorLink" : "Moneycontrol / Market / Share/Stock Price / Auto Ancillaries",
  "sectorTitle" : "AUTO ANCILLARIES",
  "bseData" : {
    "bsePrice" : "501.40",
    "bseVolume" : "16,555",
    "bsePrevClose" : "500.60",
    "bseOpenPrice" : "",
    "bseTodaysLow" : "489.60",
    "bseTodaysHigh" : "513.10",
    "bse52WeekLow" : "350.25",
    "bse52WeekHigh" : "814.00",
    "bseLowerPriceBand" : "450.55",
    "bseUpperPriceBand" : "550.65"
  },
  "nseData" : {
    "nsePrice" : "502.05",
    "nseVolume" : "755,312",
    "nsePrevClose" : "",
    "nseOpenPrice" : "",
    "nseTodaysLow" : "488.45",
    "nseTodaysHigh" : "513.65",
    "nse52WeekLow" : "348.55",
    "nse52WeekHigh" : "813.85",
    "nseLowerPriceBand" : "451.00",
    "nseUpperPriceBand" : "551.20"
  },
  "companyValuation" : {
    "marketCapital" : "8,564.54",
    "peRatio" : "13.33",
    "bookValue" : "195.26",
    "dividend" : "708.00",
    "marketLot" : "1",
    "industryPeRatio" : "15.32",
    "eps" : "37.67",
    "pcRatio" : "9.48",
    "bookPrice" : "2.57",
    "dividendYield" : "1.41",
    "faceValue" : "1.00",
    "deliverables" : "35.01"
  }
}