{
  "url" : "https://www.moneycontrol.com/india/stockpricequote/miscellaneous/amberenterprisesindialimited/AEI01",
  "companyName" : "Amber Enterprises India Ltd.",
  "breadCrumb" : "Moneycontrol / Market / Share/Stock Price / Miscellaneous",
  "bseNseNames" : "BSE: 540902 | NSE: AMBER |",
  "seriesLink" : "EQ",
  "isinLink" : "INE371P01015",
  "sectorLink" : "Moneycontrol / Market / Share/Stock Price / Miscellaneous",
  "sectorTitle" : "MISCELLANEOUS",
  "bseData" : {
    "bsePrice" : "1107.00",
    "bseVolume" : "5,156",
    "bsePrevClose" : "1189.50",
    "bseOpenPrice" : "",
    "bseTodaysLow" : "1075.00",
    "bseTodaysHigh" : "1209.95",
    "bse52WeekLow" : "702.50",
    "bse52WeekHigh" : "1690.00",
    "bseLowerPriceBand" : "951.60",
    "bseUpperPriceBand" : "1427.40"
  },
  "nseData" : {
    "nsePrice" : "1108.05",
    "nseVolume" : "93,512",
    "nsePrevClose" : "",
    "nseOpenPrice" : "",
    "nseTodaysLow" : "1072.00",
    "nseTodaysHigh" : "1199.00",
    "nse52WeekLow" : "701.00",
    "nse52WeekHigh" : "1695.00",
    "nseLowerPriceBand" : "951.95",
    "nseUpperPriceBand" : "1427.85"
  },
  "companyValuation" : {
    "marketCapital" : "3,481.13",
    "peRatio" : "27.6",
    "bookValue" : "310.13",
    "dividend" : "0.00",
    "marketLot" : "1",
    "industryPeRatio" : "17.29",
    "eps" : "40.15",
    "pcRatio" : "19.81",
    "bookPrice" : "3.57",
    "dividendYield" : "-",
    "faceValue" : "10.00",
    "deliverables" : "87.77"
  }
}