{
  "url" : "https://www.moneycontrol.com/india/stockpricequote/textiles-spinning-cotton-blended/ambikacottonmills/ACM04",
  "companyName" : "Ambika Cotton Mills Ltd.",
  "breadCrumb" : "Moneycontrol / Market / Share/Stock Price / Textiles - Spinning - Cotton Blended",
  "bseNseNames" : "BSE: 531978 | NSE: AMBIKCO |",
  "seriesLink" : "EQ",
  "isinLink" : "INE540G01014",
  "sectorLink" : "Moneycontrol / Market / Share/Stock Price / Textiles - Spinning - Cotton Blended",
  "sectorTitle" : "TEXTILES - SPINNING - COTTON BLENDED",
  "bseData" : {
    "bsePrice" : "554.40",
    "bseVolume" : "87",
    "bsePrevClose" : "530.00",
    "bseOpenPrice" : "",
    "bseTodaysLow" : "535.35",
    "bseTodaysHigh" : "560.00",
    "bse52WeekLow" : "421.00",
    "bse52WeekHigh" : "1163.55",
    "bseLowerPriceBand" : "424.00",
    "bseUpperPriceBand" : "636.00"
  },
  "nseData" : {
    "nsePrice" : "545.20",
    "nseVolume" : "3,988",
    "nsePrevClose" : "",
    "nseOpenPrice" : "",
    "nseTodaysLow" : "531.05",
    "nseTodaysHigh" : "559.00",
    "nse52WeekLow" : "390.00",
    "nse52WeekHigh" : "1142.00",
    "nseLowerPriceBand" : "429.80",
    "nseUpperPriceBand" : "644.70"
  },
  "companyValuation" : {
    "marketCapital" : "317.39",
    "peRatio" : "5.66",
    "bookValue" : "829.03",
    "dividend" : "300.00",
    "marketLot" : "1",
    "industryPeRatio" : "5.97",
    "eps" : "96.33",
    "pcRatio" : "3.72",
    "bookPrice" : "0.67",
    "dividendYield" : "5.41",
    "faceValue" : "10.00",
    "deliverables" : "78.82"
  }
}