{
  "url" : "https://www.moneycontrol.com/india/stockpricequote/packaging/amdindustries/AMD02",
  "companyName" : "AMD Industries Ltd.",
  "breadCrumb" : "Moneycontrol / Market / Share/Stock Price / Packaging",
  "bseNseNames" : "BSE: 532828 | NSE: AMDIND |",
  "seriesLink" : "EQ",
  "isinLink" : "INE005I01014",
  "sectorLink" : "Moneycontrol / Market / Share/Stock Price / Packaging",
  "sectorTitle" : "PACKAGING",
  "bseData" : {
    "bsePrice" : "9.64",
    "bseVolume" : "17,566",
    "bsePrevClose" : "9.86",
    "bseOpenPrice" : "",
    "bseTodaysLow" : "9.64",
    "bseTodaysHigh" : "10.10",
    "bse52WeekLow" : "8.40",
    "bse52WeekHigh" : "24.80",
    "bseLowerPriceBand" : "7.89",
    "bseUpperPriceBand" : "11.83"
  },
  "nseData" : {
    "nsePrice" : "9.80",
    "nseVolume" : "17,757",
    "nsePrevClose" : "",
    "nseOpenPrice" : "",
    "nseTodaysLow" : "9.50",
    "nseTodaysHigh" : "10.50",
    "nse52WeekLow" : "8.10",
    "nse52WeekHigh" : "24.45",
    "nseLowerPriceBand" : "8.00",
    "nseUpperPriceBand" : "12.00"
  },
  "companyValuation" : {
    "marketCapital" : "18.48",
    "peRatio" : "2.28",
    "bookValue" : "64.49",
    "dividend" : "0.00",
    "marketLot" : "1",
    "industryPeRatio" : "10.24",
    "eps" : "4.29",
    "pcRatio" : "1.01",
    "bookPrice" : "0.15",
    "dividendYield" : "-",
    "faceValue" : "10.00",
    "deliverables" : "75.95"
  }
}