{
  "url" : "https://www.moneycontrol.com/india/stockpricequote/paper/amjland/PPP",
  "companyName" : "AMJ Land Ltd.",
  "breadCrumb" : "Moneycontrol / Market / Share/Stock Price / Paper",
  "bseNseNames" : "BSE: 500343 | NSE: AMJLAND |",
  "seriesLink" : "EQ",
  "isinLink" : "INE606A01024",
  "sectorLink" : "Moneycontrol / Market / Share/Stock Price / Paper",
  "sectorTitle" : "PAPER",
  "bseData" : {
    "bsePrice" : "13.93",
    "bseVolume" : "2,761",
    "bsePrevClose" : "13.98",
    "bseOpenPrice" : "",
    "bseTodaysLow" : "13.93",
    "bseTodaysHigh" : "14.30",
    "bse52WeekLow" : "13.10",
    "bse52WeekHigh" : "24.80",
    "bseLowerPriceBand" : "11.19",
    "bseUpperPriceBand" : "16.77"
  },
  "nseData" : {
    "nsePrice" : "14.00",
    "nseVolume" : "12,523",
    "nsePrevClose" : "",
    "nseOpenPrice" : "",
    "nseTodaysLow" : "13.70",
    "nseTodaysHigh" : "14.95",
    "nse52WeekLow" : "12.55",
    "nse52WeekHigh" : "24.85",
    "nseLowerPriceBand" : "11.40",
    "nseUpperPriceBand" : "17.10"
  },
  "companyValuation" : {
    "marketCapital" : "57.11",
    "peRatio" : "11.02",
    "bookValue" : "24.49",
    "dividend" : "15.00",
    "marketLot" : "1",
    "industryPeRatio" : "13.75",
    "eps" : "1.27",
    "pcRatio" : "8.14",
    "bookPrice" : "0.57",
    "dividendYield" : "2.15",
    "faceValue" : "2.00",
    "deliverables" : "100.00"
  }
}