{
  "url" : "https://www.moneycontrol.com/india/stockpricequote/pharmaceuticals/amrutanjanhealthcare/AHC01",
  "companyName" : "Amrutanjan Health Care Ltd.",
  "breadCrumb" : "Moneycontrol / Market / Share/Stock Price / Pharmaceuticals",
  "bseNseNames" : "BSE: 590006 | NSE: AMRUTANJAN |",
  "seriesLink" : "EQ",
  "isinLink" : "INE098F01031",
  "sectorLink" : "Moneycontrol / Market / Share/Stock Price / Pharmaceuticals",
  "sectorTitle" : "PHARMACEUTICALS",
  "bseData" : {
    "bsePrice" : "344.40",
    "bseVolume" : "13,981",
    "bsePrevClose" : "324.85",
    "bseOpenPrice" : "",
    "bseTodaysLow" : "325.00",
    "bseTodaysHigh" : "351.00",
    "bse52WeekLow" : "251.00",
    "bse52WeekHigh" : "558.70",
    "bseLowerPriceBand" : "259.90",
    "bseUpperPriceBand" : "389.80"
  },
  "nseData" : {
    "nsePrice" : "345.45",
    "nseVolume" : "278,725",
    "nsePrevClose" : "",
    "nseOpenPrice" : "",
    "nseTodaysLow" : "320.10",
    "nseTodaysHigh" : "352.00",
    "nse52WeekLow" : "253.00",
    "nse52WeekHigh" : "555.00",
    "nseLowerPriceBand" : "259.20",
    "nseUpperPriceBand" : "388.80"
  },
  "companyValuation" : {
    "marketCapital" : "1,006.70",
    "peRatio" : "32.11",
    "bookValue" : "49.86",
    "dividend" : "215.00",
    "marketLot" : "1",
    "industryPeRatio" : "32.25",
    "eps" : "10.76",
    "pcRatio" : "29.18",
    "bookPrice" : "6.91",
    "dividendYield" : "0.62",
    "faceValue" : "1.00",
    "deliverables" : "34.19"
  }
}