{
  "url" : "https://www.moneycontrol.com/india/stockpricequote/constructioncontracting-real-estate/anantraj/ARI",
  "companyName" : "Anant Raj Ltd.",
  "breadCrumb" : "Moneycontrol / Market / Share/Stock Price / Construction & Contracting - Real Estate",
  "bseNseNames" : "BSE: 515055 | NSE: ANANTRAJ |",
  "seriesLink" : "EQ",
  "isinLink" : "INE242C01024",
  "sectorLink" : "Moneycontrol / Market / Share/Stock Price / Construction & Contracting - Real Estate",
  "sectorTitle" : "CONSTRUCTION & CONTRACTING - REAL ESTATE",
  "bseData" : {
    "bsePrice" : "18.75",
    "bseVolume" : "17,061",
    "bsePrevClose" : "19.70",
    "bseOpenPrice" : "",
    "bseTodaysLow" : "18.75",
    "bseTodaysHigh" : "20.10",
    "bse52WeekLow" : "13.35",
    "bse52WeekHigh" : "40.80",
    "bseLowerPriceBand" : "18.75",
    "bseUpperPriceBand" : "20.65"
  },
  "nseData" : {
    "nsePrice" : "18.75",
    "nseVolume" : "184,694",
    "nsePrevClose" : "",
    "nseOpenPrice" : "",
    "nseTodaysLow" : "18.60",
    "nseTodaysHigh" : "20.15",
    "nse52WeekLow" : "13.00",
    "nse52WeekHigh" : "40.75",
    "nseLowerPriceBand" : "18.60",
    "nseUpperPriceBand" : "20.50"
  },
  "companyValuation" : {
    "marketCapital" : "553.31",
    "peRatio" : "12.1",
    "bookValue" : "143.06",
    "dividend" : "12.00",
    "marketLot" : "1",
    "industryPeRatio" : "13.75",
    "eps" : "1.55",
    "pcRatio" : "8.64",
    "bookPrice" : "0.13",
    "dividendYield" : "1.28",
    "faceValue" : "2.00",
    "deliverables" : "65.90"
  }
}