{
  "url" : "https://www.moneycontrol.com/india/stockpricequote/paper/andhrapaperlimited/APP",
  "companyName" : "Andhra Paper Ltd.",
  "breadCrumb" : "Moneycontrol / Market / Share/Stock Price / Paper",
  "bseNseNames" : "BSE: 502330 | NSE: ANDHRAPAP |",
  "seriesLink" : "EQ",
  "isinLink" : "INE435A01028",
  "sectorLink" : "Moneycontrol / Market / Share/Stock Price / Paper",
  "sectorTitle" : "PAPER",
  "bseData" : {
    "bsePrice" : "153.05",
    "bseVolume" : "521",
    "bsePrevClose" : "145.80",
    "bseOpenPrice" : "",
    "bseTodaysLow" : "145.80",
    "bseTodaysHigh" : "153.05",
    "bse52WeekLow" : "115.00",
    "bse52WeekHigh" : "486.00",
    "bseLowerPriceBand" : "138.55",
    "bseUpperPriceBand" : "153.05"
  },
  "nseData" : {
    "nsePrice" : "148.55",
    "nseVolume" : "2,622",
    "nsePrevClose" : "",
    "nseOpenPrice" : "",
    "nseTodaysLow" : "147.00",
    "nseTodaysHigh" : "148.55",
    "nse52WeekLow" : "112.00",
    "nse52WeekHigh" : "487.70",
    "nseLowerPriceBand" : "134.45",
    "nseUpperPriceBand" : "148.55"
  },
  "companyValuation" : {
    "marketCapital" : "608.68",
    "peRatio" : "3.28",
    "bookValue" : "192.06",
    "dividend" : "0.00",
    "marketLot" : "1",
    "industryPeRatio" : "3.99",
    "eps" : "45.24",
    "pcRatio" : "2.38",
    "bookPrice" : "0.80",
    "dividendYield" : "-",
    "faceValue" : "10.00",
    "deliverables" : "72.80"
  }
}