{
  "url" : "https://www.moneycontrol.com/india/stockpricequote/cement-major/andhracement/AC16",
  "companyName" : "Andhra Cement Ltd.",
  "breadCrumb" : "Moneycontrol / Market / Share/Stock Price / Cement - Major",
  "bseNseNames" : "BSE: 532141 | NSE: ANDHRACEMT |",
  "seriesLink" : "EQ",
  "isinLink" : "INE666E01012",
  "sectorLink" : "Moneycontrol / Market / Share/Stock Price / Cement - Major",
  "sectorTitle" : "CEMENT - MAJOR",
  "bseData" : {
    "bsePrice" : "1.89",
    "bseVolume" : "27,923",
    "bsePrevClose" : "1.79",
    "bseOpenPrice" : "",
    "bseTodaysLow" : "1.71",
    "bseTodaysHigh" : "1.96",
    "bse52WeekLow" : "1.50",
    "bse52WeekHigh" : "5.60",
    "bseLowerPriceBand" : "1.62",
    "bseUpperPriceBand" : "1.96"
  },
  "nseData" : {
    "nsePrice" : "1.85",
    "nseVolume" : "105,618",
    "nsePrevClose" : "",
    "nseOpenPrice" : "",
    "nseTodaysLow" : "1.70",
    "nseTodaysHigh" : "1.90",
    "nse52WeekLow" : "1.45",
    "nse52WeekHigh" : "5.10",
    "nseLowerPriceBand" : "1.60",
    "nseUpperPriceBand" : "1.90"
  },
  "companyValuation" : {
    "marketCapital" : "55.48",
    "peRatio" : "-",
    "bookValue" : "-10.81",
    "dividend" : "0.00",
    "marketLot" : "1",
    "industryPeRatio" : "28.37",
    "eps" : "-",
    "pcRatio" : "-",
    "bookPrice" : "-",
    "dividendYield" : "-",
    "faceValue" : "10.00",
    "deliverables" : "73.58"
  }
}