{
  "url" : "https://www.moneycontrol.com/india/stockpricequote/sugar/andhrasugars/AS18",
  "companyName" : "Andhra Sugars Ltd.",
  "breadCrumb" : "Moneycontrol / Market / Share/Stock Price / Sugar",
  "bseNseNames" : "BSE: 590062 | NSE: ANDHRSUGAR |",
  "seriesLink" : "EQ",
  "isinLink" : "INE715B01013",
  "sectorLink" : "Moneycontrol / Market / Share/Stock Price / Sugar",
  "sectorTitle" : "SUGAR",
  "bseData" : {
    "bsePrice" : "206.65",
    "bseVolume" : "3,096",
    "bsePrevClose" : "203.30",
    "bseOpenPrice" : "",
    "bseTodaysLow" : "199.65",
    "bseTodaysHigh" : "211.00",
    "bse52WeekLow" : "119.00",
    "bse52WeekHigh" : "416.35",
    "bseLowerPriceBand" : "193.15",
    "bseUpperPriceBand" : "213.45"
  },
  "nseData" : {
    "nsePrice" : "206.05",
    "nseVolume" : "35,494",
    "nsePrevClose" : "",
    "nseOpenPrice" : "",
    "nseTodaysLow" : "195.00",
    "nseTodaysHigh" : "212.00",
    "nse52WeekLow" : "117.05",
    "nse52WeekHigh" : "416.80",
    "nseLowerPriceBand" : "193.40",
    "nseUpperPriceBand" : "213.70"
  },
  "companyValuation" : {
    "marketCapital" : "560.17",
    "peRatio" : "3.31",
    "bookValue" : "368.87",
    "dividend" : "100.00",
    "marketLot" : "1",
    "industryPeRatio" : "4.37",
    "eps" : "62.34",
    "pcRatio" : "2.55",
    "bookPrice" : "0.56",
    "dividendYield" : "4.84",
    "faceValue" : "10.00",
    "deliverables" : "71.94"
  }
}