{
  "url" : "https://www.moneycontrol.com/india/stockpricequote/edible-oilssolvent-extraction/anikindustries/AI57",
  "companyName" : "Anik Industries Ltd.",
  "breadCrumb" : "Moneycontrol / Market / Share/Stock Price / Edible Oils & Solvent Extraction",
  "bseNseNames" : "BSE: 519383 | NSE: ANIKINDS |",
  "seriesLink" : "EQ",
  "isinLink" : "INE087B01017",
  "sectorLink" : "Moneycontrol / Market / Share/Stock Price / Edible Oils & Solvent Extraction",
  "sectorTitle" : "EDIBLE OILS & SOLVENT EXTRACTION",
  "bseData" : {
    "bsePrice" : "6.52",
    "bseVolume" : "2,505",
    "bsePrevClose" : "6.80",
    "bseOpenPrice" : "",
    "bseTodaysLow" : "6.52",
    "bseTodaysHigh" : "6.81",
    "bse52WeekLow" : "5.57",
    "bse52WeekHigh" : "15.85",
    "bseLowerPriceBand" : "6.46",
    "bseUpperPriceBand" : "7.14"
  },
  "nseData" : {
    "nsePrice" : "6.80",
    "nseVolume" : "4,994",
    "nsePrevClose" : "",
    "nseOpenPrice" : "",
    "nseTodaysLow" : "6.65",
    "nseTodaysHigh" : "7.25",
    "nse52WeekLow" : "5.15",
    "nse52WeekHigh" : "16.05",
    "nseLowerPriceBand" : "6.65",
    "nseUpperPriceBand" : "7.25"
  },
  "companyValuation" : {
    "marketCapital" : "18.10",
    "peRatio" : "-",
    "bookValue" : "108.23",
    "dividend" : "0.00",
    "marketLot" : "1",
    "industryPeRatio" : "14.77",
    "eps" : "-",
    "pcRatio" : "-",
    "bookPrice" : "0.06",
    "dividendYield" : "-",
    "faceValue" : "10.00",
    "deliverables" : "97.82"
  }
}