{
  "url" : "https://www.moneycontrol.com/india/stockpricequote/steel-sponge-iron/ankitmetalpower/AMa",
  "companyName" : "Ankit Metal and Power Ltd.",
  "breadCrumb" : "Moneycontrol / Market / Share/Stock Price / Steel - Sponge Iron",
  "bseNseNames" : "BSE: 532870 | NSE: ANKITMETAL |",
  "seriesLink" : "EQ",
  "isinLink" : "INE106I01010",
  "sectorLink" : "Moneycontrol / Market / Share/Stock Price / Steel - Sponge Iron",
  "sectorTitle" : "STEEL - SPONGE IRON",
  "bseData" : {
    "bsePrice" : "0.37",
    "bseVolume" : "1",
    "bsePrevClose" : "0.37",
    "bseOpenPrice" : "",
    "bseTodaysLow" : "0.37",
    "bseTodaysHigh" : "0.37",
    "bse52WeekLow" : "0.37",
    "bse52WeekHigh" : "0.64",
    "bseLowerPriceBand" : "0.36",
    "bseUpperPriceBand" : "0.38"
  },
  "nseData" : {
    "nsePrice" : "0.45",
    "nseVolume" : "64,810",
    "nsePrevClose" : "",
    "nseOpenPrice" : "",
    "nseTodaysLow" : "0.35",
    "nseTodaysHigh" : "0.45",
    "nse52WeekLow" : "0.30",
    "nse52WeekHigh" : "1.15",
    "nseLowerPriceBand" : "0.35",
    "nseUpperPriceBand" : "0.45"
  },
  "companyValuation" : {
    "marketCapital" : "5.22",
    "peRatio" : "-",
    "bookValue" : "-41.31",
    "dividend" : "0.00",
    "marketLot" : "1",
    "industryPeRatio" : "3.29",
    "eps" : "-",
    "pcRatio" : "-",
    "bookPrice" : "-",
    "dividendYield" : "-",
    "faceValue" : "10.00",
    "deliverables" : "71.02"
  }
}