{
  "url" : "https://www.moneycontrol.com/india/stockpricequote/constructioncontracting-housing/ansalpropertiesinfrastructure/API07",
  "companyName" : "Ansal Properties & Infrastructure Ltd.",
  "breadCrumb" : "Moneycontrol / Market / Share/Stock Price / Construction & Contracting - Housing",
  "bseNseNames" : "BSE: 500013 | NSE: ANSALAPI |",
  "seriesLink" : "EQ",
  "isinLink" : "INE436A01026",
  "sectorLink" : "Moneycontrol / Market / Share/Stock Price / Construction & Contracting - Housing",
  "sectorTitle" : "CONSTRUCTION & CONTRACTING - HOUSING",
  "bseData" : {
    "bsePrice" : "3.84",
    "bseVolume" : "4,123",
    "bsePrevClose" : "3.66",
    "bseOpenPrice" : "",
    "bseTodaysLow" : "3.78",
    "bseTodaysHigh" : "3.84",
    "bse52WeekLow" : "3.40",
    "bse52WeekHigh" : "12.24",
    "bseLowerPriceBand" : "3.48",
    "bseUpperPriceBand" : "3.84"
  },
  "nseData" : {
    "nsePrice" : "3.80",
    "nseVolume" : "3,974",
    "nsePrevClose" : "",
    "nseOpenPrice" : "",
    "nseTodaysLow" : "3.65",
    "nseTodaysHigh" : "3.80",
    "nse52WeekLow" : "3.35",
    "nse52WeekHigh" : "12.20",
    "nseLowerPriceBand" : "3.50",
    "nseUpperPriceBand" : "3.80"
  },
  "companyValuation" : {
    "marketCapital" : "60.44",
    "peRatio" : "63.33",
    "bookValue" : "26.89",
    "dividend" : "0.00",
    "marketLot" : "1",
    "industryPeRatio" : "13.75",
    "eps" : "0.06",
    "pcRatio" : "18.1",
    "bookPrice" : "0.14",
    "dividendYield" : "-",
    "faceValue" : "5.00",
    "deliverables" : "72.07"
  }
}