{
  "url" : "https://www.moneycontrol.com/india/stockpricequote/constructioncontracting-housing/ansalhousing/AHC",
  "companyName" : "Ansal Housing Ltd.",
  "breadCrumb" : "Moneycontrol / Market / Share/Stock Price / Construction & Contracting - Housing",
  "bseNseNames" : "BSE: 507828 | NSE: ANSALHSG |",
  "seriesLink" : "EQ",
  "isinLink" : "INE880B01015",
  "sectorLink" : "Moneycontrol / Market / Share/Stock Price / Construction & Contracting - Housing",
  "sectorTitle" : "CONSTRUCTION & CONTRACTING - HOUSING",
  "bseData" : {
    "bsePrice" : "2.92",
    "bseVolume" : "4,958",
    "bsePrevClose" : "2.87",
    "bseOpenPrice" : "",
    "bseTodaysLow" : "2.81",
    "bseTodaysHigh" : "2.95",
    "bse52WeekLow" : "2.57",
    "bse52WeekHigh" : "14.00",
    "bseLowerPriceBand" : "2.73",
    "bseUpperPriceBand" : "3.01"
  },
  "nseData" : {
    "nsePrice" : "2.90",
    "nseVolume" : "31,510",
    "nsePrevClose" : "",
    "nseOpenPrice" : "",
    "nseTodaysLow" : "2.80",
    "nseTodaysHigh" : "3.00",
    "nse52WeekLow" : "2.55",
    "nse52WeekHigh" : "13.60",
    "nseLowerPriceBand" : "2.80",
    "nseUpperPriceBand" : "3.00"
  },
  "companyValuation" : {
    "marketCapital" : "17.34",
    "peRatio" : "-",
    "bookValue" : "46.14",
    "dividend" : "0.00",
    "marketLot" : "1",
    "industryPeRatio" : "13.75",
    "eps" : "-",
    "pcRatio" : "-",
    "bookPrice" : "0.06",
    "dividendYield" : "-",
    "faceValue" : "10.00",
    "deliverables" : "83.91"
  }
}