{
  "url" : "https://www.moneycontrol.com/india/stockpricequote/electric-equipment/aparindustries/AI40",
  "companyName" : "Apar Industries Ltd.",
  "breadCrumb" : "Moneycontrol / Market / Share/Stock Price / Electric Equipment",
  "bseNseNames" : "BSE: 532259 | NSE: APARINDS |",
  "seriesLink" : "EQ",
  "isinLink" : "INE372A01015",
  "sectorLink" : "Moneycontrol / Market / Share/Stock Price / Electric Equipment",
  "sectorTitle" : "ELECTRIC EQUIPMENT",
  "bseData" : {
    "bsePrice" : "295.05",
    "bseVolume" : "385",
    "bsePrevClose" : "297.05",
    "bseOpenPrice" : "",
    "bseTodaysLow" : "287.35",
    "bseTodaysHigh" : "301.55",
    "bse52WeekLow" : "235.10",
    "bse52WeekHigh" : "702.00",
    "bseLowerPriceBand" : "237.65",
    "bseUpperPriceBand" : "356.45"
  },
  "nseData" : {
    "nsePrice" : "295.85",
    "nseVolume" : "6,051",
    "nsePrevClose" : "",
    "nseOpenPrice" : "",
    "nseTodaysLow" : "290.60",
    "nseTodaysHigh" : "300.35",
    "nse52WeekLow" : "239.20",
    "nse52WeekHigh" : "702.30",
    "nseLowerPriceBand" : "236.85",
    "nseUpperPriceBand" : "355.25"
  },
  "companyValuation" : {
    "marketCapital" : "1,129.12",
    "peRatio" : "7.01",
    "bookValue" : "294.03",
    "dividend" : "95.00",
    "marketLot" : "1",
    "industryPeRatio" : "7.42",
    "eps" : "42.22",
    "pcRatio" : "5.11",
    "bookPrice" : "1.00",
    "dividendYield" : "3.22",
    "faceValue" : "10.00",
    "deliverables" : "53.97"
  }
}