{
  "url" : "https://www.moneycontrol.com/india/stockpricequote/rubber/apcotexindustries/AI58",
  "companyName" : "Apcotex Industries Ltd.",
  "breadCrumb" : "Moneycontrol / Market / Share/Stock Price / Rubber",
  "bseNseNames" : "BSE: 523694 | NSE: APCOTEXIND |",
  "seriesLink" : "EQ",
  "isinLink" : "INE116A01032",
  "sectorLink" : "Moneycontrol / Market / Share/Stock Price / Rubber",
  "sectorTitle" : "RUBBER",
  "bseData" : {
    "bsePrice" : "86.00",
    "bseVolume" : "934",
    "bsePrevClose" : "86.10",
    "bseOpenPrice" : "",
    "bseTodaysLow" : "86.00",
    "bseTodaysHigh" : "93.00",
    "bse52WeekLow" : "64.35",
    "bse52WeekHigh" : "244.95",
    "bseLowerPriceBand" : "68.90",
    "bseUpperPriceBand" : "103.30"
  },
  "nseData" : {
    "nsePrice" : "87.50",
    "nseVolume" : "13,115",
    "nsePrevClose" : "",
    "nseOpenPrice" : "",
    "nseTodaysLow" : "86.00",
    "nseTodaysHigh" : "94.85",
    "nse52WeekLow" : "63.00",
    "nse52WeekHigh" : "234.60",
    "nseLowerPriceBand" : "70.00",
    "nseUpperPriceBand" : "104.90"
  },
  "companyValuation" : {
    "marketCapital" : "445.87",
    "peRatio" : "15.74",
    "bookValue" : "53.57",
    "dividend" : "150.00",
    "marketLot" : "1",
    "industryPeRatio" : "7.94",
    "eps" : "5.56",
    "pcRatio" : "11.16",
    "bookPrice" : "1.61",
    "dividendYield" : "3.49",
    "faceValue" : "2.00",
    "deliverables" : "74.78"
  }
}