{
  "url" : "https://www.moneycontrol.com/india/stockpricequote/steel-tubespipes/aplapollotubes/BT09",
  "companyName" : "APL Apollo Tubes Ltd.",
  "breadCrumb" : "Moneycontrol / Market / Share/Stock Price / Steel - Tubes & Pipes",
  "bseNseNames" : "BSE: 533758 | NSE: APLAPOLLO |",
  "seriesLink" : "EQ",
  "isinLink" : "INE702C01019",
  "sectorLink" : "Moneycontrol / Market / Share/Stock Price / Steel - Tubes & Pipes",
  "sectorTitle" : "STEEL - TUBES & PIPES",
  "bseData" : {
    "bsePrice" : "1279.65",
    "bseVolume" : "1,351",
    "bsePrevClose" : "1233.05",
    "bseOpenPrice" : "",
    "bseTodaysLow" : "1225.70",
    "bseTodaysHigh" : "1279.65",
    "bse52WeekLow" : "1025.00",
    "bse52WeekHigh" : "2216.95",
    "bseLowerPriceBand" : "986.45",
    "bseUpperPriceBand" : "1479.65"
  },
  "nseData" : {
    "nsePrice" : "1259.50",
    "nseVolume" : "21,152",
    "nsePrevClose" : "",
    "nseOpenPrice" : "",
    "nseTodaysLow" : "1220.00",
    "nseTodaysHigh" : "1274.00",
    "nse52WeekLow" : "1030.00",
    "nse52WeekHigh" : "2219.00",
    "nseLowerPriceBand" : "985.40",
    "nseUpperPriceBand" : "1478.10"
  },
  "companyValuation" : {
    "marketCapital" : "3,182.36",
    "peRatio" : "22.91",
    "bookValue" : "405.64",
    "dividend" : "140.00",
    "marketLot" : "1",
    "industryPeRatio" : "8.59",
    "eps" : "54.98",
    "pcRatio" : "16.5",
    "bookPrice" : "3.15",
    "dividendYield" : "1.09",
    "faceValue" : "10.00",
    "deliverables" : "56.96"
  }
}