{
  "url" : "https://www.moneycontrol.com/india/stockpricequote/pharmaceuticals/alembicpharmaceuticals/AP35",
  "companyName" : "Alembic Pharmaceuticals Ltd.",
  "breadCrumb" : "Moneycontrol / Market / Share/Stock Price / Pharmaceuticals",
  "bseNseNames" : "BSE: 533573 | NSE: APLLTD |",
  "seriesLink" : "EQ",
  "isinLink" : "INE901L01018",
  "sectorLink" : "Moneycontrol / Market / Share/Stock Price / Pharmaceuticals",
  "sectorTitle" : "PHARMACEUTICALS",
  "bseData" : {
    "bsePrice" : "640.30",
    "bseVolume" : "23,727",
    "bsePrevClose" : "610.25",
    "bseOpenPrice" : "",
    "bseTodaysLow" : "618.45",
    "bseTodaysHigh" : "702.00",
    "bse52WeekLow" : "435.10",
    "bse52WeekHigh" : "702.00",
    "bseLowerPriceBand" : "488.20",
    "bseUpperPriceBand" : "732.30"
  },
  "nseData" : {
    "nsePrice" : "640.85",
    "nseVolume" : "540,272",
    "nsePrevClose" : "",
    "nseOpenPrice" : "",
    "nseTodaysLow" : "615.50",
    "nseTodaysHigh" : "702.65",
    "nse52WeekLow" : "434.80",
    "nse52WeekHigh" : "702.65",
    "nseLowerPriceBand" : "488.20",
    "nseUpperPriceBand" : "732.20"
  },
  "companyValuation" : {
    "marketCapital" : "12,070.67",
    "peRatio" : "15.84",
    "bookValue" : "143.88",
    "dividend" : "275.00",
    "marketLot" : "1",
    "industryPeRatio" : "32.25",
    "eps" : "40.46",
    "pcRatio" : "13.91",
    "bookPrice" : "4.45",
    "dividendYield" : "0.86",
    "faceValue" : "2.00",
    "deliverables" : "58.59"
  }
}