{
  "url" : "https://www.moneycontrol.com/india/stockpricequote/hospitalsmedical-services/apollohospitalsenterprises/AHE",
  "companyName" : "Apollo Hospitals Enterprises Ltd.",
  "breadCrumb" : "Moneycontrol / Market / Share/Stock Price / Hospitals & Medical Services",
  "bseNseNames" : "BSE: 508869 | NSE: APOLLOHOSP |",
  "seriesLink" : "EQ",
  "isinLink" : "INE437A01024",
  "sectorLink" : "Moneycontrol / Market / Share/Stock Price / Hospitals & Medical Services",
  "sectorTitle" : "HOSPITALS & MEDICAL SERVICES",
  "bseData" : {
    "bsePrice" : "1263.00",
    "bseVolume" : "110,058",
    "bsePrevClose" : "1225.25",
    "bseOpenPrice" : "",
    "bseTodaysLow" : "1215.00",
    "bseTodaysHigh" : "1336.70",
    "bse52WeekLow" : "1047.45",
    "bse52WeekHigh" : "1814.00",
    "bseLowerPriceBand" : "1102.75",
    "bseUpperPriceBand" : "1347.75"
  },
  "nseData" : {
    "nsePrice" : "1263.95",
    "nseVolume" : "2,070,270",
    "nsePrevClose" : "",
    "nseOpenPrice" : "",
    "nseTodaysLow" : "1211.00",
    "nseTodaysHigh" : "1338.40",
    "nse52WeekLow" : "1047.05",
    "nse52WeekHigh" : "1813.55",
    "nseLowerPriceBand" : "1103.40",
    "nseUpperPriceBand" : "1348.50"
  },
  "companyValuation" : {
    "marketCapital" : "17,571.51",
    "peRatio" : "51.51",
    "bookValue" : "279.13",
    "dividend" : "120.00",
    "marketLot" : "1",
    "industryPeRatio" : "53.14",
    "eps" : "24.54",
    "pcRatio" : "27.42",
    "bookPrice" : "4.52",
    "dividendYield" : "0.48",
    "faceValue" : "5.00",
    "deliverables" : "35.16"
  }
}