{
  "url" : "https://www.moneycontrol.com/india/stockpricequote/constructioncontracting-real-estate/arihantsuperstructures/SMC07",
  "companyName" : "Arihant Superstructures Ltd.",
  "breadCrumb" : "Moneycontrol / Market / Share/Stock Price / Construction & Contracting - Real Estate",
  "bseNseNames" : "BSE: 506194 | NSE: ARIHANTSUP |",
  "seriesLink" : "EQ",
  "isinLink" : "INE643K01018",
  "sectorLink" : "Moneycontrol / Market / Share/Stock Price / Construction & Contracting - Real Estate",
  "sectorTitle" : "CONSTRUCTION & CONTRACTING - REAL ESTATE",
  "bseData" : {
    "bsePrice" : "20.85",
    "bseVolume" : "116",
    "bsePrevClose" : "19.90",
    "bseOpenPrice" : "",
    "bseTodaysLow" : "20.00",
    "bseTodaysHigh" : "20.85",
    "bse52WeekLow" : "18.40",
    "bse52WeekHigh" : "63.90",
    "bseLowerPriceBand" : "18.95",
    "bseUpperPriceBand" : "20.85"
  },
  "nseData" : {
    "nsePrice" : "19.50",
    "nseVolume" : "4,362",
    "nsePrevClose" : "",
    "nseOpenPrice" : "",
    "nseTodaysLow" : "19.45",
    "nseTodaysHigh" : "21.45",
    "nse52WeekLow" : "18.80",
    "nse52WeekHigh" : "63.95",
    "nseLowerPriceBand" : "19.45",
    "nseUpperPriceBand" : "21.45"
  },
  "companyValuation" : {
    "marketCapital" : "85.82",
    "peRatio" : "-",
    "bookValue" : "27.68",
    "dividend" : "5.00",
    "marketLot" : "1",
    "industryPeRatio" : "13.75",
    "eps" : "-",
    "pcRatio" : "-",
    "bookPrice" : "0.75",
    "dividendYield" : "2.40",
    "faceValue" : "10.00",
    "deliverables" : "86.82"
  }
}