{
  "url" : "https://www.moneycontrol.com/india/stockpricequote/finance-leasinghire-purchase/armanfinancialservices/AFS04",
  "companyName" : "Arman Financial Services Ltd.",
  "breadCrumb" : "Moneycontrol / Market / Share/Stock Price / Finance - Leasing & Hire Purchase",
  "bseNseNames" : "BSE: 531179 | NSE: ARMANFIN |",
  "seriesLink" : "EQ",
  "isinLink" : "INE109C01017",
  "sectorLink" : "Moneycontrol / Market / Share/Stock Price / Finance - Leasing & Hire Purchase",
  "sectorTitle" : "FINANCE - LEASING & HIRE PURCHASE",
  "bseData" : {
    "bsePrice" : "370.20",
    "bseVolume" : "4,182",
    "bsePrevClose" : "352.60",
    "bseOpenPrice" : "",
    "bseTodaysLow" : "335.00",
    "bseTodaysHigh" : "370.20",
    "bse52WeekLow" : "326.10",
    "bse52WeekHigh" : "1119.95",
    "bseLowerPriceBand" : "335.00",
    "bseUpperPriceBand" : "370.20"
  },
  "nseData" : {
    "nsePrice" : "373.05",
    "nseVolume" : "50,867",
    "nsePrevClose" : "",
    "nseOpenPrice" : "",
    "nseTodaysLow" : "337.70",
    "nseTodaysHigh" : "373.20",
    "nse52WeekLow" : "321.55",
    "nse52WeekHigh" : "1121.10",
    "nseLowerPriceBand" : "337.70",
    "nseUpperPriceBand" : "373.20"
  },
  "companyValuation" : {
    "marketCapital" : "312.85",
    "peRatio" : "18.1",
    "bookValue" : "58.06",
    "dividend" : "14.00",
    "marketLot" : "1",
    "industryPeRatio" : "23.58",
    "eps" : "20.61",
    "pcRatio" : "17.99",
    "bookPrice" : "6.38",
    "dividendYield" : "0.38",
    "faceValue" : "10.00",
    "deliverables" : "79.12"
  }
}