{
  "url" : "https://www.moneycontrol.com/india/stockpricequote/ceramicsgranite/arograniteindustries/AGI01",
  "companyName" : "Aro Granite Industries Ltd.",
  "breadCrumb" : "Moneycontrol / Market / Share/Stock Price / Ceramics & Granite",
  "bseNseNames" : "BSE: 513729 | NSE: AROGRANITE |",
  "seriesLink" : "EQ",
  "isinLink" : "INE210C01013",
  "sectorLink" : "Moneycontrol / Market / Share/Stock Price / Ceramics & Granite",
  "sectorTitle" : "CERAMICS & GRANITE",
  "bseData" : {
    "bsePrice" : "24.10",
    "bseVolume" : "1,110",
    "bsePrevClose" : "22.45",
    "bseOpenPrice" : "",
    "bseTodaysLow" : "22.90",
    "bseTodaysHigh" : "24.10",
    "bse52WeekLow" : "15.35",
    "bse52WeekHigh" : "60.35",
    "bseLowerPriceBand" : "20.25",
    "bseUpperPriceBand" : "24.65"
  },
  "nseData" : {
    "nsePrice" : "24.20",
    "nseVolume" : "26,052",
    "nsePrevClose" : "",
    "nseOpenPrice" : "",
    "nseTodaysLow" : "20.85",
    "nseTodaysHigh" : "24.50",
    "nse52WeekLow" : "14.65",
    "nse52WeekHigh" : "58.40",
    "nseLowerPriceBand" : "20.15",
    "nseUpperPriceBand" : "24.55"
  },
  "companyValuation" : {
    "marketCapital" : "36.87",
    "peRatio" : "5.61",
    "bookValue" : "117.79",
    "dividend" : "10.00",
    "marketLot" : "1",
    "industryPeRatio" : "9.26",
    "eps" : "4.31",
    "pcRatio" : "2.49",
    "bookPrice" : "0.20",
    "dividendYield" : "4.15",
    "faceValue" : "10.00",
    "deliverables" : "67.72"
  }
}