{
  "url" : "https://www.moneycontrol.com/india/stockpricequote/plastics/arrowgreentech/ACP",
  "companyName" : "Arrow Greentech Ltd.",
  "breadCrumb" : "Moneycontrol / Market / Share/Stock Price / Plastics",
  "bseNseNames" : "BSE: 516064 | NSE: ARROWGREEN |",
  "seriesLink" : "BE",
  "isinLink" : "INE570D01018",
  "sectorLink" : "Moneycontrol / Market / Share/Stock Price / Plastics",
  "sectorTitle" : "PLASTICS",
  "bseData" : {
    "bsePrice" : "34.65",
    "bseVolume" : "634",
    "bsePrevClose" : "33.60",
    "bseOpenPrice" : "",
    "bseTodaysLow" : "33.00",
    "bseTodaysHigh" : "34.65",
    "bse52WeekLow" : "30.35",
    "bse52WeekHigh" : "92.82",
    "bseLowerPriceBand" : "31.95",
    "bseUpperPriceBand" : "35.25"
  },
  "nseData" : {
    "nsePrice" : "33.45",
    "nseVolume" : "5,735",
    "nsePrevClose" : "",
    "nseOpenPrice" : "",
    "nseTodaysLow" : "33.45",
    "nseTodaysHigh" : "35.00",
    "nse52WeekLow" : "30.30",
    "nse52WeekHigh" : "89.89",
    "nseLowerPriceBand" : "32.20",
    "nseUpperPriceBand" : "35.50"
  },
  "companyValuation" : {
    "marketCapital" : "48.81",
    "peRatio" : "15.41",
    "bookValue" : "39.98",
    "dividend" : "5.00",
    "marketLot" : "1",
    "industryPeRatio" : "18.90",
    "eps" : "2.17",
    "pcRatio" : "7.29",
    "bookPrice" : "0.87",
    "dividendYield" : "1.44",
    "faceValue" : "10.00",
    "deliverables" : "53.58"
  }
}