{
  "url" : "https://www.moneycontrol.com/india/stockpricequote/transportlogistics/arshiya/AI60",
  "companyName" : "Arshiya Ltd.",
  "breadCrumb" : "Moneycontrol / Market / Share/Stock Price / Transport & Logistics",
  "bseNseNames" : "BSE: 506074 | NSE: ARSHIYA |",
  "seriesLink" : "EQ",
  "isinLink" : "INE968D01022",
  "sectorLink" : "Moneycontrol / Market / Share/Stock Price / Transport & Logistics",
  "sectorTitle" : "TRANSPORT & LOGISTICS",
  "bseData" : {
    "bsePrice" : "7.70",
    "bseVolume" : "596",
    "bsePrevClose" : "7.67",
    "bseOpenPrice" : "",
    "bseTodaysLow" : "7.50",
    "bseTodaysHigh" : "7.95",
    "bse52WeekLow" : "6.74",
    "bse52WeekHigh" : "36.90",
    "bseLowerPriceBand" : "7.29",
    "bseUpperPriceBand" : "8.05"
  },
  "nseData" : {
    "nsePrice" : "7.60",
    "nseVolume" : "23,178",
    "nsePrevClose" : "",
    "nseOpenPrice" : "",
    "nseTodaysLow" : "7.10",
    "nseTodaysHigh" : "7.60",
    "nse52WeekLow" : "6.45",
    "nse52WeekHigh" : "37.00",
    "nseLowerPriceBand" : "6.90",
    "nseUpperPriceBand" : "7.60"
  },
  "companyValuation" : {
    "marketCapital" : "198.72",
    "peRatio" : "22.35",
    "bookValue" : "66.57",
    "dividend" : "0.00",
    "marketLot" : "1",
    "industryPeRatio" : "17.39",
    "eps" : "0.34",
    "pcRatio" : "8.35",
    "bookPrice" : "0.12",
    "dividendYield" : "-",
    "faceValue" : "2.00",
    "deliverables" : "87.16"
  }
}