{
  "url" : "https://www.moneycontrol.com/india/stockpricequote/constructioncontracting-civil/arssinfrastructureprojects/AIP",
  "companyName" : "ARSS Infrastructure Projects Ltd.",
  "breadCrumb" : "Moneycontrol / Market / Share/Stock Price / Construction & Contracting - Civil",
  "bseNseNames" : "BSE: 533163 | NSE: ARSSINFRA |",
  "seriesLink" : "EQ",
  "isinLink" : "INE267I01010",
  "sectorLink" : "Moneycontrol / Market / Share/Stock Price / Construction & Contracting - Civil",
  "sectorTitle" : "CONSTRUCTION & CONTRACTING - CIVIL",
  "bseData" : {
    "bsePrice" : "11.84",
    "bseVolume" : "1,057",
    "bsePrevClose" : "11.00",
    "bseOpenPrice" : "",
    "bseTodaysLow" : "11.01",
    "bseTodaysHigh" : "11.94",
    "bse52WeekLow" : "9.11",
    "bse52WeekHigh" : "58.45",
    "bseLowerPriceBand" : "8.80",
    "bseUpperPriceBand" : "13.20"
  },
  "nseData" : {
    "nsePrice" : "11.80",
    "nseVolume" : "16,388",
    "nsePrevClose" : "",
    "nseOpenPrice" : "",
    "nseTodaysLow" : "10.90",
    "nseTodaysHigh" : "12.30",
    "nse52WeekLow" : "9.00",
    "nse52WeekHigh" : "63.30",
    "nseLowerPriceBand" : "8.95",
    "nseUpperPriceBand" : "13.35"
  },
  "companyValuation" : {
    "marketCapital" : "26.92",
    "peRatio" : "-",
    "bookValue" : "13.65",
    "dividend" : "0.00",
    "marketLot" : "1",
    "industryPeRatio" : "13.75",
    "eps" : "-",
    "pcRatio" : "1.47",
    "bookPrice" : "0.87",
    "dividendYield" : "-",
    "faceValue" : "10.00",
    "deliverables" : "62.53"
  }
}