{
  "url" : "https://www.moneycontrol.com/india/stockpricequote/paintsvarnishes/asianpaints/AP31",
  "companyName" : "Asian Paints Ltd.",
  "breadCrumb" : "Moneycontrol / Market / Share/Stock Price / Paints & Varnishes",
  "bseNseNames" : "BSE: 500820 | NSE: ASIANPAINT |",
  "seriesLink" : "EQ",
  "isinLink" : "INE021A01026",
  "sectorLink" : "Moneycontrol / Market / Share/Stock Price / Paints & Varnishes",
  "sectorTitle" : "PAINTS & VARNISHES",
  "bseData" : {
    "bsePrice" : "1609.60",
    "bseVolume" : "61,629",
    "bsePrevClose" : "1624.05",
    "bseOpenPrice" : "",
    "bseTodaysLow" : "1600.30",
    "bseTodaysHigh" : "1686.05",
    "bse52WeekLow" : "1291.45",
    "bse52WeekHigh" : "1915.90",
    "bseLowerPriceBand" : "1461.65",
    "bseUpperPriceBand" : "1786.45"
  },
  "nseData" : {
    "nsePrice" : "1608.95",
    "nseVolume" : "2,382,216",
    "nsePrevClose" : "",
    "nseOpenPrice" : "",
    "nseTodaysLow" : "1600.00",
    "nseTodaysHigh" : "1687.80",
    "nse52WeekLow" : "1291.25",
    "nse52WeekHigh" : "1916.70",
    "nseLowerPriceBand" : "1461.45",
    "nseUpperPriceBand" : "1786.15"
  },
  "companyValuation" : {
    "marketCapital" : "154,392.48",
    "peRatio" : "57.54",
    "bookValue" : "92.66",
    "dividend" : "1050.00",
    "marketLot" : "1",
    "industryPeRatio" : "71.07",
    "eps" : "27.96",
    "pcRatio" : "50.37",
    "bookPrice" : "17.37",
    "dividendYield" : "0.65",
    "faceValue" : "1.00",
    "deliverables" : "45.61"
  }
}