{
  "url" : "https://www.moneycontrol.com/india/stockpricequote/hotels/asianhotelsnorth/AH",
  "companyName" : "Asian Hotels (North) Ltd.",
  "breadCrumb" : "Moneycontrol / Market / Share/Stock Price / Hotels",
  "bseNseNames" : "BSE: 500023 | NSE: ASIANHOTNR |",
  "seriesLink" : "EQ",
  "isinLink" : "INE363A01022",
  "sectorLink" : "Moneycontrol / Market / Share/Stock Price / Hotels",
  "sectorTitle" : "HOTELS",
  "bseData" : {
    "bsePrice" : "67.00",
    "bseVolume" : "10",
    "bsePrevClose" : "67.00",
    "bseOpenPrice" : "",
    "bseTodaysLow" : "67.00",
    "bseTodaysHigh" : "67.00",
    "bse52WeekLow" : "54.20",
    "bse52WeekHigh" : "149.00",
    "bseLowerPriceBand" : "53.60",
    "bseUpperPriceBand" : "80.40"
  },
  "nseData" : {
    "nsePrice" : "71.55",
    "nseVolume" : "4,982",
    "nsePrevClose" : "",
    "nseOpenPrice" : "",
    "nseTodaysLow" : "66.00",
    "nseTodaysHigh" : "71.80",
    "nse52WeekLow" : "54.95",
    "nse52WeekHigh" : "145.50",
    "nseLowerPriceBand" : "52.35",
    "nseUpperPriceBand" : "78.45"
  },
  "companyValuation" : {
    "marketCapital" : "130.34",
    "peRatio" : "-",
    "bookValue" : "362.99",
    "dividend" : "0.00",
    "marketLot" : "1",
    "industryPeRatio" : "22.64",
    "eps" : "-",
    "pcRatio" : "-",
    "bookPrice" : "0.18",
    "dividendYield" : "-",
    "faceValue" : "10.00",
    "deliverables" : "34.51"
  }
}