{
  "url" : "https://www.moneycontrol.com/india/stockpricequote/ceramicsgranite/asiangranitoindia/AGI04",
  "companyName" : "Asian Granito India Ltd.",
  "breadCrumb" : "Moneycontrol / Market / Share/Stock Price / Ceramics & Granite",
  "bseNseNames" : "BSE: 532888 | NSE: ASIANTILES |",
  "seriesLink" : "EQ",
  "isinLink" : "INE022I01019",
  "sectorLink" : "Moneycontrol / Market / Share/Stock Price / Ceramics & Granite",
  "sectorTitle" : "CERAMICS & GRANITE",
  "bseData" : {
    "bsePrice" : "156.50",
    "bseVolume" : "642",
    "bsePrevClose" : "157.20",
    "bseOpenPrice" : "",
    "bseTodaysLow" : "156.50",
    "bseTodaysHigh" : "161.85",
    "bse52WeekLow" : "149.00",
    "bse52WeekHigh" : "275.00",
    "bseLowerPriceBand" : "125.80",
    "bseUpperPriceBand" : "188.60"
  },
  "nseData" : {
    "nsePrice" : "157.60",
    "nseVolume" : "19,917",
    "nsePrevClose" : "",
    "nseOpenPrice" : "",
    "nseTodaysLow" : "155.00",
    "nseTodaysHigh" : "162.90",
    "nse52WeekLow" : "150.00",
    "nse52WeekHigh" : "274.85",
    "nseLowerPriceBand" : "126.15",
    "nseUpperPriceBand" : "189.15"
  },
  "companyValuation" : {
    "marketCapital" : "470.87",
    "peRatio" : "18.43",
    "bookValue" : "126.34",
    "dividend" : "6.00",
    "marketLot" : "1",
    "industryPeRatio" : "19.83",
    "eps" : "8.55",
    "pcRatio" : "11.2",
    "bookPrice" : "1.24",
    "dividendYield" : "0.38",
    "faceValue" : "10.00",
    "deliverables" : "87.91"
  }
}