{
  "url" : "https://www.moneycontrol.com/india/stockpricequote/diversified/asterdmhealthcareltd/ADH",
  "companyName" : "Aster DM Healthcare Ltd Ltd.",
  "breadCrumb" : "Moneycontrol / Market / Share/Stock Price / Diversified",
  "bseNseNames" : "BSE: 540975 | NSE: ASTERDM |",
  "seriesLink" : "EQ",
  "isinLink" : "INE914M01019",
  "sectorLink" : "Moneycontrol / Market / Share/Stock Price / Diversified",
  "sectorTitle" : "DIVERSIFIED",
  "bseData" : {
    "bsePrice" : "99.30",
    "bseVolume" : "918,452",
    "bsePrevClose" : "94.75",
    "bseOpenPrice" : "",
    "bseTodaysLow" : "94.65",
    "bseTodaysHigh" : "103.50",
    "bse52WeekLow" : "78.50",
    "bse52WeekHigh" : "180.50",
    "bseLowerPriceBand" : "85.30",
    "bseUpperPriceBand" : "104.20"
  },
  "nseData" : {
    "nsePrice" : "99.25",
    "nseVolume" : "996,205",
    "nsePrevClose" : "",
    "nseOpenPrice" : "",
    "nseTodaysLow" : "93.80",
    "nseTodaysHigh" : "103.50",
    "nse52WeekLow" : "78.00",
    "nse52WeekHigh" : "181.80",
    "nseLowerPriceBand" : "85.10",
    "nseUpperPriceBand" : "104.00"
  },
  "companyValuation" : {
    "marketCapital" : "5,016.91",
    "peRatio" : "37.31",
    "bookValue" : "51.58",
    "dividend" : "0.00",
    "marketLot" : "1",
    "industryPeRatio" : "53.14",
    "eps" : "2.66",
    "pcRatio" : "25.19",
    "bookPrice" : "1.93",
    "dividendYield" : "-",
    "faceValue" : "10.00",
    "deliverables" : "89.97"
  }
}