{
  "url" : "https://www.moneycontrol.com/india/stockpricequote/pharmaceuticals/asteclifesciences/AL13",
  "companyName" : "Astec Lifesciences Ltd.",
  "breadCrumb" : "Moneycontrol / Market / Share/Stock Price / Pharmaceuticals",
  "bseNseNames" : "BSE: 533138 | NSE: ASTEC |",
  "seriesLink" : "EQ",
  "isinLink" : "INE563J01010",
  "sectorLink" : "Moneycontrol / Market / Share/Stock Price / Pharmaceuticals",
  "sectorTitle" : "PHARMACEUTICALS",
  "bseData" : {
    "bsePrice" : "464.50",
    "bseVolume" : "314",
    "bsePrevClose" : "438.35",
    "bseOpenPrice" : "",
    "bseTodaysLow" : "445.00",
    "bseTodaysHigh" : "464.50",
    "bse52WeekLow" : "305.00",
    "bse52WeekHigh" : "562.00",
    "bseLowerPriceBand" : "350.70",
    "bseUpperPriceBand" : "526.00"
  },
  "nseData" : {
    "nsePrice" : "460.05",
    "nseVolume" : "5,283",
    "nsePrevClose" : "",
    "nseOpenPrice" : "",
    "nseTodaysLow" : "440.00",
    "nseTodaysHigh" : "465.05",
    "nse52WeekLow" : "305.00",
    "nse52WeekHigh" : "548.00",
    "nseLowerPriceBand" : "355.15",
    "nseUpperPriceBand" : "532.65"
  },
  "companyValuation" : {
    "marketCapital" : "908.95",
    "peRatio" : "31.04",
    "bookValue" : "103.08",
    "dividend" : "15.00",
    "marketLot" : "1",
    "industryPeRatio" : "34.66",
    "eps" : "14.82",
    "pcRatio" : "18.62",
    "bookPrice" : "4.51",
    "dividendYield" : "0.32",
    "faceValue" : "10.00",
    "deliverables" : "50.79"
  }
}