{
  "url" : "https://www.moneycontrol.com/india/stockpricequote/pharmaceuticals/astrazenecapharma/AZP",
  "companyName" : "AstraZeneca Pharma Ltd.",
  "breadCrumb" : "Moneycontrol / Market / Share/Stock Price / Pharmaceuticals",
  "bseNseNames" : "BSE: 506820 | NSE: ASTRAZEN |",
  "seriesLink" : "EQ",
  "isinLink" : "INE203A01020",
  "sectorLink" : "Moneycontrol / Market / Share/Stock Price / Pharmaceuticals",
  "sectorTitle" : "PHARMACEUTICALS",
  "bseData" : {
    "bsePrice" : "2525.40",
    "bseVolume" : "2,301",
    "bsePrevClose" : "2694.10",
    "bseOpenPrice" : "",
    "bseTodaysLow" : "2525.25",
    "bseTodaysHigh" : "2828.05",
    "bse52WeekLow" : "1635.30",
    "bse52WeekHigh" : "2940.45",
    "bseLowerPriceBand" : "2155.30",
    "bseUpperPriceBand" : "3232.90"
  },
  "nseData" : {
    "nsePrice" : "2561.60",
    "nseVolume" : "38,510",
    "nsePrevClose" : "",
    "nseOpenPrice" : "",
    "nseTodaysLow" : "2544.00",
    "nseTodaysHigh" : "2830.00",
    "nse52WeekLow" : "1632.55",
    "nse52WeekHigh" : "2939.90",
    "nseLowerPriceBand" : "2154.95",
    "nseUpperPriceBand" : "3232.35"
  },
  "companyValuation" : {
    "marketCapital" : "6,313.50",
    "peRatio" : "88.39",
    "bookValue" : "120.32",
    "dividend" : "0.00",
    "marketLot" : "1",
    "industryPeRatio" : "32.25",
    "eps" : "28.98",
    "pcRatio" : "73.29",
    "bookPrice" : "20.99",
    "dividendYield" : "-",
    "faceValue" : "2.00",
    "deliverables" : "41.24"
  }
}