{
  "url" : "https://www.moneycontrol.com/india/stockpricequote/telecommunications-equipment/astramicrowaveproducts/AMP01",
  "companyName" : "Astra Microwave Products Ltd.",
  "breadCrumb" : "Moneycontrol / Market / Share/Stock Price / Telecommunications - Equipment",
  "bseNseNames" : "BSE: 532493 | NSE: ASTRAMICRO |",
  "seriesLink" : "EQ",
  "isinLink" : "INE386C01029",
  "sectorLink" : "Moneycontrol / Market / Share/Stock Price / Telecommunications - Equipment",
  "sectorTitle" : "TELECOMMUNICATIONS - EQUIPMENT",
  "bseData" : {
    "bsePrice" : "62.45",
    "bseVolume" : "14,005",
    "bsePrevClose" : "56.80",
    "bseOpenPrice" : "",
    "bseTodaysLow" : "56.00",
    "bseTodaysHigh" : "62.45",
    "bse52WeekLow" : "45.85",
    "bse52WeekHigh" : "108.95",
    "bseLowerPriceBand" : "51.15",
    "bseUpperPriceBand" : "62.45"
  },
  "nseData" : {
    "nsePrice" : "61.70",
    "nseVolume" : "253,097",
    "nsePrevClose" : "",
    "nseOpenPrice" : "",
    "nseTodaysLow" : "55.85",
    "nseTodaysHigh" : "62.55",
    "nse52WeekLow" : "45.25",
    "nse52WeekHigh" : "109.00",
    "nseLowerPriceBand" : "51.25",
    "nseUpperPriceBand" : "62.55"
  },
  "companyValuation" : {
    "marketCapital" : "540.89",
    "peRatio" : "12.19",
    "bookValue" : "58.07",
    "dividend" : "12.50",
    "marketLot" : "1",
    "industryPeRatio" : "11.59",
    "eps" : "5.06",
    "pcRatio" : "7.38",
    "bookPrice" : "1.08",
    "dividendYield" : "0.40",
    "faceValue" : "2.00",
    "deliverables" : "62.93"
  }
}