{
  "url" : "https://www.moneycontrol.com/india/stockpricequote/plastics/astralpolytechnik/APT02",
  "companyName" : "Astral Poly Technik Ltd.",
  "breadCrumb" : "Moneycontrol / Market / Share/Stock Price / Plastics",
  "bseNseNames" : "BSE: 532830 | NSE: ASTRAL |",
  "seriesLink" : "EQ",
  "isinLink" : "INE006I01046",
  "sectorLink" : "Moneycontrol / Market / Share/Stock Price / Plastics",
  "sectorTitle" : "PLASTICS",
  "bseData" : {
    "bsePrice" : "950.55",
    "bseVolume" : "2,481",
    "bsePrevClose" : "973.10",
    "bseOpenPrice" : "",
    "bseTodaysLow" : "950.55",
    "bseTodaysHigh" : "983.15",
    "bse52WeekLow" : "747.60",
    "bse52WeekHigh" : "1364.40",
    "bseLowerPriceBand" : "778.50",
    "bseUpperPriceBand" : "1167.70"
  },
  "nseData" : {
    "nsePrice" : "955.45",
    "nseVolume" : "59,212",
    "nsePrevClose" : "",
    "nseOpenPrice" : "",
    "nseTodaysLow" : "952.00",
    "nseTodaysHigh" : "986.00",
    "nse52WeekLow" : "745.65",
    "nse52WeekHigh" : "1367.20",
    "nseLowerPriceBand" : "779.10",
    "nseUpperPriceBand" : "1168.60"
  },
  "companyValuation" : {
    "marketCapital" : "14,321.20",
    "peRatio" : "69.09",
    "bookValue" : "76.52",
    "dividend" : "70.00",
    "marketLot" : "1",
    "industryPeRatio" : "32.01",
    "eps" : "13.83",
    "pcRatio" : "52.24",
    "bookPrice" : "12.42",
    "dividendYield" : "0.07",
    "faceValue" : "1.00",
    "deliverables" : "50.47"
  }
}