{
  "url" : "https://www.moneycontrol.com/india/stockpricequote/edible-oilssolvent-extraction/agrotechfoods/ATF",
  "companyName" : "Agro Tech Foods Ltd.",
  "breadCrumb" : "Moneycontrol / Market / Share/Stock Price / Edible Oils & Solvent Extraction",
  "bseNseNames" : "BSE: 500215 | NSE: ATFL |",
  "seriesLink" : "EQ",
  "isinLink" : "INE209A01019",
  "sectorLink" : "Moneycontrol / Market / Share/Stock Price / Edible Oils & Solvent Extraction",
  "sectorTitle" : "EDIBLE OILS & SOLVENT EXTRACTION",
  "bseData" : {
    "bsePrice" : "484.90",
    "bseVolume" : "120",
    "bsePrevClose" : "472.25",
    "bseOpenPrice" : "",
    "bseTodaysLow" : "478.00",
    "bseTodaysHigh" : "495.25",
    "bse52WeekLow" : "350.00",
    "bse52WeekHigh" : "738.10",
    "bseLowerPriceBand" : "377.80",
    "bseUpperPriceBand" : "566.70"
  },
  "nseData" : {
    "nsePrice" : "481.55",
    "nseVolume" : "6,104",
    "nsePrevClose" : "",
    "nseOpenPrice" : "",
    "nseTodaysLow" : "475.00",
    "nseTodaysHigh" : "499.00",
    "nse52WeekLow" : "348.20",
    "nse52WeekHigh" : "737.00",
    "nseLowerPriceBand" : "383.75",
    "nseUpperPriceBand" : "575.55"
  },
  "companyValuation" : {
    "marketCapital" : "1,181.67",
    "peRatio" : "30.67",
    "bookValue" : "146.75",
    "dividend" : "25.00",
    "marketLot" : "1",
    "industryPeRatio" : "14.77",
    "eps" : "15.7",
    "pcRatio" : "21.33",
    "bookPrice" : "3.30",
    "dividendYield" : "0.52",
    "faceValue" : "10.00",
    "deliverables" : "60.68"
  }
}