{
  "url" : "https://www.moneycontrol.com/india/stockpricequote/miscellaneous/atlascycleindustries/ACI08",
  "companyName" : "Atlas Cycle Industries Ltd.",
  "breadCrumb" : "Moneycontrol / Market / Share/Stock Price / Miscellaneous",
  "bseNseNames" : "BSE: 505029 | NSE: ATLASCYCLE |",
  "seriesLink" : "BE",
  "isinLink" : "INE446A01025",
  "sectorLink" : "Moneycontrol / Market / Share/Stock Price / Miscellaneous",
  "sectorTitle" : "MISCELLANEOUS",
  "bseData" : {
    "bsePrice" : "30.80",
    "bseVolume" : "3,207",
    "bsePrevClose" : "31.35",
    "bseOpenPrice" : "",
    "bseTodaysLow" : "29.80",
    "bseTodaysHigh" : "31.35",
    "bse52WeekLow" : "27.75",
    "bse52WeekHigh" : "90.10",
    "bseLowerPriceBand" : "29.80",
    "bseUpperPriceBand" : "32.90"
  },
  "nseData" : {
    "nsePrice" : "30.70",
    "nseVolume" : "2,000",
    "nsePrevClose" : "",
    "nseOpenPrice" : "",
    "nseTodaysLow" : "29.50",
    "nseTodaysHigh" : "31.50",
    "nse52WeekLow" : "26.60",
    "nse52WeekHigh" : "90.40",
    "nseLowerPriceBand" : "28.50",
    "nseUpperPriceBand" : "31.50"
  },
  "companyValuation" : {
    "marketCapital" : "20.03",
    "peRatio" : "-",
    "bookValue" : "73.58",
    "dividend" : "0.00",
    "marketLot" : "1",
    "industryPeRatio" : "22.04",
    "eps" : "-",
    "pcRatio" : "-",
    "bookPrice" : "0.42",
    "dividendYield" : "-",
    "faceValue" : "5.00",
    "deliverables" : "100.00"
  }
}