{
  "url" : "https://www.moneycontrol.com/india/stockpricequote/mediaentertainment/atninternational/AI50",
  "companyName" : "ATN International Ltd.",
  "breadCrumb" : "Moneycontrol / Market / Share/Stock Price / Media & Entertainment",
  "bseNseNames" : "BSE: 511427 | NSE: ATNINTER |",
  "seriesLink" : "BE",
  "isinLink" : "INE803A01027",
  "sectorLink" : "Moneycontrol / Market / Share/Stock Price / Media & Entertainment",
  "sectorTitle" : "MEDIA & ENTERTAINMENT",
  "bseData" : {
    "bsePrice" : "0.22",
    "bseVolume" : "1",
    "bsePrevClose" : "0.22",
    "bseOpenPrice" : "",
    "bseTodaysLow" : "0.22",
    "bseTodaysHigh" : "0.22",
    "bse52WeekLow" : "0.19",
    "bse52WeekHigh" : "0.26",
    "bseLowerPriceBand" : "0.21",
    "bseUpperPriceBand" : "0.23"
  },
  "nseData" : {
    "nsePrice" : "0.10",
    "nseVolume" : "12,716",
    "nsePrevClose" : "",
    "nseOpenPrice" : "",
    "nseTodaysLow" : "0.10",
    "nseTodaysHigh" : "0.10",
    "nse52WeekLow" : "0.05",
    "nse52WeekHigh" : "0.50",
    "nseLowerPriceBand" : "0.05",
    "nseUpperPriceBand" : "0.15"
  },
  "companyValuation" : {
    "marketCapital" : "0.87",
    "peRatio" : "-",
    "bookValue" : "-0.35",
    "dividend" : "0.00",
    "marketLot" : "1",
    "industryPeRatio" : "23.58",
    "eps" : "-",
    "pcRatio" : "-",
    "bookPrice" : "-",
    "dividendYield" : "-",
    "faceValue" : "4.00",
    "deliverables" : "100.00"
  }
}