{
  "url" : "https://www.moneycontrol.com/india/stockpricequote/auto-23-wheelers/atulauto/AA08",
  "companyName" : "Atul Auto Ltd.",
  "breadCrumb" : "Moneycontrol / Market / Share/Stock Price / Auto - 2 & 3 Wheelers",
  "bseNseNames" : "BSE: 531795 | NSE: ATULAUTO |",
  "seriesLink" : "EQ",
  "isinLink" : "INE951D01028",
  "sectorLink" : "Moneycontrol / Market / Share/Stock Price / Auto - 2 & 3 Wheelers",
  "sectorTitle" : "AUTO - 2 & 3 WHEELERS",
  "bseData" : {
    "bsePrice" : "150.40",
    "bseVolume" : "3,090",
    "bsePrevClose" : "146.30",
    "bseOpenPrice" : "",
    "bseTodaysLow" : "143.25",
    "bseTodaysHigh" : "153.60",
    "bse52WeekLow" : "117.00",
    "bse52WeekHigh" : "372.40",
    "bseLowerPriceBand" : "139.00",
    "bseUpperPriceBand" : "153.60"
  },
  "nseData" : {
    "nsePrice" : "153.45",
    "nseVolume" : "13,699",
    "nsePrevClose" : "",
    "nseOpenPrice" : "",
    "nseTodaysLow" : "146.80",
    "nseTodaysHigh" : "154.05",
    "nse52WeekLow" : "116.80",
    "nse52WeekHigh" : "344.00",
    "nseLowerPriceBand" : "139.45",
    "nseUpperPriceBand" : "154.05"
  },
  "companyValuation" : {
    "marketCapital" : "330.03",
    "peRatio" : "5.57",
    "bookValue" : "117.85",
    "dividend" : "80.00",
    "marketLot" : "1",
    "industryPeRatio" : "13.13",
    "eps" : "27.53",
    "pcRatio" : "5.11",
    "bookPrice" : "1.28",
    "dividendYield" : "2.66",
    "faceValue" : "5.00",
    "deliverables" : "83.03"
  }
}