{
  "url" : "https://www.moneycontrol.com/india/stockpricequote/banks-private-sector/ausmallfinancebank/ASF02",
  "companyName" : "AU Small Finance Bank Ltd.",
  "breadCrumb" : "Moneycontrol / Market / Share/Stock Price / Banks - Private Sector",
  "bseNseNames" : "BSE: 540611 | NSE: AUBANK |",
  "seriesLink" : "EQ",
  "isinLink" : "INE949L01017",
  "sectorLink" : "Moneycontrol / Market / Share/Stock Price / Banks - Private Sector",
  "sectorTitle" : "BANKS - PRIVATE SECTOR",
  "bseData" : {
    "bsePrice" : "472.00",
    "bseVolume" : "44,748",
    "bsePrevClose" : "479.25",
    "bseOpenPrice" : "",
    "bseTodaysLow" : "456.00",
    "bseTodaysHigh" : "490.00",
    "bse52WeekLow" : "444.10",
    "bse52WeekHigh" : "1217.70",
    "bseLowerPriceBand" : "455.30",
    "bseUpperPriceBand" : "503.20"
  },
  "nseData" : {
    "nsePrice" : "480.30",
    "nseVolume" : "1,791,057",
    "nsePrevClose" : "",
    "nseOpenPrice" : "",
    "nseTodaysLow" : "457.00",
    "nseTodaysHigh" : "490.00",
    "nse52WeekLow" : "443.60",
    "nse52WeekHigh" : "1218.00",
    "nseLowerPriceBand" : "454.50",
    "nseUpperPriceBand" : "502.30"
  },
  "companyValuation" : {
    "marketCapital" : "14,354.62",
    "peRatio" : "21.78",
    "bookValue" : "97.22",
    "dividend" : "7.50",
    "marketLot" : "1",
    "industryPeRatio" : "25.53",
    "eps" : "22.05",
    "pcRatio" : "19.95",
    "bookPrice" : "4.85",
    "dividendYield" : "0.16",
    "faceValue" : "10.00",
    "deliverables" : "78.06"
  }
}