{
  "url" : "https://www.moneycontrol.com/india/stockpricequote/computers-software-mediumsmall/aurionprosolutions/PS12",
  "companyName" : "aurionPro Solutions Ltd.",
  "breadCrumb" : "Moneycontrol / Market / Share/Stock Price / Computers - Software Medium & Small",
  "bseNseNames" : "BSE: 532668 | NSE: AURIONPRO |",
  "seriesLink" : "EQ",
  "isinLink" : "INE132H01018",
  "sectorLink" : "Moneycontrol / Market / Share/Stock Price / Computers - Software Medium & Small",
  "sectorTitle" : "COMPUTERS - SOFTWARE MEDIUM & SMALL",
  "bseData" : {
    "bsePrice" : "42.50",
    "bseVolume" : "1,023",
    "bsePrevClose" : "41.90",
    "bseOpenPrice" : "",
    "bseTodaysLow" : "42.50",
    "bseTodaysHigh" : "43.60",
    "bse52WeekLow" : "27.05",
    "bse52WeekHigh" : "159.00",
    "bseLowerPriceBand" : "33.55",
    "bseUpperPriceBand" : "50.25"
  },
  "nseData" : {
    "nsePrice" : "42.90",
    "nseVolume" : "8,828",
    "nsePrevClose" : "",
    "nseOpenPrice" : "",
    "nseTodaysLow" : "40.00",
    "nseTodaysHigh" : "43.70",
    "nse52WeekLow" : "27.20",
    "nse52WeekHigh" : "158.75",
    "nseLowerPriceBand" : "32.80",
    "nseUpperPriceBand" : "49.10"
  },
  "companyValuation" : {
    "marketCapital" : "96.90",
    "peRatio" : "17.23",
    "bookValue" : "106.48",
    "dividend" : "20.00",
    "marketLot" : "1",
    "industryPeRatio" : "18.30",
    "eps" : "2.49",
    "pcRatio" : "6.35",
    "bookPrice" : "0.40",
    "dividendYield" : "4.71",
    "faceValue" : "10.00",
    "deliverables" : "81.13"
  }
}