{
  "url" : "https://www.moneycontrol.com/india/stockpricequote/pharmaceuticals/aurobindopharma/AP",
  "companyName" : "Aurobindo Pharma Ltd.",
  "breadCrumb" : "Moneycontrol / Market / Share/Stock Price / Pharmaceuticals",
  "bseNseNames" : "BSE: 524804 | NSE: AUROPHARMA |",
  "seriesLink" : "EQ",
  "isinLink" : "INE406A01037",
  "sectorLink" : "Moneycontrol / Market / Share/Stock Price / Pharmaceuticals",
  "sectorTitle" : "PHARMACEUTICALS",
  "bseData" : {
    "bsePrice" : "438.25",
    "bseVolume" : "568,722",
    "bsePrevClose" : "445.50",
    "bseOpenPrice" : "",
    "bseTodaysLow" : "425.15",
    "bseTodaysHigh" : "476.00",
    "bse52WeekLow" : "281.15",
    "bse52WeekHigh" : "838.00",
    "bseLowerPriceBand" : "400.95",
    "bseUpperPriceBand" : "490.05"
  },
  "nseData" : {
    "nsePrice" : "438.15",
    "nseVolume" : "13,186,213",
    "nsePrevClose" : "",
    "nseOpenPrice" : "",
    "nseTodaysLow" : "426.30",
    "nseTodaysHigh" : "476.30",
    "nse52WeekLow" : "288.85",
    "nse52WeekHigh" : "838.00",
    "nseLowerPriceBand" : "401.15",
    "nseUpperPriceBand" : "490.25"
  },
  "companyValuation" : {
    "marketCapital" : "25,678.76",
    "peRatio" : "15.97",
    "bookValue" : "193.72",
    "dividend" : "250.00",
    "marketLot" : "1",
    "industryPeRatio" : "32.25",
    "eps" : "27.44",
    "pcRatio" : "12.7",
    "bookPrice" : "2.26",
    "dividendYield" : "0.57",
    "faceValue" : "1.00",
    "deliverables" : "15.57"
  }
}