{
  "url" : "https://www.moneycontrol.com/india/stockpricequote/finance-investments/ausomenterprise/CE06",
  "companyName" : "Ausom Enterprise Ltd.",
  "breadCrumb" : "Moneycontrol / Market / Share/Stock Price / Finance - Investments",
  "bseNseNames" : "BSE: 509009 | NSE: AUSOMENT |",
  "seriesLink" : "EQ",
  "isinLink" : "INE218C01016",
  "sectorLink" : "Moneycontrol / Market / Share/Stock Price / Finance - Investments",
  "sectorTitle" : "FINANCE - INVESTMENTS",
  "bseData" : {
    "bsePrice" : "34.75",
    "bseVolume" : "2",
    "bsePrevClose" : "33.10",
    "bseOpenPrice" : "",
    "bseTodaysLow" : "34.75",
    "bseTodaysHigh" : "34.75",
    "bse52WeekLow" : "26.00",
    "bse52WeekHigh" : "52.30",
    "bseLowerPriceBand" : "31.45",
    "bseUpperPriceBand" : "34.75"
  },
  "nseData" : {
    "nsePrice" : "26.10",
    "nseVolume" : "100",
    "nsePrevClose" : "",
    "nseOpenPrice" : "",
    "nseTodaysLow" : "26.10",
    "nseTodaysHigh" : "26.10",
    "nse52WeekLow" : "23.35",
    "nse52WeekHigh" : "51.35",
    "nseLowerPriceBand" : "23.75",
    "nseUpperPriceBand" : "26.25"
  },
  "companyValuation" : {
    "marketCapital" : "47.34",
    "peRatio" : "1.28",
    "bookValue" : "53.28",
    "dividend" : "0.00",
    "marketLot" : "1",
    "industryPeRatio" : "26.52",
    "eps" : "20.34",
    "pcRatio" : "1.28",
    "bookPrice" : "0.65",
    "dividendYield" : "-",
    "faceValue" : "10.00",
    "deliverables" : "99.53"
  }
}