{
  "url" : "https://www.moneycontrol.com/india/stockpricequote/auto-ancillaries/autolineindustries/AI59",
  "companyName" : "Autoline Industries Ltd.",
  "breadCrumb" : "Moneycontrol / Market / Share/Stock Price / Auto Ancillaries",
  "bseNseNames" : "BSE: 532797 | NSE: AUTOIND |",
  "seriesLink" : "EQ",
  "isinLink" : "INE718H01014",
  "sectorLink" : "Moneycontrol / Market / Share/Stock Price / Auto Ancillaries",
  "sectorTitle" : "AUTO ANCILLARIES",
  "bseData" : {
    "bsePrice" : "10.88",
    "bseVolume" : "13",
    "bsePrevClose" : "10.81",
    "bseOpenPrice" : "",
    "bseTodaysLow" : "10.88",
    "bseTodaysHigh" : "10.88",
    "bse52WeekLow" : "9.20",
    "bse52WeekHigh" : "55.90",
    "bseLowerPriceBand" : "10.27",
    "bseUpperPriceBand" : "11.35"
  },
  "nseData" : {
    "nsePrice" : "11.35",
    "nseVolume" : "9,358",
    "nsePrevClose" : "",
    "nseOpenPrice" : "",
    "nseTodaysLow" : "11.10",
    "nseTodaysHigh" : "11.35",
    "nse52WeekLow" : "9.10",
    "nse52WeekHigh" : "55.90",
    "nseLowerPriceBand" : "10.35",
    "nseUpperPriceBand" : "11.35"
  },
  "companyValuation" : {
    "marketCapital" : "29.41",
    "peRatio" : "-",
    "bookValue" : "33.04",
    "dividend" : "0.00",
    "marketLot" : "1",
    "industryPeRatio" : "14.30",
    "eps" : "-",
    "pcRatio" : "3.52",
    "bookPrice" : "0.33",
    "dividendYield" : "-",
    "faceValue" : "10.00",
    "deliverables" : "86.44"
  }
}