{
  "url" : "https://www.moneycontrol.com/india/stockpricequote/auto-ancillaries/automotiveaxles/AA06",
  "companyName" : "Automotive Axles Ltd.",
  "breadCrumb" : "Moneycontrol / Market / Share/Stock Price / Auto Ancillaries",
  "bseNseNames" : "BSE: 505010 | NSE: AUTOAXLES |",
  "seriesLink" : "EQ",
  "isinLink" : "INE449A01011",
  "sectorLink" : "Moneycontrol / Market / Share/Stock Price / Auto Ancillaries",
  "sectorTitle" : "AUTO ANCILLARIES",
  "bseData" : {
    "bsePrice" : "414.25",
    "bseVolume" : "364",
    "bsePrevClose" : "400.70",
    "bseOpenPrice" : "",
    "bseTodaysLow" : "400.00",
    "bseTodaysHigh" : "422.90",
    "bse52WeekLow" : "335.70",
    "bse52WeekHigh" : "1285.00",
    "bseLowerPriceBand" : "360.65",
    "bseUpperPriceBand" : "440.75"
  },
  "nseData" : {
    "nsePrice" : "413.45",
    "nseVolume" : "5,448",
    "nsePrevClose" : "",
    "nseOpenPrice" : "",
    "nseTodaysLow" : "398.05",
    "nseTodaysHigh" : "423.50",
    "nse52WeekLow" : "335.60",
    "nse52WeekHigh" : "1230.00",
    "nseLowerPriceBand" : "359.40",
    "nseUpperPriceBand" : "439.20"
  },
  "companyValuation" : {
    "marketCapital" : "626.01",
    "peRatio" : "9.56",
    "bookValue" : "356.30",
    "dividend" : "195.00",
    "marketLot" : "1",
    "industryPeRatio" : "5.11",
    "eps" : "43.24",
    "pcRatio" : "5.6",
    "bookPrice" : "1.16",
    "dividendYield" : "4.71",
    "faceValue" : "10.00",
    "deliverables" : "58.60"
  }
}