{
  "url" : "https://www.moneycontrol.com/india/stockpricequote/auto-ancillaries/autoliteindia/AI31",
  "companyName" : "Autolite (India) Ltd.",
  "breadCrumb" : "Moneycontrol / Market / Share/Stock Price / Auto Ancillaries",
  "bseNseNames" : "BSE: 500029 | NSE: AUTOLITIND |",
  "seriesLink" : "EQ",
  "isinLink" : "INE448A01013",
  "sectorLink" : "Moneycontrol / Market / Share/Stock Price / Auto Ancillaries",
  "sectorTitle" : "AUTO ANCILLARIES",
  "bseData" : {
    "bsePrice" : "14.20",
    "bseVolume" : "190",
    "bsePrevClose" : "14.50",
    "bseOpenPrice" : "",
    "bseTodaysLow" : "13.78",
    "bseTodaysHigh" : "15.20",
    "bse52WeekLow" : "10.60",
    "bse52WeekHigh" : "40.45",
    "bseLowerPriceBand" : "13.78",
    "bseUpperPriceBand" : "15.22"
  },
  "nseData" : {
    "nsePrice" : "13.80",
    "nseVolume" : "4,699",
    "nsePrevClose" : "",
    "nseOpenPrice" : "",
    "nseTodaysLow" : "13.20",
    "nseTodaysHigh" : "14.40",
    "nse52WeekLow" : "10.40",
    "nse52WeekHigh" : "40.40",
    "nseLowerPriceBand" : "13.10",
    "nseUpperPriceBand" : "14.40"
  },
  "companyValuation" : {
    "marketCapital" : "15.88",
    "peRatio" : "-",
    "bookValue" : "36.09",
    "dividend" : "0.00",
    "marketLot" : "1",
    "industryPeRatio" : "10.78",
    "eps" : "-",
    "pcRatio" : "12",
    "bookPrice" : "0.39",
    "dividendYield" : "-",
    "faceValue" : "10.00",
    "deliverables" : "60.33"
  }
}