{
  "url" : "https://www.moneycontrol.com/india/stockpricequote/aquaculture/avantifeeds/AF21",
  "companyName" : "Avanti Feeds Ltd.",
  "breadCrumb" : "Moneycontrol / Market / Share/Stock Price / Aquaculture",
  "bseNseNames" : "BSE: 512573 | NSE: AVANTIFEED |",
  "seriesLink" : "EQ",
  "isinLink" : "INE871C01038",
  "sectorLink" : "Moneycontrol / Market / Share/Stock Price / Aquaculture",
  "sectorTitle" : "AQUACULTURE",
  "bseData" : {
    "bsePrice" : "341.95",
    "bseVolume" : "49,810",
    "bsePrevClose" : "310.90",
    "bseOpenPrice" : "",
    "bseTodaysLow" : "310.90",
    "bseTodaysHigh" : "341.95",
    "bse52WeekLow" : "250.00",
    "bse52WeekHigh" : "769.90",
    "bseLowerPriceBand" : "279.85",
    "bseUpperPriceBand" : "341.95"
  },
  "nseData" : {
    "nsePrice" : "341.35",
    "nseVolume" : "748,404",
    "nsePrevClose" : "",
    "nseOpenPrice" : "",
    "nseTodaysLow" : "310.50",
    "nseTodaysHigh" : "341.55",
    "nse52WeekLow" : "250.50",
    "nse52WeekHigh" : "770.00",
    "nseLowerPriceBand" : "279.45",
    "nseUpperPriceBand" : "341.55"
  },
  "companyValuation" : {
    "marketCapital" : "4,658.92",
    "peRatio" : "17.07",
    "bookValue" : "77.97",
    "dividend" : "400.00",
    "marketLot" : "1",
    "industryPeRatio" : "19.59",
    "eps" : "20.0",
    "pcRatio" : "15.88",
    "bookPrice" : "4.39",
    "dividendYield" : "1.17",
    "faceValue" : "1.00",
    "deliverables" : "33.90"
  }
}