{
  "url" : "https://www.moneycontrol.com/india/stockpricequote/edible-oilssolvent-extraction/avtnaturalproducts/AVT02",
  "companyName" : "AVT Natural Products Ltd.",
  "breadCrumb" : "Moneycontrol / Market / Share/Stock Price / Edible Oils & Solvent Extraction",
  "bseNseNames" : "BSE: 519105 | NSE: AVTNPL |",
  "seriesLink" : "EQ",
  "isinLink" : "INE488D01021",
  "sectorLink" : "Moneycontrol / Market / Share/Stock Price / Edible Oils & Solvent Extraction",
  "sectorTitle" : "EDIBLE OILS & SOLVENT EXTRACTION",
  "bseData" : {
    "bsePrice" : "27.85",
    "bseVolume" : "11,174",
    "bsePrevClose" : "25.05",
    "bseOpenPrice" : "",
    "bseTodaysLow" : "24.80",
    "bseTodaysHigh" : "27.90",
    "bse52WeekLow" : "18.60",
    "bse52WeekHigh" : "44.00",
    "bseLowerPriceBand" : "20.05",
    "bseUpperPriceBand" : "30.05"
  },
  "nseData" : {
    "nsePrice" : "27.25",
    "nseVolume" : "213,540",
    "nsePrevClose" : "",
    "nseOpenPrice" : "",
    "nseTodaysLow" : "24.25",
    "nseTodaysHigh" : "27.80",
    "nse52WeekLow" : "18.80",
    "nse52WeekHigh" : "44.00",
    "nseLowerPriceBand" : "20.05",
    "nseUpperPriceBand" : "30.05"
  },
  "companyValuation" : {
    "marketCapital" : "424.11",
    "peRatio" : "11.65",
    "bookValue" : "17.18",
    "dividend" : "40.00",
    "marketLot" : "1",
    "industryPeRatio" : "14.77",
    "eps" : "2.34",
    "pcRatio" : "8.93",
    "bookPrice" : "1.62",
    "dividendYield" : "1.44",
    "faceValue" : "1.00",
    "deliverables" : "47.86"
  }
}