{
  "url" : "https://www.moneycontrol.com/india/stockpricequote/banks-private-sector/axisbank/AB16",
  "companyName" : "Axis Bank Ltd.",
  "breadCrumb" : "Moneycontrol / Market / Share/Stock Price / Banks - Private Sector",
  "bseNseNames" : "BSE: 532215 | NSE: AXISBANK |",
  "seriesLink" : "EQ",
  "isinLink" : "INE238A01034",
  "sectorLink" : "Moneycontrol / Market / Share/Stock Price / Banks - Private Sector",
  "sectorTitle" : "BANKS - PRIVATE SECTOR",
  "bseData" : {
    "bsePrice" : "391.30",
    "bseVolume" : "2,420,419",
    "bsePrevClose" : "388.80",
    "bseOpenPrice" : "",
    "bseTodaysLow" : "373.70",
    "bseTodaysHigh" : "427.65",
    "bse52WeekLow" : "285.00",
    "bse52WeekHigh" : "826.55",
    "bseLowerPriceBand" : "349.95",
    "bseUpperPriceBand" : "447.10"
  },
  "nseData" : {
    "nsePrice" : "391.35",
    "nseVolume" : "64,930,772",
    "nsePrevClose" : "",
    "nseOpenPrice" : "",
    "nseTodaysLow" : "373.50",
    "nseTodaysHigh" : "427.70",
    "nse52WeekLow" : "286.00",
    "nse52WeekHigh" : "827.75",
    "nseLowerPriceBand" : "350.00",
    "nseUpperPriceBand" : "427.70"
  },
  "companyValuation" : {
    "marketCapital" : "110,412.26",
    "peRatio" : "24.43",
    "bookValue" : "236.48",
    "dividend" : "50.00",
    "marketLot" : "1",
    "industryPeRatio" : "25.53",
    "eps" : "16.02",
    "pcRatio" : "21.12",
    "bookPrice" : "1.65",
    "dividendYield" : "0.26",
    "faceValue" : "2.00",
    "deliverables" : "26.07"
  }
}