{
  "url" : "https://www.moneycontrol.com/india/stockpricequote/computers-software-mediumsmall/axiscadesengineeringtechnologies/AXI",
  "companyName" : "AXISCADES Engineering Technologies Ltd.",
  "breadCrumb" : "Moneycontrol / Market / Share/Stock Price / Computers - Software Medium & Small",
  "bseNseNames" : "BSE: 532395 | NSE: AXISCADES |",
  "seriesLink" : "EQ",
  "isinLink" : "INE555B01013",
  "sectorLink" : "Moneycontrol / Market / Share/Stock Price / Computers - Software Medium & Small",
  "sectorTitle" : "COMPUTERS - SOFTWARE MEDIUM & SMALL",
  "bseData" : {
    "bsePrice" : "31.30",
    "bseVolume" : "8,194",
    "bsePrevClose" : "29.95",
    "bseOpenPrice" : "",
    "bseTodaysLow" : "28.55",
    "bseTodaysHigh" : "31.40",
    "bse52WeekLow" : "26.70",
    "bse52WeekHigh" : "86.50",
    "bseLowerPriceBand" : "28.50",
    "bseUpperPriceBand" : "31.40"
  },
  "nseData" : {
    "nsePrice" : "31.40",
    "nseVolume" : "39,670",
    "nsePrevClose" : "",
    "nseOpenPrice" : "",
    "nseTodaysLow" : "28.65",
    "nseTodaysHigh" : "31.50",
    "nse52WeekLow" : "26.50",
    "nse52WeekHigh" : "86.50",
    "nseLowerPriceBand" : "28.50",
    "nseUpperPriceBand" : "31.50"
  },
  "companyValuation" : {
    "marketCapital" : "118.19",
    "peRatio" : "-",
    "bookValue" : "59.78",
    "dividend" : "0.00",
    "marketLot" : "1",
    "industryPeRatio" : "7.08",
    "eps" : "-",
    "pcRatio" : "-",
    "bookPrice" : "0.52",
    "dividendYield" : "-",
    "faceValue" : "5.00",
    "deliverables" : "71.17"
  }
}