{
  "url" : "https://www.moneycontrol.com/india/stockpricequote/finance-investments/axismutualfund-goldetf/AMF02",
  "companyName" : "Axis Mutual Fund - Gold ETF",
  "breadCrumb" : "Moneycontrol / Market / Share/Stock Price / Finance - Investments",
  "bseNseNames" : "BSE: 533570 | NSE: AXISGOLD |",
  "seriesLink" : "EQ",
  "isinLink" : "INF846K01347",
  "sectorLink" : "Moneycontrol / Market / Share/Stock Price / Finance - Investments",
  "sectorTitle" : "FINANCE - INVESTMENTS",
  "bseData" : {
    "bsePrice" : "3942.00",
    "bseVolume" : "130",
    "bsePrevClose" : "3928.82",
    "bseOpenPrice" : "",
    "bseTodaysLow" : "3942.00",
    "bseTodaysHigh" : "3962.00",
    "bse52WeekLow" : "2755.00",
    "bse52WeekHigh" : "4148.00",
    "bseLowerPriceBand" : "3099.60",
    "bseUpperPriceBand" : "4649.40"
  },
  "nseData" : {
    "nsePrice" : "3973.30",
    "nseVolume" : "701",
    "nsePrevClose" : "",
    "nseOpenPrice" : "",
    "nseTodaysLow" : "3925.00",
    "nseTodaysHigh" : "3989.00",
    "nse52WeekLow" : "2743.00",
    "nse52WeekHigh" : "4116.90",
    "nseLowerPriceBand" : "3099.60",
    "nseUpperPriceBand" : "4649.40"
  },
  "companyValuation" : {
    "marketCapital" : "302.38",
    "peRatio" : "-",
    "bookValue" : "0",
    "dividend" : "0",
    "marketLot" : "0",
    "industryPeRatio" : "0",
    "eps" : "-",
    "pcRatio" : "-",
    "bookPrice" : "-",
    "dividendYield" : "-",
    "faceValue" : "0",
    "deliverables" : "53.26"
  }
}