{
  "url" : "https://www.moneycontrol.com/india/stockpricequote/textiles-processing/aymsyntex/WS01",
  "companyName" : "AYM Syntex Ltd.",
  "breadCrumb" : "Moneycontrol / Market / Share/Stock Price / Textiles - Processing",
  "bseNseNames" : "BSE: 508933 | NSE: AYMSYNTEX |",
  "seriesLink" : "EQ",
  "isinLink" : "INE193B01039",
  "sectorLink" : "Moneycontrol / Market / Share/Stock Price / Textiles - Processing",
  "sectorTitle" : "TEXTILES - PROCESSING",
  "bseData" : {
    "bsePrice" : "16.90",
    "bseVolume" : "2,290",
    "bsePrevClose" : "16.65",
    "bseOpenPrice" : "",
    "bseTodaysLow" : "15.20",
    "bseTodaysHigh" : "17.50",
    "bse52WeekLow" : "12.90",
    "bse52WeekHigh" : "43.00",
    "bseLowerPriceBand" : "15.00",
    "bseUpperPriceBand" : "18.30"
  },
  "nseData" : {
    "nsePrice" : "16.50",
    "nseVolume" : "2,637",
    "nsePrevClose" : "",
    "nseOpenPrice" : "",
    "nseTodaysLow" : "15.50",
    "nseTodaysHigh" : "16.80",
    "nse52WeekLow" : "13.15",
    "nse52WeekHigh" : "43.90",
    "nseLowerPriceBand" : "14.50",
    "nseUpperPriceBand" : "17.70"
  },
  "companyValuation" : {
    "marketCapital" : "84.46",
    "peRatio" : "6.9",
    "bookValue" : "59.82",
    "dividend" : "0.00",
    "marketLot" : "1",
    "industryPeRatio" : "1.94",
    "eps" : "2.39",
    "pcRatio" : "1.66",
    "bookPrice" : "0.28",
    "dividendYield" : "-",
    "faceValue" : "10.00",
    "deliverables" : "95.29"
  }
}