{
  "url" : "https://www.moneycontrol.com/india/stockpricequote/pharmaceuticals/bafnapharmaceuticals/BP01",
  "companyName" : "Bafna Pharmaceuticals Ltd.",
  "breadCrumb" : "Moneycontrol / Market / Share/Stock Price / Pharmaceuticals",
  "bseNseNames" : "BSE: 532989 | NSE: BAFNAPHARM |",
  "seriesLink" : "BE",
  "isinLink" : "INE878I01022",
  "sectorLink" : "Moneycontrol / Market / Share/Stock Price / Pharmaceuticals",
  "sectorTitle" : "PHARMACEUTICALS",
  "bseData" : {
    "bsePrice" : "9.30",
    "bseVolume" : "100",
    "bsePrevClose" : "8.86",
    "bseOpenPrice" : "",
    "bseTodaysLow" : "9.30",
    "bseTodaysHigh" : "9.30",
    "bse52WeekLow" : "4.65",
    "bse52WeekHigh" : "11.30",
    "bseLowerPriceBand" : "8.42",
    "bseUpperPriceBand" : "9.30"
  },
  "nseData" : {
    "nsePrice" : "3.55",
    "nseVolume" : "4,503",
    "nsePrevClose" : "",
    "nseOpenPrice" : "",
    "nseTodaysLow" : "3.55",
    "nseTodaysHigh" : "3.85",
    "nse52WeekLow" : "3.55",
    "nse52WeekHigh" : "21.85",
    "nseLowerPriceBand" : "3.55",
    "nseUpperPriceBand" : "3.85"
  },
  "companyValuation" : {
    "marketCapital" : "2.20",
    "peRatio" : "-",
    "bookValue" : "8.79",
    "dividend" : "0.00",
    "marketLot" : "1",
    "industryPeRatio" : "26.81",
    "eps" : "-",
    "pcRatio" : "-",
    "bookPrice" : "1.06",
    "dividendYield" : "-",
    "faceValue" : "10.00",
    "deliverables" : "69.27"
  }
}