{
  "url" : "https://www.moneycontrol.com/india/stockpricequote/mediaentertainment/bagfilmsmedia/BAG",
  "companyName" : "BAG Films and Media Ltd.",
  "breadCrumb" : "Moneycontrol / Market / Share/Stock Price / Media & Entertainment",
  "bseNseNames" : "BSE: 532507 | NSE: BAGFILMS |",
  "seriesLink" : "BE",
  "isinLink" : "INE116D01028",
  "sectorLink" : "Moneycontrol / Market / Share/Stock Price / Media & Entertainment",
  "sectorTitle" : "MEDIA & ENTERTAINMENT",
  "bseData" : {
    "bsePrice" : "1.85",
    "bseVolume" : "27,677",
    "bsePrevClose" : "1.88",
    "bseOpenPrice" : "",
    "bseTodaysLow" : "1.80",
    "bseTodaysHigh" : "1.90",
    "bse52WeekLow" : "1.33",
    "bse52WeekHigh" : "5.15",
    "bseLowerPriceBand" : "1.79",
    "bseUpperPriceBand" : "1.97"
  },
  "nseData" : {
    "nsePrice" : "1.80",
    "nseVolume" : "3,861",
    "nsePrevClose" : "",
    "nseOpenPrice" : "",
    "nseTodaysLow" : "1.75",
    "nseTodaysHigh" : "1.80",
    "nse52WeekLow" : "1.35",
    "nse52WeekHigh" : "5.10",
    "nseLowerPriceBand" : "1.70",
    "nseUpperPriceBand" : "1.80"
  },
  "companyValuation" : {
    "marketCapital" : "36.61",
    "peRatio" : "-",
    "bookValue" : "13.46",
    "dividend" : "0.00",
    "marketLot" : "1",
    "industryPeRatio" : "10.82",
    "eps" : "-",
    "pcRatio" : "8.18",
    "bookPrice" : "0.14",
    "dividendYield" : "-",
    "faceValue" : "2.00",
    "deliverables" : "98.73"
  }
}