{
  "url" : "https://www.moneycontrol.com/india/stockpricequote/personal-care/bajajconsumercare/BC02",
  "companyName" : "Bajaj Consumer Care Ltd.",
  "breadCrumb" : "Moneycontrol / Market / Share/Stock Price / Personal Care",
  "bseNseNames" : "BSE: 533229 | NSE: BAJAJCON |",
  "seriesLink" : "EQ",
  "isinLink" : "INE933K01021",
  "sectorLink" : "Moneycontrol / Market / Share/Stock Price / Personal Care",
  "sectorTitle" : "PERSONAL CARE",
  "bseData" : {
    "bsePrice" : "137.90",
    "bseVolume" : "45,929",
    "bsePrevClose" : "138.25",
    "bseOpenPrice" : "",
    "bseTodaysLow" : "135.75",
    "bseTodaysHigh" : "148.65",
    "bse52WeekLow" : "117.50",
    "bse52WeekHigh" : "353.50",
    "bseLowerPriceBand" : "110.60",
    "bseUpperPriceBand" : "165.90"
  },
  "nseData" : {
    "nsePrice" : "137.95",
    "nseVolume" : "1,031,633",
    "nsePrevClose" : "",
    "nseOpenPrice" : "",
    "nseTodaysLow" : "135.10",
    "nseTodaysHigh" : "148.65",
    "nse52WeekLow" : "116.55",
    "nse52WeekHigh" : "354.90",
    "nseLowerPriceBand" : "110.55",
    "nseUpperPriceBand" : "165.75"
  },
  "companyValuation" : {
    "marketCapital" : "2,034.50",
    "peRatio" : "8.98",
    "bookValue" : "32.88",
    "dividend" : "1400.00",
    "marketLot" : "1",
    "industryPeRatio" : "65.49",
    "eps" : "15.36",
    "pcRatio" : "8.73",
    "bookPrice" : "4.19",
    "dividendYield" : "10.15",
    "faceValue" : "1.00",
    "deliverables" : "72.67"
  }
}