{
  "url" : "https://www.moneycontrol.com/india/stockpricequote/finance-investments/bajajholdingsinvestment/BHI",
  "companyName" : "Bajaj Holdings & Investment Ltd.",
  "breadCrumb" : "Moneycontrol / Market / Share/Stock Price / Finance - Investments",
  "bseNseNames" : "BSE: 500490 | NSE: BAJAJHLDNG |",
  "seriesLink" : "EQ",
  "isinLink" : "INE118A01012",
  "sectorLink" : "Moneycontrol / Market / Share/Stock Price / Finance - Investments",
  "sectorTitle" : "FINANCE - INVESTMENTS",
  "bseData" : {
    "bsePrice" : "2012.90",
    "bseVolume" : "1,795",
    "bsePrevClose" : "1981.20",
    "bseOpenPrice" : "",
    "bseTodaysLow" : "1930.00",
    "bseTodaysHigh" : "2069.30",
    "bse52WeekLow" : "1471.85",
    "bse52WeekHigh" : "3949.35",
    "bseLowerPriceBand" : "1783.10",
    "bseUpperPriceBand" : "2179.30"
  },
  "nseData" : {
    "nsePrice" : "2024.75",
    "nseVolume" : "25,453",
    "nsePrevClose" : "",
    "nseOpenPrice" : "",
    "nseTodaysLow" : "1925.00",
    "nseTodaysHigh" : "2073.85",
    "nse52WeekLow" : "1460.15",
    "nse52WeekHigh" : "3950.00",
    "nseLowerPriceBand" : "1781.05",
    "nseUpperPriceBand" : "2176.75"
  },
  "companyValuation" : {
    "marketCapital" : "22,402.27",
    "peRatio" : "30.26",
    "bookValue" : "987.43",
    "dividend" : "325.00",
    "marketLot" : "1",
    "industryPeRatio" : "23.58",
    "eps" : "66.91",
    "pcRatio" : "30.09",
    "bookPrice" : "2.04",
    "dividendYield" : "1.61",
    "faceValue" : "10.00",
    "deliverables" : "60.01"
  }
}