{
  "url" : "https://www.moneycontrol.com/india/stockpricequote/finance-investments/bajajfinserv/BF04",
  "companyName" : "Bajaj Finserv Ltd.",
  "breadCrumb" : "Moneycontrol / Market / Share/Stock Price / Finance - Investments",
  "bseNseNames" : "BSE: 532978 | NSE: BAJAJFINSV |",
  "seriesLink" : "EQ",
  "isinLink" : "INE918I01018",
  "sectorLink" : "Moneycontrol / Market / Share/Stock Price / Finance - Investments",
  "sectorTitle" : "FINANCE - INVESTMENTS",
  "bseData" : {
    "bsePrice" : "4609.15",
    "bseVolume" : "40,327",
    "bsePrevClose" : "4714.25",
    "bseOpenPrice" : "",
    "bseTodaysLow" : "4545.00",
    "bseTodaysHigh" : "4950.00",
    "bse52WeekLow" : "4160.60",
    "bse52WeekHigh" : "10297.00",
    "bseLowerPriceBand" : "4242.85",
    "bseUpperPriceBand" : "5185.65"
  },
  "nseData" : {
    "nsePrice" : "4608.50",
    "nseVolume" : "1,113,057",
    "nsePrevClose" : "",
    "nseOpenPrice" : "",
    "nseTodaysLow" : "4537.80",
    "nseTodaysHigh" : "4950.00",
    "nse52WeekLow" : "4160.25",
    "nse52WeekHigh" : "9950.00",
    "nseLowerPriceBand" : "4252.45",
    "nseUpperPriceBand" : "5197.35"
  },
  "companyValuation" : {
    "marketCapital" : "73,348.76",
    "peRatio" : "209.19",
    "bookValue" : "198.63",
    "dividend" : "50.00",
    "marketLot" : "1",
    "industryPeRatio" : "23.58",
    "eps" : "22.03",
    "pcRatio" : "208.34",
    "bookPrice" : "23.20",
    "dividendYield" : "0.05",
    "faceValue" : "5.00",
    "deliverables" : "22.24"
  }
}