{
  "url" : "https://www.moneycontrol.com/india/stockpricequote/domestic-appliances/bajajelectricals/BE",
  "companyName" : "Bajaj Electricals Ltd.",
  "breadCrumb" : "Moneycontrol / Market / Share/Stock Price / Domestic Appliances",
  "bseNseNames" : "BSE: 500031 | NSE: BAJAJELEC |",
  "seriesLink" : "EQ",
  "isinLink" : "INE193E01025",
  "sectorLink" : "Moneycontrol / Market / Share/Stock Price / Domestic Appliances",
  "sectorTitle" : "DOMESTIC APPLIANCES",
  "bseData" : {
    "bsePrice" : "289.90",
    "bseVolume" : "5,010",
    "bsePrevClose" : "277.85",
    "bseOpenPrice" : "",
    "bseTodaysLow" : "279.60",
    "bseTodaysHigh" : "294.35",
    "bse52WeekLow" : "260.00",
    "bse52WeekHigh" : "573.40",
    "bseLowerPriceBand" : "222.30",
    "bseUpperPriceBand" : "333.40"
  },
  "nseData" : {
    "nsePrice" : "287.80",
    "nseVolume" : "58,251",
    "nsePrevClose" : "",
    "nseOpenPrice" : "",
    "nseTodaysLow" : "277.30",
    "nseTodaysHigh" : "294.50",
    "nse52WeekLow" : "260.00",
    "nse52WeekHigh" : "573.43",
    "nseLowerPriceBand" : "221.85",
    "nseUpperPriceBand" : "332.75"
  },
  "companyValuation" : {
    "marketCapital" : "3,297.85",
    "peRatio" : "115.12",
    "bookValue" : "124.70",
    "dividend" : "175.00",
    "marketLot" : "1",
    "industryPeRatio" : "26.15",
    "eps" : "2.5",
    "pcRatio" : "48.95",
    "bookPrice" : "2.32",
    "dividendYield" : "1.21",
    "faceValue" : "2.00",
    "deliverables" : "59.04"
  }
}