{
  "url" : "https://www.moneycontrol.com/india/stockpricequote/mediaentertainment/balajitelefilms/BT06",
  "companyName" : "Balaji Telefilms Ltd.",
  "breadCrumb" : "Moneycontrol / Market / Share/Stock Price / Media & Entertainment",
  "bseNseNames" : "BSE: 532382 | NSE: BALAJITELE |",
  "seriesLink" : "EQ",
  "isinLink" : "INE794B01026",
  "sectorLink" : "Moneycontrol / Market / Share/Stock Price / Media & Entertainment",
  "sectorTitle" : "MEDIA & ENTERTAINMENT",
  "bseData" : {
    "bsePrice" : "42.50",
    "bseVolume" : "7,562",
    "bsePrevClose" : "44.50",
    "bseOpenPrice" : "",
    "bseTodaysLow" : "39.00",
    "bseTodaysHigh" : "44.90",
    "bse52WeekLow" : "28.00",
    "bse52WeekHigh" : "86.95",
    "bseLowerPriceBand" : "35.60",
    "bseUpperPriceBand" : "53.40"
  },
  "nseData" : {
    "nsePrice" : "41.90",
    "nseVolume" : "194,912",
    "nsePrevClose" : "",
    "nseOpenPrice" : "",
    "nseTodaysLow" : "40.80",
    "nseTodaysHigh" : "45.00",
    "nse52WeekLow" : "27.90",
    "nse52WeekHigh" : "82.70",
    "nseLowerPriceBand" : "35.00",
    "nseUpperPriceBand" : "52.50"
  },
  "companyValuation" : {
    "marketCapital" : "429.80",
    "peRatio" : "8.53",
    "bookValue" : "99.86",
    "dividend" : "20.00",
    "marketLot" : "1",
    "industryPeRatio" : "10.82",
    "eps" : "4.91",
    "pcRatio" : "6.76",
    "bookPrice" : "0.43",
    "dividendYield" : "0.94",
    "faceValue" : "2.00",
    "deliverables" : "25.10"
  }
}