{
  "url" : "https://www.moneycontrol.com/india/stockpricequote/chemicals/balajiamines/BA05",
  "companyName" : "Balaji Amines Ltd.",
  "breadCrumb" : "Moneycontrol / Market / Share/Stock Price / Chemicals",
  "bseNseNames" : "BSE: 530999 | NSE: BALAMINES |",
  "seriesLink" : "EQ",
  "isinLink" : "INE050E01027",
  "sectorLink" : "Moneycontrol / Market / Share/Stock Price / Chemicals",
  "sectorTitle" : "CHEMICALS",
  "bseData" : {
    "bsePrice" : "283.00",
    "bseVolume" : "9,778",
    "bsePrevClose" : "270.40",
    "bseOpenPrice" : "",
    "bseTodaysLow" : "269.80",
    "bseTodaysHigh" : "297.40",
    "bse52WeekLow" : "204.10",
    "bse52WeekHigh" : "539.00",
    "bseLowerPriceBand" : "243.40",
    "bseUpperPriceBand" : "297.40"
  },
  "nseData" : {
    "nsePrice" : "283.65",
    "nseVolume" : "70,594",
    "nsePrevClose" : "",
    "nseOpenPrice" : "",
    "nseTodaysLow" : "260.40",
    "nseTodaysHigh" : "296.00",
    "nse52WeekLow" : "200.00",
    "nse52WeekHigh" : "499.00",
    "nseLowerPriceBand" : "244.10",
    "nseUpperPriceBand" : "298.30"
  },
  "companyValuation" : {
    "marketCapital" : "916.95",
    "peRatio" : "8.48",
    "bookValue" : "177.46",
    "dividend" : "140.00",
    "marketLot" : "1",
    "industryPeRatio" : "13.32",
    "eps" : "33.46",
    "pcRatio" : "7.18",
    "bookPrice" : "1.59",
    "dividendYield" : "0.99",
    "faceValue" : "2.00",
    "deliverables" : "32.81"
  }
}