{
  "url" : "https://www.moneycontrol.com/india/stockpricequote/tyres/balkrishnaindustries/BI03",
  "companyName" : "Balkrishna Industries Ltd.",
  "breadCrumb" : "Moneycontrol / Market / Share/Stock Price / Tyres",
  "bseNseNames" : "BSE: 502355 | NSE: BALKRISIND |",
  "seriesLink" : "EQ",
  "isinLink" : "INE787D01026",
  "sectorLink" : "Moneycontrol / Market / Share/Stock Price / Tyres",
  "sectorTitle" : "TYRES",
  "bseData" : {
    "bsePrice" : "823.25",
    "bseVolume" : "12,315",
    "bsePrevClose" : "823.30",
    "bseOpenPrice" : "",
    "bseTodaysLow" : "816.10",
    "bseTodaysHigh" : "860.80",
    "bse52WeekLow" : "677.60",
    "bse52WeekHigh" : "1298.00",
    "bseLowerPriceBand" : "741.00",
    "bseUpperPriceBand" : "905.60"
  },
  "nseData" : {
    "nsePrice" : "821.35",
    "nseVolume" : "444,079",
    "nsePrevClose" : "",
    "nseOpenPrice" : "",
    "nseTodaysLow" : "815.00",
    "nseTodaysHigh" : "862.00",
    "nse52WeekLow" : "679.00",
    "nse52WeekHigh" : "1297.95",
    "nseLowerPriceBand" : "741.20",
    "nseUpperPriceBand" : "905.90"
  },
  "companyValuation" : {
    "marketCapital" : "15,914.84",
    "peRatio" : "18.2",
    "bookValue" : "242.02",
    "dividend" : "400.00",
    "marketLot" : "1",
    "industryPeRatio" : "16.17",
    "eps" : "45.13",
    "pcRatio" : "13.18",
    "bookPrice" : "3.40",
    "dividendYield" : "0.97",
    "faceValue" : "2.00",
    "deliverables" : "34.60"
  }
}