{
  "url" : "https://www.moneycontrol.com/india/stockpricequote/paper/ballarpurindustries/BI12",
  "companyName" : "Ballarpur Industries Ltd.",
  "breadCrumb" : "Moneycontrol / Market / Share/Stock Price / Paper",
  "bseNseNames" : "BSE: 500102 | NSE: BALLARPUR |",
  "seriesLink" : "EQ",
  "isinLink" : "INE294A01037",
  "sectorLink" : "Moneycontrol / Market / Share/Stock Price / Paper",
  "sectorTitle" : "PAPER",
  "bseData" : {
    "bsePrice" : "0.34",
    "bseVolume" : "1,905,532",
    "bsePrevClose" : "0.34",
    "bseOpenPrice" : "",
    "bseTodaysLow" : "0.33",
    "bseTodaysHigh" : "0.35",
    "bse52WeekLow" : "0.31",
    "bse52WeekHigh" : "3.53",
    "bseLowerPriceBand" : "0.33",
    "bseUpperPriceBand" : "0.35"
  },
  "nseData" : {
    "nsePrice" : "0.35",
    "nseVolume" : "9,769,871",
    "nsePrevClose" : "",
    "nseOpenPrice" : "",
    "nseTodaysLow" : "0.30",
    "nseTodaysHigh" : "0.40",
    "nse52WeekLow" : "0.30",
    "nse52WeekHigh" : "3.20",
    "nseLowerPriceBand" : "0.30",
    "nseUpperPriceBand" : "0.40"
  },
  "companyValuation" : {
    "marketCapital" : "43.98",
    "peRatio" : "-",
    "bookValue" : "0.51",
    "dividend" : "0.00",
    "marketLot" : "1",
    "industryPeRatio" : "3.99",
    "eps" : "-",
    "pcRatio" : "-",
    "bookPrice" : "0.67",
    "dividendYield" : "-",
    "faceValue" : "2.00",
    "deliverables" : "20.56"
  }
}