{
  "url" : "https://www.moneycontrol.com/india/stockpricequote/diversified/balmerlawriecompany/BLC",
  "companyName" : "Balmer Lawrie and Company Ltd.",
  "breadCrumb" : "Moneycontrol / Market / Share/Stock Price / Diversified",
  "bseNseNames" : "BSE: 523319 | NSE: BALMLAWRIE |",
  "seriesLink" : "EQ",
  "isinLink" : "INE164A01016",
  "sectorLink" : "Moneycontrol / Market / Share/Stock Price / Diversified",
  "sectorTitle" : "DIVERSIFIED",
  "bseData" : {
    "bsePrice" : "85.80",
    "bseVolume" : "21,781",
    "bsePrevClose" : "85.60",
    "bseOpenPrice" : "",
    "bseTodaysLow" : "84.30",
    "bseTodaysHigh" : "87.85",
    "bse52WeekLow" : "69.85",
    "bse52WeekHigh" : "141.33",
    "bseLowerPriceBand" : "68.50",
    "bseUpperPriceBand" : "102.70"
  },
  "nseData" : {
    "nsePrice" : "84.75",
    "nseVolume" : "202,053",
    "nsePrevClose" : "",
    "nseOpenPrice" : "",
    "nseTodaysLow" : "81.00",
    "nseTodaysHigh" : "87.90",
    "nse52WeekLow" : "69.00",
    "nse52WeekHigh" : "142.20",
    "nseLowerPriceBand" : "68.40",
    "nseUpperPriceBand" : "102.60"
  },
  "companyValuation" : {
    "marketCapital" : "1,467.21",
    "peRatio" : "7.61",
    "bookValue" : "76.03",
    "dividend" : "110.00",
    "marketLot" : "1",
    "industryPeRatio" : "30.97",
    "eps" : "11.14",
    "pcRatio" : "6.67",
    "bookPrice" : "1.13",
    "dividendYield" : "12.82",
    "faceValue" : "10.00",
    "deliverables" : "54.29"
  }
}