{
  "url" : "https://www.moneycontrol.com/india/stockpricequote/pharmaceuticals/balpharma/BP02",
  "companyName" : "Bal Pharma Ltd.",
  "breadCrumb" : "Moneycontrol / Market / Share/Stock Price / Pharmaceuticals",
  "bseNseNames" : "BSE: 524824 | NSE: BALPHARMA |",
  "seriesLink" : "EQ",
  "isinLink" : "INE083D01012",
  "sectorLink" : "Moneycontrol / Market / Share/Stock Price / Pharmaceuticals",
  "sectorTitle" : "PHARMACEUTICALS",
  "bseData" : {
    "bsePrice" : "41.70",
    "bseVolume" : "2,445",
    "bsePrevClose" : "37.95",
    "bseOpenPrice" : "",
    "bseTodaysLow" : "40.00",
    "bseTodaysHigh" : "41.70",
    "bse52WeekLow" : "24.10",
    "bse52WeekHigh" : "78.50",
    "bseLowerPriceBand" : "34.20",
    "bseUpperPriceBand" : "41.70"
  },
  "nseData" : {
    "nsePrice" : "41.70",
    "nseVolume" : "40,933",
    "nsePrevClose" : "",
    "nseOpenPrice" : "",
    "nseTodaysLow" : "38.90",
    "nseTodaysHigh" : "41.70",
    "nse52WeekLow" : "23.00",
    "nse52WeekHigh" : "78.30",
    "nseLowerPriceBand" : "34.20",
    "nseUpperPriceBand" : "41.70"
  },
  "companyValuation" : {
    "marketCapital" : "59.10",
    "peRatio" : "-",
    "bookValue" : "54.23",
    "dividend" : "10.00",
    "marketLot" : "1",
    "industryPeRatio" : "32.25",
    "eps" : "-",
    "pcRatio" : "13.72",
    "bookPrice" : "0.77",
    "dividendYield" : "2.40",
    "faceValue" : "10.00",
    "deliverables" : "44.52"
  }
}