{
  "url" : "https://www.moneycontrol.com/india/stockpricequote/sugar/balrampurchinimills/BCM",
  "companyName" : "Balrampur Chini Mills Ltd.",
  "breadCrumb" : "Moneycontrol / Market / Share/Stock Price / Sugar",
  "bseNseNames" : "BSE: 500038 | NSE: BALRAMCHIN |",
  "seriesLink" : "EQ",
  "isinLink" : "INE119A01028",
  "sectorLink" : "Moneycontrol / Market / Share/Stock Price / Sugar",
  "sectorTitle" : "SUGAR",
  "bseData" : {
    "bsePrice" : "126.25",
    "bseVolume" : "49,112",
    "bsePrevClose" : "120.25",
    "bseOpenPrice" : "",
    "bseTodaysLow" : "123.00",
    "bseTodaysHigh" : "126.25",
    "bse52WeekLow" : "68.80",
    "bse52WeekHigh" : "195.00",
    "bseLowerPriceBand" : "114.25",
    "bseUpperPriceBand" : "126.25"
  },
  "nseData" : {
    "nsePrice" : "126.40",
    "nseVolume" : "642,515",
    "nsePrevClose" : "",
    "nseOpenPrice" : "",
    "nseTodaysLow" : "123.00",
    "nseTodaysHigh" : "126.40",
    "nse52WeekLow" : "68.95",
    "nse52WeekHigh" : "195.00",
    "nseLowerPriceBand" : "114.40",
    "nseUpperPriceBand" : "126.40"
  },
  "companyValuation" : {
    "marketCapital" : "2,777.50",
    "peRatio" : "4.96",
    "bookValue" : "94.63",
    "dividend" : "250.00",
    "marketLot" : "1",
    "industryPeRatio" : "5.24",
    "eps" : "25.47",
    "pcRatio" : "4.24",
    "bookPrice" : "1.33",
    "dividendYield" : "1.98",
    "faceValue" : "1.00",
    "deliverables" : "75.34"
  }
}