{
  "url" : "https://www.moneycontrol.com/india/stockpricequote/miscellaneous/banarasbeads/BB03",
  "companyName" : "Banaras Beads Ltd.",
  "breadCrumb" : "Moneycontrol / Market / Share/Stock Price / Miscellaneous",
  "bseNseNames" : "BSE: 526849 | NSE: BANARBEADS |",
  "seriesLink" : "EQ",
  "isinLink" : "INE655B01011",
  "sectorLink" : "Moneycontrol / Market / Share/Stock Price / Miscellaneous",
  "sectorTitle" : "MISCELLANEOUS",
  "bseData" : {
    "bsePrice" : "29.75",
    "bseVolume" : "910",
    "bsePrevClose" : "31.25",
    "bseOpenPrice" : "",
    "bseTodaysLow" : "29.75",
    "bseTodaysHigh" : "32.90",
    "bse52WeekLow" : "25.55",
    "bse52WeekHigh" : "61.80",
    "bseLowerPriceBand" : "25.00",
    "bseUpperPriceBand" : "37.50"
  },
  "nseData" : {
    "nsePrice" : "29.75",
    "nseVolume" : "160",
    "nsePrevClose" : "",
    "nseOpenPrice" : "",
    "nseTodaysLow" : "29.60",
    "nseTodaysHigh" : "32.50",
    "nse52WeekLow" : "23.00",
    "nse52WeekHigh" : "62.00",
    "nseLowerPriceBand" : "25.20",
    "nseUpperPriceBand" : "37.80"
  },
  "companyValuation" : {
    "marketCapital" : "19.74",
    "peRatio" : "9.63",
    "bookValue" : "68.39",
    "dividend" : "0.00",
    "marketLot" : "1",
    "industryPeRatio" : "26.09",
    "eps" : "3.09",
    "pcRatio" : "5.53",
    "bookPrice" : "0.44",
    "dividendYield" : "-",
    "faceValue" : "10.00",
    "deliverables" : "87.45"
  }
}