{
  "url" : "https://www.moneycontrol.com/india/stockpricequote/sugar/bannariammansugars/BS07",
  "companyName" : "Bannariamman Sugars Ltd.",
  "breadCrumb" : "Moneycontrol / Market / Share/Stock Price / Sugar",
  "bseNseNames" : "BSE: 500041 | NSE: BANARISUG |",
  "seriesLink" : "EQ",
  "isinLink" : "INE459A01010",
  "sectorLink" : "Moneycontrol / Market / Share/Stock Price / Sugar",
  "sectorTitle" : "SUGAR",
  "bseData" : {
    "bsePrice" : "892.00",
    "bseVolume" : "61",
    "bsePrevClose" : "892.35",
    "bseOpenPrice" : "",
    "bseTodaysLow" : "880.00",
    "bseTodaysHigh" : "914.00",
    "bse52WeekLow" : "636.05",
    "bse52WeekHigh" : "1664.90",
    "bseLowerPriceBand" : "847.75",
    "bseUpperPriceBand" : "936.95"
  },
  "nseData" : {
    "nsePrice" : "886.10",
    "nseVolume" : "410",
    "nsePrevClose" : "",
    "nseOpenPrice" : "",
    "nseTodaysLow" : "880.00",
    "nseTodaysHigh" : "925.00",
    "nse52WeekLow" : "638.60",
    "nse52WeekHigh" : "1590.00",
    "nseLowerPriceBand" : "848.45",
    "nseUpperPriceBand" : "937.75"
  },
  "companyValuation" : {
    "marketCapital" : "1,118.54",
    "peRatio" : "12.87",
    "bookValue" : "953.68",
    "dividend" : "100.00",
    "marketLot" : "1",
    "industryPeRatio" : "5.24",
    "eps" : "68.83",
    "pcRatio" : "7.26",
    "bookPrice" : "0.94",
    "dividendYield" : "1.12",
    "faceValue" : "10.00",
    "deliverables" : "74.93"
  }
}