{
  "url" : "https://www.moneycontrol.com/india/stockpricequote/auto-ancillaries/bancoproductsindia/BPI",
  "companyName" : "Banco Products (India) Ltd.",
  "breadCrumb" : "Moneycontrol / Market / Share/Stock Price / Auto Ancillaries",
  "bseNseNames" : "BSE: 500039 | NSE: BANCOINDIA |",
  "seriesLink" : "EQ",
  "isinLink" : "INE213C01025",
  "sectorLink" : "Moneycontrol / Market / Share/Stock Price / Auto Ancillaries",
  "sectorTitle" : "AUTO ANCILLARIES",
  "bseData" : {
    "bsePrice" : "66.30",
    "bseVolume" : "3,975",
    "bsePrevClose" : "65.50",
    "bseOpenPrice" : "",
    "bseTodaysLow" : "65.60",
    "bseTodaysHigh" : "67.85",
    "bse52WeekLow" : "55.00",
    "bse52WeekHigh" : "161.25",
    "bseLowerPriceBand" : "52.40",
    "bseUpperPriceBand" : "78.60"
  },
  "nseData" : {
    "nsePrice" : "65.95",
    "nseVolume" : "40,062",
    "nsePrevClose" : "",
    "nseOpenPrice" : "",
    "nseTodaysLow" : "64.10",
    "nseTodaysHigh" : "67.50",
    "nse52WeekLow" : "54.10",
    "nse52WeekHigh" : "157.00",
    "nseLowerPriceBand" : "52.40",
    "nseUpperPriceBand" : "78.50"
  },
  "companyValuation" : {
    "marketCapital" : "474.17",
    "peRatio" : "4.96",
    "bookValue" : "92.70",
    "dividend" : "400.00",
    "marketLot" : "1",
    "industryPeRatio" : "14.30",
    "eps" : "13.29",
    "pcRatio" : "4.16",
    "bookPrice" : "0.72",
    "dividendYield" : "12.07",
    "faceValue" : "2.00",
    "deliverables" : "72.90"
  }
}