{
  "url" : "https://www.moneycontrol.com/india/stockpricequote/banks-private-sector/bandhanbank/BB09",
  "companyName" : "Bandhan Bank Ltd.",
  "breadCrumb" : "Moneycontrol / Market / Share/Stock Price / Banks - Private Sector",
  "bseNseNames" : "BSE: 541153 | NSE: BANDHANBNK |",
  "seriesLink" : "EQ",
  "isinLink" : "INE545U01014",
  "sectorLink" : "Moneycontrol / Market / Share/Stock Price / Banks - Private Sector",
  "sectorTitle" : "BANKS - PRIVATE SECTOR",
  "bseData" : {
    "bsePrice" : "193.70",
    "bseVolume" : "1,517,408",
    "bsePrevClose" : "167.30",
    "bseOpenPrice" : "",
    "bseTodaysLow" : "167.50",
    "bseTodaysHigh" : "203.65",
    "bse52WeekLow" : "152.35",
    "bse52WeekHigh" : "650.00",
    "bseLowerPriceBand" : "150.60",
    "bseUpperPriceBand" : "209.10"
  },
  "nseData" : {
    "nsePrice" : "193.75",
    "nseVolume" : "30,692,919",
    "nsePrevClose" : "",
    "nseOpenPrice" : "",
    "nseTodaysLow" : "167.50",
    "nseTodaysHigh" : "209.05",
    "nse52WeekLow" : "152.20",
    "nse52WeekHigh" : "650.00",
    "nseLowerPriceBand" : "150.55",
    "nseUpperPriceBand" : "183.95"
  },
  "companyValuation" : {
    "marketCapital" : "31,190.50",
    "peRatio" : "9.88",
    "bookValue" : "72.16",
    "dividend" : "30.00",
    "marketLot" : "1",
    "industryPeRatio" : "25.53",
    "eps" : "19.61",
    "pcRatio" : "9.64",
    "bookPrice" : "2.68",
    "dividendYield" : "1.55",
    "faceValue" : "10.00",
    "deliverables" : "38.91"
  }
}