{
  "url" : "https://www.moneycontrol.com/india/stockpricequote/banks-public-sector/bankindia/BOI",
  "companyName" : "Bank Of India",
  "breadCrumb" : "Moneycontrol / Market / Share/Stock Price / Banks - Public Sector",
  "bseNseNames" : "BSE: 532149 | NSE: BANKINDIA |",
  "seriesLink" : "EQ",
  "isinLink" : "INE084A01016",
  "sectorLink" : "Moneycontrol / Market / Share/Stock Price / Banks - Public Sector",
  "sectorTitle" : "BANKS - PUBLIC SECTOR",
  "bseData" : {
    "bsePrice" : "33.10",
    "bseVolume" : "148,184",
    "bsePrevClose" : "32.95",
    "bseOpenPrice" : "",
    "bseTodaysLow" : "32.70",
    "bseTodaysHigh" : "34.75",
    "bse52WeekLow" : "30.45",
    "bse52WeekHigh" : "108.15",
    "bseLowerPriceBand" : "29.70",
    "bseUpperPriceBand" : "36.20"
  },
  "nseData" : {
    "nsePrice" : "33.35",
    "nseVolume" : "1,236,627",
    "nsePrevClose" : "",
    "nseOpenPrice" : "",
    "nseTodaysLow" : "32.50",
    "nseTodaysHigh" : "34.75",
    "nse52WeekLow" : "30.40",
    "nse52WeekHigh" : "103.50",
    "nseLowerPriceBand" : "29.70",
    "nseUpperPriceBand" : "36.20"
  },
  "companyValuation" : {
    "marketCapital" : "10,846.62",
    "peRatio" : "12.63",
    "bookValue" : "128.77",
    "dividend" : "0.00",
    "marketLot" : "1",
    "industryPeRatio" : "105.09",
    "eps" : "2.64",
    "pcRatio" : "8.87",
    "bookPrice" : "0.26",
    "dividendYield" : "-",
    "faceValue" : "10.00",
    "deliverables" : "36.26"
  }
}