{
  "url" : "https://www.moneycontrol.com/india/stockpricequote/banks-public-sector/bankbaroda/BOB",
  "companyName" : "Bank Of Baroda",
  "breadCrumb" : "Moneycontrol / Market / Share/Stock Price / Banks - Public Sector",
  "bseNseNames" : "BSE: 532134 | NSE: BANKBARODA |",
  "seriesLink" : "EQ",
  "isinLink" : "INE028A01039",
  "sectorLink" : "Moneycontrol / Market / Share/Stock Price / Banks - Public Sector",
  "sectorTitle" : "BANKS - PUBLIC SECTOR",
  "bseData" : {
    "bsePrice" : "48.30",
    "bseVolume" : "1,493,811",
    "bsePrevClose" : "48.10",
    "bseOpenPrice" : "",
    "bseTodaysLow" : "47.40",
    "bseTodaysHigh" : "51.50",
    "bse52WeekLow" : "47.00",
    "bse52WeekHigh" : "143.60",
    "bseLowerPriceBand" : "43.30",
    "bseUpperPriceBand" : "52.90"
  },
  "nseData" : {
    "nsePrice" : "48.35",
    "nseVolume" : "27,159,204",
    "nsePrevClose" : "",
    "nseOpenPrice" : "",
    "nseTodaysLow" : "47.30",
    "nseTodaysHigh" : "51.50",
    "nse52WeekLow" : "46.50",
    "nse52WeekHigh" : "144.00",
    "nseLowerPriceBand" : "43.35",
    "nseUpperPriceBand" : "52.95"
  },
  "companyValuation" : {
    "marketCapital" : "22,317.34",
    "peRatio" : "-",
    "bookValue" : "100.28",
    "dividend" : "0.00",
    "marketLot" : "1",
    "industryPeRatio" : "105.09",
    "eps" : "-",
    "pcRatio" : "-",
    "bookPrice" : "0.48",
    "dividendYield" : "-",
    "faceValue" : "2.00",
    "deliverables" : "32.71"
  }
}