{
  "url" : "https://www.moneycontrol.com/india/stockpricequote/finance-investments/nipponindiaetfbankbees/BAM02",
  "companyName" : "Nippon India ETF Bank BeES",
  "breadCrumb" : "Moneycontrol / Market / Share/Stock Price / Finance - Investments",
  "bseNseNames" : "BSE: 590106 | NSE: BANKBEES |",
  "seriesLink" : "EQ",
  "isinLink" : "INF732E01078",
  "sectorLink" : "Moneycontrol / Market / Share/Stock Price / Finance - Investments",
  "sectorTitle" : "FINANCE - INVESTMENTS",
  "bseData" : {
    "bsePrice" : "192.25",
    "bseVolume" : "6,688",
    "bsePrevClose" : "192.20",
    "bseOpenPrice" : "",
    "bseTodaysLow" : "187.10",
    "bseTodaysHigh" : "203.27",
    "bse52WeekLow" : "169.70",
    "bse52WeekHigh" : "332.60",
    "bseLowerPriceBand" : "138.88",
    "bseUpperPriceBand" : "208.33"
  },
  "nseData" : {
    "nsePrice" : "191.28",
    "nseVolume" : "676,832",
    "nsePrevClose" : "",
    "nseOpenPrice" : "",
    "nseTodaysLow" : "186.06",
    "nseTodaysHigh" : "205.40",
    "nse52WeekLow" : "169.55",
    "nse52WeekHigh" : "332.95",
    "nseLowerPriceBand" : "138.89",
    "nseUpperPriceBand" : "208.33"
  },
  "companyValuation" : {
    "marketCapital" : "0.00",
    "peRatio" : "-",
    "bookValue" : "0",
    "dividend" : "0",
    "marketLot" : "0",
    "industryPeRatio" : "0",
    "eps" : "-",
    "pcRatio" : "-",
    "bookPrice" : "-",
    "dividendYield" : "-",
    "faceValue" : "0",
    "deliverables" : "52.10"
  }
}