{
  "url" : "https://www.moneycontrol.com/india/stockpricequote/textiles-spinning-synthetic-blended/banswarasyntex/BS01",
  "companyName" : "Banswara Syntex Ltd.",
  "breadCrumb" : "Moneycontrol / Market / Share/Stock Price / Textiles - Spinning - Synthetic Blended",
  "bseNseNames" : "BSE: 503722 | NSE: BANSWRAS |",
  "seriesLink" : "EQ",
  "isinLink" : "INE629D01012",
  "sectorLink" : "Moneycontrol / Market / Share/Stock Price / Textiles - Spinning - Synthetic Blended",
  "sectorTitle" : "TEXTILES - SPINNING - SYNTHETIC BLENDED",
  "bseData" : {
    "bsePrice" : "71.25",
    "bseVolume" : "770",
    "bsePrevClose" : "74.95",
    "bseOpenPrice" : "",
    "bseTodaysLow" : "71.25",
    "bseTodaysHigh" : "78.65",
    "bse52WeekLow" : "50.00",
    "bse52WeekHigh" : "148.50",
    "bseLowerPriceBand" : "71.25",
    "bseUpperPriceBand" : "78.65"
  },
  "nseData" : {
    "nsePrice" : "71.15",
    "nseVolume" : "22,922",
    "nsePrevClose" : "",
    "nseOpenPrice" : "",
    "nseTodaysLow" : "70.20",
    "nseTodaysHigh" : "77.40",
    "nse52WeekLow" : "45.80",
    "nse52WeekHigh" : "148.20",
    "nseLowerPriceBand" : "70.10",
    "nseUpperPriceBand" : "77.40"
  },
  "companyValuation" : {
    "marketCapital" : "121.95",
    "peRatio" : "1.87",
    "bookValue" : "172.03",
    "dividend" : "10.00",
    "marketLot" : "1",
    "industryPeRatio" : "4.53",
    "eps" : "38.07",
    "pcRatio" : "1.01",
    "bookPrice" : "0.41",
    "dividendYield" : "1.40",
    "faceValue" : "10.00",
    "deliverables" : "95.43"
  }
}