{
  "url" : "https://www.moneycontrol.com/india/stockpricequote/miscellaneous/bartronicsindia/BI21",
  "companyName" : "Bartronics India Ltd.",
  "breadCrumb" : "Moneycontrol / Market / Share/Stock Price / Miscellaneous",
  "bseNseNames" : "BSE: 532694 | NSE: BARTRONICS | SERIES: BZ | ISIN: INE855F01034 | SECTOR: MISCELLANEOUSMISCELLANEOUS",
  "seriesLink" : "BZ",
  "isinLink" : "INE855F01034",
  "sectorLink" : "Moneycontrol / Market / Share/Stock Price / Miscellaneous",
  "sectorTitle" : "MISCELLANEOUS",
  "bseData" : {
    "bsePrice" : "0.64",
    "bseVolume" : "110",
    "bsePrevClose" : "0.64",
    "bseOpenPrice" : "",
    "bseTodaysLow" : "0.64",
    "bseTodaysHigh" : "0.64",
    "bse52WeekLow" : "0.61",
    "bse52WeekHigh" : "7.59",
    "bseLowerPriceBand" : "0.61",
    "bseUpperPriceBand" : "0.67"
  },
  "nseData" : {
    "nsePrice" : "0.70",
    "nseVolume" : "2,715",
    "nsePrevClose" : "",
    "nseOpenPrice" : "",
    "nseTodaysLow" : "0.70",
    "nseTodaysHigh" : "0.70",
    "nse52WeekLow" : "0.45",
    "nse52WeekHigh" : "7.65",
    "nseLowerPriceBand" : "0.60",
    "nseUpperPriceBand" : "0.70"
  },
  "companyValuation" : {
    "marketCapital" : "2.18",
    "peRatio" : "-",
    "bookValue" : "1.95",
    "dividend" : "0.00",
    "marketLot" : "1",
    "industryPeRatio" : "17.66",
    "eps" : "-",
    "pcRatio" : "-",
    "bookPrice" : "0.33",
    "dividendYield" : "-",
    "faceValue" : "10.00",
    "deliverables" : "100.00"
  }
}