{
  "url" : "https://www.moneycontrol.com/india/stockpricequote/chemicals/basfindia/BAS",
  "companyName" : "BASF India Ltd.",
  "breadCrumb" : "Moneycontrol / Market / Share/Stock Price / Chemicals",
  "bseNseNames" : "BSE: 500042 | NSE: BASF |",
  "seriesLink" : "EQ",
  "isinLink" : "INE373A01013",
  "sectorLink" : "Moneycontrol / Market / Share/Stock Price / Chemicals",
  "sectorTitle" : "CHEMICALS",
  "bseData" : {
    "bsePrice" : "1120.00",
    "bseVolume" : "1,449",
    "bsePrevClose" : "1132.85",
    "bseOpenPrice" : "",
    "bseTodaysLow" : "1107.10",
    "bseTodaysHigh" : "1151.20",
    "bse52WeekLow" : "795.00",
    "bse52WeekHigh" : "1495.00",
    "bseLowerPriceBand" : "906.30",
    "bseUpperPriceBand" : "1359.40"
  },
  "nseData" : {
    "nsePrice" : "1119.95",
    "nseVolume" : "26,139",
    "nsePrevClose" : "",
    "nseOpenPrice" : "",
    "nseTodaysLow" : "1105.00",
    "nseTodaysHigh" : "1154.00",
    "nse52WeekLow" : "809.15",
    "nse52WeekHigh" : "1472.95",
    "nseLowerPriceBand" : "910.60",
    "nseUpperPriceBand" : "1365.90"
  },
  "companyValuation" : {
    "marketCapital" : "4,847.99",
    "peRatio" : "75.27",
    "bookValue" : "326.41",
    "dividend" : "50.00",
    "marketLot" : "1",
    "industryPeRatio" : "13.32",
    "eps" : "14.88",
    "pcRatio" : "22.92",
    "bookPrice" : "3.43",
    "dividendYield" : "0.45",
    "faceValue" : "10.00",
    "deliverables" : "58.90"
  }
}