{
  "url" : "https://www.moneycontrol.com/india/stockpricequote/textiles-general/bannariammanspinningmills/BAS01",
  "companyName" : "Bannari Amman Spinning Mills Ltd.",
  "breadCrumb" : "Moneycontrol / Market / Share/Stock Price / Textiles - General",
  "bseNseNames" : "BSE: 532674 | NSE: BASML |",
  "seriesLink" : "EQ",
  "isinLink" : "INE186H01014",
  "sectorLink" : "Moneycontrol / Market / Share/Stock Price / Textiles - General",
  "sectorTitle" : "TEXTILES - GENERAL",
  "bseData" : {
    "bsePrice" : "78.35",
    "bseVolume" : "352",
    "bsePrevClose" : "78.00",
    "bseOpenPrice" : "",
    "bseTodaysLow" : "78.00",
    "bseTodaysHigh" : "84.50",
    "bse52WeekLow" : "65.05",
    "bse52WeekHigh" : "197.70",
    "bseLowerPriceBand" : "62.40",
    "bseUpperPriceBand" : "93.60"
  },
  "nseData" : {
    "nsePrice" : "80.00",
    "nseVolume" : "1,648",
    "nsePrevClose" : "",
    "nseOpenPrice" : "",
    "nseTodaysLow" : "74.05",
    "nseTodaysHigh" : "84.00",
    "nse52WeekLow" : "62.25",
    "nse52WeekHigh" : "198.00",
    "nseLowerPriceBand" : "63.00",
    "nseUpperPriceBand" : "94.40"
  },
  "companyValuation" : {
    "marketCapital" : "123.43",
    "peRatio" : "12.38",
    "bookValue" : "196.20",
    "dividend" : "16.00",
    "marketLot" : "1",
    "industryPeRatio" : "18.54",
    "eps" : "6.46",
    "pcRatio" : "3.13",
    "bookPrice" : "0.40",
    "dividendYield" : "2.04",
    "faceValue" : "10.00",
    "deliverables" : "80.74"
  }
}