{
  "url" : "https://www.moneycontrol.com/india/stockpricequote/leather-products/bataindia/BI01",
  "companyName" : "Bata India Ltd.",
  "breadCrumb" : "Moneycontrol / Market / Share/Stock Price / Leather Products",
  "bseNseNames" : "BSE: 500043 | NSE: BATAINDIA |",
  "seriesLink" : "EQ",
  "isinLink" : "INE176A01028",
  "sectorLink" : "Moneycontrol / Market / Share/Stock Price / Leather Products",
  "sectorTitle" : "LEATHER PRODUCTS",
  "bseData" : {
    "bsePrice" : "1239.80",
    "bseVolume" : "55,701",
    "bsePrevClose" : "1247.15",
    "bseOpenPrice" : "",
    "bseTodaysLow" : "1228.70",
    "bseTodaysHigh" : "1338.00",
    "bse52WeekLow" : "1017.20",
    "bse52WeekHigh" : "1897.00",
    "bseLowerPriceBand" : "1122.45",
    "bseUpperPriceBand" : "1371.85"
  },
  "nseData" : {
    "nsePrice" : "1240.05",
    "nseVolume" : "1,346,088",
    "nsePrevClose" : "",
    "nseOpenPrice" : "",
    "nseTodaysLow" : "1228.00",
    "nseTodaysHigh" : "1339.00",
    "nse52WeekLow" : "1000.00",
    "nse52WeekHigh" : "1895.45",
    "nseLowerPriceBand" : "1121.80",
    "nseUpperPriceBand" : "1371.00"
  },
  "companyValuation" : {
    "marketCapital" : "15,934.84",
    "peRatio" : "42.21",
    "bookValue" : "135.89",
    "dividend" : "125.00",
    "marketLot" : "1",
    "industryPeRatio" : "48.97",
    "eps" : "29.38",
    "pcRatio" : "36.09",
    "bookPrice" : "9.12",
    "dividendYield" : "0.50",
    "faceValue" : "5.00",
    "deliverables" : "29.83"
  }
}