{
  "url" : "https://www.moneycontrol.com/india/stockpricequote/pesticidesagro-chemicals/bayercropscience/BC12",
  "companyName" : "Bayer CropScience Ltd.",
  "breadCrumb" : "Moneycontrol / Market / Share/Stock Price / Pesticides & Agro Chemicals",
  "bseNseNames" : "BSE: 506285 | NSE: BAYERCROP |",
  "seriesLink" : "EQ",
  "isinLink" : "INE462A01022",
  "sectorLink" : "Moneycontrol / Market / Share/Stock Price / Pesticides & Agro Chemicals",
  "sectorTitle" : "PESTICIDES & AGRO CHEMICALS",
  "bseData" : {
    "bsePrice" : "3766.85",
    "bseVolume" : "1,948",
    "bsePrevClose" : "3527.30",
    "bseOpenPrice" : "",
    "bseTodaysLow" : "3527.90",
    "bseTodaysHigh" : "3940.00",
    "bse52WeekLow" : "2952.00",
    "bse52WeekHigh" : "4660.00",
    "bseLowerPriceBand" : "2821.85",
    "bseUpperPriceBand" : "4232.75"
  },
  "nseData" : {
    "nsePrice" : "3818.15",
    "nseVolume" : "32,833",
    "nsePrevClose" : "",
    "nseOpenPrice" : "",
    "nseTodaysLow" : "3499.30",
    "nseTodaysHigh" : "3946.60",
    "nse52WeekLow" : "2925.00",
    "nse52WeekHigh" : "4666.00",
    "nseLowerPriceBand" : "2808.00",
    "nseUpperPriceBand" : "4212.00"
  },
  "companyValuation" : {
    "marketCapital" : "16,929.01",
    "peRatio" : "47.24",
    "bookValue" : "421.44",
    "dividend" : "180.00",
    "marketLot" : "1",
    "industryPeRatio" : "34.66",
    "eps" : "80.82",
    "pcRatio" : "43.18",
    "bookPrice" : "8.94",
    "dividendYield" : "0.48",
    "faceValue" : "10.00",
    "deliverables" : "58.46"
  }
}