{
  "url" : "https://www.moneycontrol.com/india/stockpricequote/electric-equipment/bharatbijlee/BB",
  "companyName" : "Bharat Bijlee Ltd.",
  "breadCrumb" : "Moneycontrol / Market / Share/Stock Price / Electric Equipment",
  "bseNseNames" : "BSE: 503960 | NSE: BBL |",
  "seriesLink" : "EQ",
  "isinLink" : "INE464A01028",
  "sectorLink" : "Moneycontrol / Market / Share/Stock Price / Electric Equipment",
  "sectorTitle" : "ELECTRIC EQUIPMENT",
  "bseData" : {
    "bsePrice" : "620.00",
    "bseVolume" : "926",
    "bsePrevClose" : "590.20",
    "bseOpenPrice" : "",
    "bseTodaysLow" : "599.95",
    "bseTodaysHigh" : "620.00",
    "bse52WeekLow" : "370.05",
    "bse52WeekHigh" : "1209.40",
    "bseLowerPriceBand" : "472.20",
    "bseUpperPriceBand" : "708.20"
  },
  "nseData" : {
    "nsePrice" : "613.05",
    "nseVolume" : "9,335",
    "nsePrevClose" : "",
    "nseOpenPrice" : "",
    "nseTodaysLow" : "590.00",
    "nseTodaysHigh" : "621.25",
    "nse52WeekLow" : "424.95",
    "nse52WeekHigh" : "1215.00",
    "nseLowerPriceBand" : "471.65",
    "nseUpperPriceBand" : "707.45"
  },
  "companyValuation" : {
    "marketCapital" : "350.40",
    "peRatio" : "8.44",
    "bookValue" : "1330.54",
    "dividend" : "125.00",
    "marketLot" : "1",
    "industryPeRatio" : "7.42",
    "eps" : "72.67",
    "pcRatio" : "7.01",
    "bookPrice" : "0.47",
    "dividendYield" : "2.02",
    "faceValue" : "10.00",
    "deliverables" : "53.72"
  }
}