{
  "url" : "https://www.moneycontrol.com/india/stockpricequote/computers-software-mediumsmall/brightcomgroup/LGS",
  "companyName" : "Brightcom Group Ltd.",
  "breadCrumb" : "Moneycontrol / Market / Share/Stock Price / Computers - Software Medium & Small",
  "bseNseNames" : "BSE: 532368 | NSE: BCG |",
  "seriesLink" : "EQ",
  "isinLink" : "INE425B01027",
  "sectorLink" : "Moneycontrol / Market / Share/Stock Price / Computers - Software Medium & Small",
  "sectorTitle" : "COMPUTERS - SOFTWARE MEDIUM & SMALL",
  "bseData" : {
    "bsePrice" : "3.71",
    "bseVolume" : "267,580",
    "bsePrevClose" : "3.54",
    "bseOpenPrice" : "",
    "bseTodaysLow" : "3.56",
    "bseTodaysHigh" : "3.71",
    "bse52WeekLow" : "2.46",
    "bse52WeekHigh" : "7.21",
    "bseLowerPriceBand" : "3.37",
    "bseUpperPriceBand" : "3.71"
  },
  "nseData" : {
    "nsePrice" : "3.65",
    "nseVolume" : "305,718",
    "nsePrevClose" : "",
    "nseOpenPrice" : "",
    "nseTodaysLow" : "3.55",
    "nseTodaysHigh" : "3.65",
    "nse52WeekLow" : "2.45",
    "nse52WeekHigh" : "7.05",
    "nseLowerPriceBand" : "3.35",
    "nseUpperPriceBand" : "3.65"
  },
  "companyValuation" : {
    "marketCapital" : "176.69",
    "peRatio" : "-",
    "bookValue" : "12.24",
    "dividend" : "0.00",
    "marketLot" : "1",
    "industryPeRatio" : "18.30",
    "eps" : "-",
    "pcRatio" : "-",
    "bookPrice" : "0.30",
    "dividendYield" : "-",
    "faceValue" : "2.00",
    "deliverables" : "79.02"
  }
}