{
  "url" : "https://www.moneycontrol.com/india/stockpricequote/miscellaneous/bharatdynamicsltd/BDL01",
  "companyName" : "Bharat Dynamics Ltd.",
  "breadCrumb" : "Moneycontrol / Market / Share/Stock Price / Miscellaneous",
  "bseNseNames" : "BSE: 541143 | NSE: BDL |",
  "seriesLink" : "EQ",
  "isinLink" : "INE171Z01018",
  "sectorLink" : "Moneycontrol / Market / Share/Stock Price / Miscellaneous",
  "sectorTitle" : "MISCELLANEOUS",
  "bseData" : {
    "bsePrice" : "215.80",
    "bseVolume" : "18,747",
    "bsePrevClose" : "191.30",
    "bseOpenPrice" : "",
    "bseTodaysLow" : "189.00",
    "bseTodaysHigh" : "229.50",
    "bse52WeekLow" : "147.00",
    "bse52WeekHigh" : "365.00",
    "bseLowerPriceBand" : "153.05",
    "bseUpperPriceBand" : "229.55"
  },
  "nseData" : {
    "nsePrice" : "218.20",
    "nseVolume" : "448,405",
    "nsePrevClose" : "",
    "nseOpenPrice" : "",
    "nseTodaysLow" : "188.20",
    "nseTodaysHigh" : "229.00",
    "nse52WeekLow" : "145.30",
    "nse52WeekHigh" : "364.80",
    "nseLowerPriceBand" : "153.15",
    "nseUpperPriceBand" : "229.65"
  },
  "companyValuation" : {
    "marketCapital" : "3,955.21",
    "peRatio" : "11.45",
    "bookValue" : "123.77",
    "dividend" : "69.20",
    "marketLot" : "1",
    "industryPeRatio" : "9.29",
    "eps" : "19.06",
    "pcRatio" : "9.26",
    "bookPrice" : "1.74",
    "dividendYield" : "3.21",
    "faceValue" : "10.00",
    "deliverables" : "39.93"
  }
}