{
  "url" : "https://www.moneycontrol.com/india/stockpricequote/miscellaneous/beardsell/B06",
  "companyName" : "Beardsell Ltd.",
  "breadCrumb" : "Moneycontrol / Market / Share/Stock Price / Miscellaneous",
  "bseNseNames" : "BSE: 539447 | NSE: BEARDSELL |",
  "seriesLink" : "EQ",
  "isinLink" : "INE520H01022",
  "sectorLink" : "Moneycontrol / Market / Share/Stock Price / Miscellaneous",
  "sectorTitle" : "MISCELLANEOUS",
  "bseData" : {
    "bsePrice" : "6.20",
    "bseVolume" : "6",
    "bsePrevClose" : "6.20",
    "bseOpenPrice" : "",
    "bseTodaysLow" : "6.20",
    "bseTodaysHigh" : "6.20",
    "bse52WeekLow" : "6.20",
    "bse52WeekHigh" : "19.45",
    "bseLowerPriceBand" : "5.89",
    "bseUpperPriceBand" : "6.51"
  },
  "nseData" : {
    "nsePrice" : "7.30",
    "nseVolume" : "1,250",
    "nsePrevClose" : "",
    "nseOpenPrice" : "",
    "nseTodaysLow" : "6.70",
    "nseTodaysHigh" : "7.30",
    "nse52WeekLow" : "6.05",
    "nse52WeekHigh" : "20.80",
    "nseLowerPriceBand" : "6.70",
    "nseUpperPriceBand" : "7.40"
  },
  "companyValuation" : {
    "marketCapital" : "17.42",
    "peRatio" : "36.5",
    "bookValue" : "14.35",
    "dividend" : "12.00",
    "marketLot" : "1",
    "industryPeRatio" : "15.34",
    "eps" : "0.2",
    "pcRatio" : "5.33",
    "bookPrice" : "0.43",
    "dividendYield" : "3.87",
    "faceValue" : "2.00",
    "deliverables" : "84.49"
  }
}