{
  "url" : "https://www.moneycontrol.com/india/stockpricequote/steel-mediumsmall/bedmuthaindustries/BI05",
  "companyName" : "Bedmutha Industries Ltd.",
  "breadCrumb" : "Moneycontrol / Market / Share/Stock Price / Steel - Medium & Small",
  "bseNseNames" : "BSE: 533270 | NSE: BEDMUTHA |",
  "seriesLink" : "EQ",
  "isinLink" : "INE844K01012",
  "sectorLink" : "Moneycontrol / Market / Share/Stock Price / Steel - Medium & Small",
  "sectorTitle" : "STEEL - MEDIUM & SMALL",
  "bseData" : {
    "bsePrice" : "15.05",
    "bseVolume" : "200",
    "bsePrevClose" : "15.80",
    "bseOpenPrice" : "",
    "bseTodaysLow" : "15.05",
    "bseTodaysHigh" : "15.05",
    "bse52WeekLow" : "9.56",
    "bse52WeekHigh" : "22.80",
    "bseLowerPriceBand" : "15.05",
    "bseUpperPriceBand" : "16.55"
  },
  "nseData" : {
    "nsePrice" : "12.45",
    "nseVolume" : "19,584",
    "nsePrevClose" : "",
    "nseOpenPrice" : "",
    "nseTodaysLow" : "12.45",
    "nseTodaysHigh" : "13.05",
    "nse52WeekLow" : "9.40",
    "nse52WeekHigh" : "22.65",
    "nseLowerPriceBand" : "12.45",
    "nseUpperPriceBand" : "13.75"
  },
  "companyValuation" : {
    "marketCapital" : "36.92",
    "peRatio" : "-",
    "bookValue" : "-36.19",
    "dividend" : "0.00",
    "marketLot" : "1",
    "industryPeRatio" : "6.16",
    "eps" : "-",
    "pcRatio" : "-",
    "bookPrice" : "-",
    "dividendYield" : "-",
    "faceValue" : "10.00",
    "deliverables" : "72.77"
  }
}