{
  "url" : "https://www.moneycontrol.com/india/stockpricequote/infrastructure-general/beml/BEM03",
  "companyName" : "BEML Ltd.",
  "breadCrumb" : "Moneycontrol / Market / Share/Stock Price / Infrastructure - General",
  "bseNseNames" : "BSE: 500048 | NSE: BEML |",
  "seriesLink" : "EQ",
  "isinLink" : "INE258A01016",
  "sectorLink" : "Moneycontrol / Market / Share/Stock Price / Infrastructure - General",
  "sectorTitle" : "INFRASTRUCTURE - GENERAL",
  "bseData" : {
    "bsePrice" : "505.30",
    "bseVolume" : "79,207",
    "bsePrevClose" : "475.75",
    "bseOpenPrice" : "",
    "bseTodaysLow" : "493.50",
    "bseTodaysHigh" : "523.30",
    "bse52WeekLow" : "369.60",
    "bse52WeekHigh" : "1108.20",
    "bseLowerPriceBand" : "428.20",
    "bseUpperPriceBand" : "523.30"
  },
  "nseData" : {
    "nsePrice" : "503.60",
    "nseVolume" : "890,527",
    "nsePrevClose" : "",
    "nseOpenPrice" : "",
    "nseTodaysLow" : "492.00",
    "nseTodaysHigh" : "523.50",
    "nse52WeekLow" : "369.50",
    "nse52WeekHigh" : "1108.95",
    "nseLowerPriceBand" : "428.40",
    "nseUpperPriceBand" : "523.50"
  },
  "companyValuation" : {
    "marketCapital" : "2,104.30",
    "peRatio" : "47.33",
    "bookValue" : "525.19",
    "dividend" : "70.00",
    "marketLot" : "1",
    "industryPeRatio" : "9.29",
    "eps" : "10.64",
    "pcRatio" : "18.42",
    "bookPrice" : "0.96",
    "dividendYield" : "1.39",
    "faceValue" : "10.00",
    "deliverables" : "27.92"
  }
}