{
  "url" : "https://www.moneycontrol.com/india/stockpricequote/petrochemicals/bhansaliengineeringpolymers/BEP",
  "companyName" : "Bhansali Engineering Polymers Ltd.",
  "breadCrumb" : "Moneycontrol / Market / Share/Stock Price / Petrochemicals",
  "bseNseNames" : "BSE: 500052 | NSE: BEPL |",
  "seriesLink" : "EQ",
  "isinLink" : "INE922A01025",
  "sectorLink" : "Moneycontrol / Market / Share/Stock Price / Petrochemicals",
  "sectorTitle" : "PETROCHEMICALS",
  "bseData" : {
    "bsePrice" : "31.55",
    "bseVolume" : "34,622",
    "bsePrevClose" : "30.35",
    "bseOpenPrice" : "",
    "bseTodaysLow" : "30.40",
    "bseTodaysHigh" : "32.75",
    "bse52WeekLow" : "25.30",
    "bse52WeekHigh" : "87.70",
    "bseLowerPriceBand" : "24.30",
    "bseUpperPriceBand" : "36.40"
  },
  "nseData" : {
    "nsePrice" : "31.25",
    "nseVolume" : "333,595",
    "nsePrevClose" : "",
    "nseOpenPrice" : "",
    "nseTodaysLow" : "30.30",
    "nseTodaysHigh" : "32.75",
    "nse52WeekLow" : "22.75",
    "nse52WeekHigh" : "87.70",
    "nseLowerPriceBand" : "24.20",
    "nseUpperPriceBand" : "36.30"
  },
  "companyValuation" : {
    "marketCapital" : "523.43",
    "peRatio" : "8.36",
    "bookValue" : "18.02",
    "dividend" : "50.00",
    "marketLot" : "1",
    "industryPeRatio" : "18.41",
    "eps" : "3.74",
    "pcRatio" : "7.48",
    "bookPrice" : "1.75",
    "dividendYield" : "1.58",
    "faceValue" : "1.00",
    "deliverables" : "59.74"
  }
}