{
  "url" : "https://www.moneycontrol.com/india/stockpricequote/paintsvarnishes/bergerpaintsindia/BPI02",
  "companyName" : "Berger Paints India Ltd.",
  "breadCrumb" : "Moneycontrol / Market / Share/Stock Price / Paints & Varnishes",
  "bseNseNames" : "BSE: 509480 | NSE: BERGEPAINT |",
  "seriesLink" : "EQ",
  "isinLink" : "INE463A01038",
  "sectorLink" : "Moneycontrol / Market / Share/Stock Price / Paints & Varnishes",
  "sectorTitle" : "PAINTS & VARNISHES",
  "bseData" : {
    "bsePrice" : "462.35",
    "bseVolume" : "59,296",
    "bsePrevClose" : "479.00",
    "bseOpenPrice" : "",
    "bseTodaysLow" : "460.80",
    "bseTodaysHigh" : "489.70",
    "bse52WeekLow" : "292.20",
    "bse52WeekHigh" : "597.45",
    "bseLowerPriceBand" : "431.10",
    "bseUpperPriceBand" : "526.90"
  },
  "nseData" : {
    "nsePrice" : "463.50",
    "nseVolume" : "1,729,062",
    "nsePrevClose" : "",
    "nseOpenPrice" : "",
    "nseTodaysLow" : "460.00",
    "nseTodaysHigh" : "487.65",
    "nse52WeekLow" : "292.05",
    "nse52WeekHigh" : "597.00",
    "nseLowerPriceBand" : "431.30",
    "nseUpperPriceBand" : "527.10"
  },
  "companyValuation" : {
    "marketCapital" : "44,904.35",
    "peRatio" : "76.11",
    "bookValue" : "24.43",
    "dividend" : "190.00",
    "marketLot" : "1",
    "industryPeRatio" : "71.07",
    "eps" : "6.09",
    "pcRatio" : "63.06",
    "bookPrice" : "18.93",
    "dividendYield" : "0.41",
    "faceValue" : "1.00",
    "deliverables" : "23.66"
  }
}