{
  "url" : "https://www.moneycontrol.com/india/stockpricequote/finance-investments/bfinvestment/BFI",
  "companyName" : "BF Investment Ltd.",
  "breadCrumb" : "Moneycontrol / Market / Share/Stock Price / Finance - Investments",
  "bseNseNames" : "BSE: 533303 | NSE: BFINVEST |",
  "seriesLink" : "EQ",
  "isinLink" : "INE878K01010",
  "sectorLink" : "Moneycontrol / Market / Share/Stock Price / Finance - Investments",
  "sectorTitle" : "FINANCE - INVESTMENTS",
  "bseData" : {
    "bsePrice" : "246.70",
    "bseVolume" : "988",
    "bsePrevClose" : "259.55",
    "bseOpenPrice" : "",
    "bseTodaysLow" : "246.60",
    "bseTodaysHigh" : "268.50",
    "bse52WeekLow" : "152.00",
    "bse52WeekHigh" : "367.80",
    "bseLowerPriceBand" : "246.60",
    "bseUpperPriceBand" : "272.50"
  },
  "nseData" : {
    "nsePrice" : "246.30",
    "nseVolume" : "4,938",
    "nsePrevClose" : "",
    "nseOpenPrice" : "",
    "nseTodaysLow" : "244.60",
    "nseTodaysHigh" : "268.80",
    "nse52WeekLow" : "151.00",
    "nse52WeekHigh" : "377.00",
    "nseLowerPriceBand" : "244.60",
    "nseUpperPriceBand" : "270.30"
  },
  "companyValuation" : {
    "marketCapital" : "929.26",
    "peRatio" : "19.96",
    "bookValue" : "359.94",
    "dividend" : "0.00",
    "marketLot" : "1",
    "industryPeRatio" : "23.58",
    "eps" : "12.34",
    "pcRatio" : "19.91",
    "bookPrice" : "0.69",
    "dividendYield" : "-",
    "faceValue" : "5.00",
    "deliverables" : "72.14"
  }
}