{
  "url" : "https://www.moneycontrol.com/india/stockpricequote/power-generationdistribution/bfutilities/BFU",
  "companyName" : "BF Utilities Ltd.",
  "breadCrumb" : "Moneycontrol / Market / Share/Stock Price / Power - Generation & Distribution",
  "bseNseNames" : "BSE: 532430 | NSE: BFUTILITIE |",
  "seriesLink" : "EQ",
  "isinLink" : "INE243D01012",
  "sectorLink" : "Moneycontrol / Market / Share/Stock Price / Power - Generation & Distribution",
  "sectorTitle" : "POWER - GENERATION & DISTRIBUTION",
  "bseData" : {
    "bsePrice" : "154.30",
    "bseVolume" : "18,297",
    "bsePrevClose" : "150.85",
    "bseOpenPrice" : "",
    "bseTodaysLow" : "151.05",
    "bseTodaysHigh" : "158.35",
    "bse52WeekLow" : "134.35",
    "bse52WeekHigh" : "361.00",
    "bseLowerPriceBand" : "143.35",
    "bseUpperPriceBand" : "158.35"
  },
  "nseData" : {
    "nsePrice" : "154.05",
    "nseVolume" : "138,134",
    "nsePrevClose" : "",
    "nseOpenPrice" : "",
    "nseTodaysLow" : "151.05",
    "nseTodaysHigh" : "158.35",
    "nse52WeekLow" : "134.10",
    "nse52WeekHigh" : "361.30",
    "nseLowerPriceBand" : "143.35",
    "nseUpperPriceBand" : "158.35"
  },
  "companyValuation" : {
    "marketCapital" : "581.21",
    "peRatio" : "733.57",
    "bookValue" : "34.01",
    "dividend" : "0.00",
    "marketLot" : "1",
    "industryPeRatio" : "7.28",
    "eps" : "0.21",
    "pcRatio" : "124.23",
    "bookPrice" : "4.54",
    "dividendYield" : "-",
    "faceValue" : "5.00",
    "deliverables" : "77.47"
  }
}