{
  "url" : "https://www.moneycontrol.com/india/stockpricequote/cables-telephone/bhagyanagarindia/BI23",
  "companyName" : "Bhagyanagar India Ltd.",
  "breadCrumb" : "Moneycontrol / Market / Share/Stock Price / Cables - Telephone",
  "bseNseNames" : "BSE: 512296 | NSE: BHAGYANGR |",
  "seriesLink" : "EQ",
  "isinLink" : "INE458B01036",
  "sectorLink" : "Moneycontrol / Market / Share/Stock Price / Cables - Telephone",
  "sectorTitle" : "CABLES - TELEPHONE",
  "bseData" : {
    "bsePrice" : "14.50",
    "bseVolume" : "721",
    "bsePrevClose" : "14.55",
    "bseOpenPrice" : "",
    "bseTodaysLow" : "14.50",
    "bseTodaysHigh" : "15.20",
    "bse52WeekLow" : "10.80",
    "bse52WeekHigh" : "35.20",
    "bseLowerPriceBand" : "11.64",
    "bseUpperPriceBand" : "17.46"
  },
  "nseData" : {
    "nsePrice" : "14.40",
    "nseVolume" : "1,338",
    "nsePrevClose" : "",
    "nseOpenPrice" : "",
    "nseTodaysLow" : "14.00",
    "nseTodaysHigh" : "15.20",
    "nse52WeekLow" : "11.50",
    "nse52WeekHigh" : "32.95",
    "nseLowerPriceBand" : "11.55",
    "nseUpperPriceBand" : "17.25"
  },
  "companyValuation" : {
    "marketCapital" : "46.39",
    "peRatio" : "14.12",
    "bookValue" : "38.20",
    "dividend" : "0.00",
    "marketLot" : "1",
    "industryPeRatio" : "11.73",
    "eps" : "1.02",
    "pcRatio" : "6.61",
    "bookPrice" : "0.38",
    "dividendYield" : "-",
    "faceValue" : "2.00",
    "deliverables" : "79.09"
  }
}