{
  "url" : "https://www.moneycontrol.com/india/stockpricequote/miscellaneous/bhagyanagarproperties/BP13",
  "companyName" : "Bhagyanagar Properties Ltd.",
  "breadCrumb" : "Moneycontrol / Market / Share/Stock Price / Miscellaneous",
  "bseNseNames" : "BSE: 540621 | NSE: BHAGYAPROP |",
  "seriesLink" : "EQ",
  "isinLink" : "INE363W01018",
  "sectorLink" : "Moneycontrol / Market / Share/Stock Price / Miscellaneous",
  "sectorTitle" : "MISCELLANEOUS",
  "bseData" : {
    "bsePrice" : "18.00",
    "bseVolume" : "3,155",
    "bsePrevClose" : "18.55",
    "bseOpenPrice" : "",
    "bseTodaysLow" : "18.00",
    "bseTodaysHigh" : "21.90",
    "bse52WeekLow" : "16.10",
    "bse52WeekHigh" : "32.40",
    "bseLowerPriceBand" : "14.85",
    "bseUpperPriceBand" : "22.25"
  },
  "nseData" : {
    "nsePrice" : "20.00",
    "nseVolume" : "999",
    "nsePrevClose" : "",
    "nseOpenPrice" : "",
    "nseTodaysLow" : "18.00",
    "nseTodaysHigh" : "20.00",
    "nse52WeekLow" : "16.00",
    "nse52WeekHigh" : "32.40",
    "nseLowerPriceBand" : "15.20",
    "nseUpperPriceBand" : "22.80"
  },
  "companyValuation" : {
    "marketCapital" : "57.59",
    "peRatio" : "9.52",
    "bookValue" : "33.34",
    "dividend" : "0.00",
    "marketLot" : "1",
    "industryPeRatio" : "13.75",
    "eps" : "2.1",
    "pcRatio" : "9.52",
    "bookPrice" : "0.54",
    "dividendYield" : "-",
    "faceValue" : "2.00",
    "deliverables" : "90.91"
  }
}