{
  "url" : "https://www.moneycontrol.com/india/stockpricequote/dyespigments/bhageriaindustries/BD02",
  "companyName" : "Bhageria Industries Ltd.",
  "breadCrumb" : "Moneycontrol / Market / Share/Stock Price / Dyes & Pigments",
  "bseNseNames" : "BSE: 530803 | NSE: BHAGERIA |",
  "seriesLink" : "EQ",
  "isinLink" : "INE354C01027",
  "sectorLink" : "Moneycontrol / Market / Share/Stock Price / Dyes & Pigments",
  "sectorTitle" : "DYES & PIGMENTS",
  "bseData" : {
    "bsePrice" : "81.00",
    "bseVolume" : "1,336",
    "bsePrevClose" : "85.15",
    "bseOpenPrice" : "",
    "bseTodaysLow" : "81.00",
    "bseTodaysHigh" : "86.90",
    "bse52WeekLow" : "66.00",
    "bse52WeekHigh" : "154.55",
    "bseLowerPriceBand" : "76.65",
    "bseUpperPriceBand" : "93.65"
  },
  "nseData" : {
    "nsePrice" : "81.60",
    "nseVolume" : "34,795",
    "nsePrevClose" : "",
    "nseOpenPrice" : "",
    "nseTodaysLow" : "80.65",
    "nseTodaysHigh" : "91.05",
    "nse52WeekLow" : "64.95",
    "nse52WeekHigh" : "154.95",
    "nseLowerPriceBand" : "75.80",
    "nseUpperPriceBand" : "92.60"
  },
  "companyValuation" : {
    "marketCapital" : "353.52",
    "peRatio" : "5.72",
    "bookValue" : "78.45",
    "dividend" : "97.50",
    "marketLot" : "1",
    "industryPeRatio" : "15.22",
    "eps" : "14.26",
    "pcRatio" : "4.22",
    "bookPrice" : "1.03",
    "dividendYield" : "6.02",
    "faceValue" : "5.00",
    "deliverables" : "61.30"
  }
}