{
  "url" : "https://www.moneycontrol.com/india/stockpricequote/domestic-appliances/butterflygandhimathiappliances/GA",
  "companyName" : "Butterfly Gandhimathi Appliances Ltd.",
  "breadCrumb" : "Moneycontrol / Market / Share/Stock Price / Domestic Appliances",
  "bseNseNames" : "BSE: 517421 | NSE: BUTTERFLY |",
  "seriesLink" : "EQ",
  "isinLink" : "INE295F01017",
  "sectorLink" : "Moneycontrol / Market / Share/Stock Price / Domestic Appliances",
  "sectorTitle" : "DOMESTIC APPLIANCES",
  "bseData" : {
    "bsePrice" : "93.75",
    "bseVolume" : "17,707",
    "bsePrevClose" : "95.55",
    "bseOpenPrice" : "",
    "bseTodaysLow" : "90.50",
    "bseTodaysHigh" : "100.40",
    "bse52WeekLow" : "84.50",
    "bse52WeekHigh" : "284.70",
    "bseLowerPriceBand" : "86.00",
    "bseUpperPriceBand" : "105.10"
  },
  "nseData" : {
    "nsePrice" : "93.10",
    "nseVolume" : "190,911",
    "nsePrevClose" : "",
    "nseOpenPrice" : "",
    "nseTodaysLow" : "91.10",
    "nseTodaysHigh" : "100.90",
    "nse52WeekLow" : "83.00",
    "nse52WeekHigh" : "284.90",
    "nseLowerPriceBand" : "86.30",
    "nseUpperPriceBand" : "105.40"
  },
  "companyValuation" : {
    "marketCapital" : "167.62",
    "peRatio" : "10.41",
    "bookValue" : "105.49",
    "dividend" : "0.00",
    "marketLot" : "1",
    "industryPeRatio" : "26.15",
    "eps" : "8.94",
    "pcRatio" : "5.76",
    "bookPrice" : "0.89",
    "dividendYield" : "-",
    "faceValue" : "10.00",
    "deliverables" : "73.07"
  }
}