{
  "url" : "https://www.moneycontrol.com/india/stockpricequote/hotels/thebykehospitality/SH12",
  "companyName" : "The Byke Hospitality Ltd.",
  "breadCrumb" : "Moneycontrol / Market / Share/Stock Price / Hotels",
  "bseNseNames" : "BSE: 531373 | NSE: BYKE |",
  "seriesLink" : "EQ",
  "isinLink" : "INE319B01014",
  "sectorLink" : "Moneycontrol / Market / Share/Stock Price / Hotels",
  "sectorTitle" : "HOTELS",
  "bseData" : {
    "bsePrice" : "10.10",
    "bseVolume" : "2,354",
    "bsePrevClose" : "9.99",
    "bseOpenPrice" : "",
    "bseTodaysLow" : "9.69",
    "bseTodaysHigh" : "10.35",
    "bse52WeekLow" : "7.65",
    "bse52WeekHigh" : "33.30",
    "bseLowerPriceBand" : "9.00",
    "bseUpperPriceBand" : "10.98"
  },
  "nseData" : {
    "nsePrice" : "9.95",
    "nseVolume" : "35,548",
    "nsePrevClose" : "",
    "nseOpenPrice" : "",
    "nseTodaysLow" : "9.70",
    "nseTodaysHigh" : "10.15",
    "nse52WeekLow" : "7.20",
    "nse52WeekHigh" : "32.80",
    "nseLowerPriceBand" : "8.90",
    "nseUpperPriceBand" : "10.80"
  },
  "companyValuation" : {
    "marketCapital" : "40.50",
    "peRatio" : "165.83",
    "bookValue" : "45.88",
    "dividend" : "0.00",
    "marketLot" : "1",
    "industryPeRatio" : "22.64",
    "eps" : "0.06",
    "pcRatio" : "2.63",
    "bookPrice" : "0.22",
    "dividendYield" : "-",
    "faceValue" : "10.00",
    "deliverables" : "54.42"
  }
}