{
  "url" : "https://www.moneycontrol.com/india/stockpricequote/pharmaceuticals/cadilahealthcare/CHC",
  "companyName" : "Cadila Healthcare Ltd.",
  "breadCrumb" : "Moneycontrol / Market / Share/Stock Price / Pharmaceuticals",
  "bseNseNames" : "BSE: 532321 | NSE: CADILAHC |",
  "seriesLink" : "EQ",
  "isinLink" : "INE010B01027",
  "sectorLink" : "Moneycontrol / Market / Share/Stock Price / Pharmaceuticals",
  "sectorTitle" : "PHARMACEUTICALS",
  "bseData" : {
    "bsePrice" : "349.95",
    "bseVolume" : "1,418,348",
    "bsePrevClose" : "312.50",
    "bseOpenPrice" : "",
    "bseTodaysLow" : "331.35",
    "bseTodaysHigh" : "366.55",
    "bse52WeekLow" : "206.45",
    "bse52WeekHigh" : "366.55",
    "bseLowerPriceBand" : "281.25",
    "bseUpperPriceBand" : "375.00"
  },
  "nseData" : {
    "nsePrice" : "349.85",
    "nseVolume" : "34,940,619",
    "nsePrevClose" : "",
    "nseOpenPrice" : "",
    "nseTodaysLow" : "330.00",
    "nseTodaysHigh" : "366.70",
    "nse52WeekLow" : "202.00",
    "nse52WeekHigh" : "366.70",
    "nseLowerPriceBand" : "281.15",
    "nseUpperPriceBand" : "343.55"
  },
  "companyValuation" : {
    "marketCapital" : "35,825.87",
    "peRatio" : "28.65",
    "bookValue" : "87.49",
    "dividend" : "350.00",
    "marketLot" : "1",
    "industryPeRatio" : "32.25",
    "eps" : "12.21",
    "pcRatio" : "22.38",
    "bookPrice" : "4.00",
    "dividendYield" : "1.00",
    "faceValue" : "1.00",
    "deliverables" : "19.13"
  }
}