{
  "url" : "https://www.moneycontrol.com/india/stockpricequote/computers-software-mediumsmall/californiasoftware/CS15",
  "companyName" : "California Software Ltd.",
  "breadCrumb" : "Moneycontrol / Market / Share/Stock Price / Computers - Software Medium & Small",
  "bseNseNames" : "BSE: 532386 | NSE: CALSOFT |",
  "seriesLink" : "EQ",
  "isinLink" : "INE526B01014",
  "sectorLink" : "Moneycontrol / Market / Share/Stock Price / Computers - Software Medium & Small",
  "sectorTitle" : "COMPUTERS - SOFTWARE MEDIUM & SMALL",
  "bseData" : {
    "bsePrice" : "8.85",
    "bseVolume" : "815",
    "bsePrevClose" : "8.48",
    "bseOpenPrice" : "",
    "bseTodaysLow" : "8.30",
    "bseTodaysHigh" : "8.85",
    "bse52WeekLow" : "7.49",
    "bse52WeekHigh" : "26.95",
    "bseLowerPriceBand" : "8.06",
    "bseUpperPriceBand" : "8.90"
  },
  "nseData" : {
    "nsePrice" : "8.75",
    "nseVolume" : "15,520",
    "nsePrevClose" : "",
    "nseOpenPrice" : "",
    "nseTodaysLow" : "8.20",
    "nseTodaysHigh" : "8.85",
    "nse52WeekLow" : "7.00",
    "nse52WeekHigh" : "25.30",
    "nseLowerPriceBand" : "8.05",
    "nseUpperPriceBand" : "8.85"
  },
  "companyValuation" : {
    "marketCapital" : "10.94",
    "peRatio" : "26.52",
    "bookValue" : "5.14",
    "dividend" : "0.00",
    "marketLot" : "1",
    "industryPeRatio" : "18.30",
    "eps" : "0.33",
    "pcRatio" : "26.52",
    "bookPrice" : "1.72",
    "dividendYield" : "-",
    "faceValue" : "10.00",
    "deliverables" : "76.54"
  }
}