{
  "url" : "https://www.moneycontrol.com/india/stockpricequote/chemicals/camlinfinesciences/CFC03",
  "companyName" : "Camlin Fine Sciences Ltd.",
  "breadCrumb" : "Moneycontrol / Market / Share/Stock Price / Chemicals",
  "bseNseNames" : "BSE: 532834 | NSE: CAMLINFINE |",
  "seriesLink" : "EQ",
  "isinLink" : "INE052I01032",
  "sectorLink" : "Moneycontrol / Market / Share/Stock Price / Chemicals",
  "sectorTitle" : "CHEMICALS",
  "bseData" : {
    "bsePrice" : "45.70",
    "bseVolume" : "26,081",
    "bsePrevClose" : "43.55",
    "bseOpenPrice" : "",
    "bseTodaysLow" : "45.05",
    "bseTodaysHigh" : "45.70",
    "bse52WeekLow" : "33.40",
    "bse52WeekHigh" : "89.90",
    "bseLowerPriceBand" : "41.40",
    "bseUpperPriceBand" : "45.70"
  },
  "nseData" : {
    "nsePrice" : "45.60",
    "nseVolume" : "169,304",
    "nsePrevClose" : "",
    "nseOpenPrice" : "",
    "nseTodaysLow" : "44.55",
    "nseTodaysHigh" : "45.60",
    "nse52WeekLow" : "33.00",
    "nse52WeekHigh" : "89.90",
    "nseLowerPriceBand" : "41.30",
    "nseUpperPriceBand" : "45.60"
  },
  "companyValuation" : {
    "marketCapital" : "554.13",
    "peRatio" : "32.81",
    "bookValue" : "26.53",
    "dividend" : "0.00",
    "marketLot" : "1",
    "industryPeRatio" : "35.12",
    "eps" : "1.39",
    "pcRatio" : "21.31",
    "bookPrice" : "1.72",
    "dividendYield" : "-",
    "faceValue" : "1.00",
    "deliverables" : "77.98"
  }
}