{
  "url" : "https://www.moneycontrol.com/india/stockpricequote/banks-public-sector/canarabank/CB06",
  "companyName" : "Canara Bank",
  "breadCrumb" : "Moneycontrol / Market / Share/Stock Price / Banks - Public Sector",
  "bseNseNames" : "BSE: 532483 | NSE: CANBK |",
  "seriesLink" : "EQ",
  "isinLink" : "INE476A01014",
  "sectorLink" : "Moneycontrol / Market / Share/Stock Price / Banks - Public Sector",
  "sectorTitle" : "BANKS - PUBLIC SECTOR",
  "bseData" : {
    "bsePrice" : "87.35",
    "bseVolume" : "515,378",
    "bsePrevClose" : "86.75",
    "bseOpenPrice" : "",
    "bseTodaysLow" : "84.70",
    "bseTodaysHigh" : "92.60",
    "bse52WeekLow" : "73.85",
    "bse52WeekHigh" : "302.00",
    "bseLowerPriceBand" : "78.10",
    "bseUpperPriceBand" : "95.40"
  },
  "nseData" : {
    "nsePrice" : "87.40",
    "nseVolume" : "8,434,667",
    "nsePrevClose" : "",
    "nseOpenPrice" : "",
    "nseTodaysLow" : "84.30",
    "nseTodaysHigh" : "92.75",
    "nse52WeekLow" : "73.65",
    "nse52WeekHigh" : "296.55",
    "nseLowerPriceBand" : "78.15",
    "nseUpperPriceBand" : "95.45"
  },
  "companyValuation" : {
    "marketCapital" : "12,696.34",
    "peRatio" : "26.89",
    "bookValue" : "209.35",
    "dividend" : "0.00",
    "marketLot" : "1",
    "industryPeRatio" : "105.09",
    "eps" : "3.25",
    "pcRatio" : "14.28",
    "bookPrice" : "0.42",
    "dividendYield" : "-",
    "faceValue" : "10.00",
    "deliverables" : "13.23"
  }
}