{
  "url" : "https://www.moneycontrol.com/india/stockpricequote/constructioncontracting-civil/ccconstructions/CCC01",
  "companyName" : "C & C Constructions Ltd.",
  "breadCrumb" : "Moneycontrol / Market / Share/Stock Price / Construction & Contracting - Civil",
  "bseNseNames" : "BSE: 532813 | NSE: CANDC | SERIES: BZ | ISIN: INE874H01015 | SECTOR: CONSTRUCTION & CONTRACTING - CIVILCONSTRUCTION & CONTRACTING - CIVIL",
  "seriesLink" : "BZ",
  "isinLink" : "INE874H01015",
  "sectorLink" : "Moneycontrol / Market / Share/Stock Price / Construction & Contracting - Civil",
  "sectorTitle" : "CONSTRUCTION & CONTRACTING - CIVIL",
  "bseData" : {
    "bsePrice" : "2.20",
    "bseVolume" : "200",
    "bsePrevClose" : "2.30",
    "bseOpenPrice" : "",
    "bseTodaysLow" : "2.20",
    "bseTodaysHigh" : "2.20",
    "bse52WeekLow" : "2.20",
    "bse52WeekHigh" : "12.84",
    "bseLowerPriceBand" : "2.19",
    "bseUpperPriceBand" : "2.41"
  },
  "nseData" : {
    "nsePrice" : "1.00",
    "nseVolume" : "11,408",
    "nsePrevClose" : "",
    "nseOpenPrice" : "",
    "nseTodaysLow" : "0.95",
    "nseTodaysHigh" : "1.00",
    "nse52WeekLow" : "0.95",
    "nse52WeekHigh" : "10.55",
    "nseLowerPriceBand" : "0.90",
    "nseUpperPriceBand" : "1.00"
  },
  "companyValuation" : {
    "marketCapital" : "5.60",
    "peRatio" : "0.12",
    "bookValue" : "57.75",
    "dividend" : "0.00",
    "marketLot" : "1",
    "industryPeRatio" : "13.75",
    "eps" : "8.37",
    "pcRatio" : "0.05",
    "bookPrice" : "0.04",
    "dividendYield" : "-",
    "faceValue" : "10.00",
    "deliverables" : "97.09"
  }
}