{
  "url" : "https://www.moneycontrol.com/india/stockpricequote/finance-housing/canfinhomes/CFH",
  "companyName" : "Can Fin Homes Ltd.",
  "breadCrumb" : "Moneycontrol / Market / Share/Stock Price / Finance - Housing",
  "bseNseNames" : "BSE: 511196 | NSE: CANFINHOME |",
  "seriesLink" : "EQ",
  "isinLink" : "INE477A01020",
  "sectorLink" : "Moneycontrol / Market / Share/Stock Price / Finance - Housing",
  "sectorTitle" : "FINANCE - HOUSING",
  "bseData" : {
    "bsePrice" : "283.65",
    "bseVolume" : "88,023",
    "bsePrevClose" : "273.95",
    "bseOpenPrice" : "",
    "bseTodaysLow" : "269.40",
    "bseTodaysHigh" : "301.25",
    "bse52WeekLow" : "253.55",
    "bse52WeekHigh" : "519.00",
    "bseLowerPriceBand" : "219.20",
    "bseUpperPriceBand" : "328.70"
  },
  "nseData" : {
    "nsePrice" : "283.40",
    "nseVolume" : "603,068",
    "nsePrevClose" : "",
    "nseOpenPrice" : "",
    "nseTodaysLow" : "269.00",
    "nseTodaysHigh" : "302.00",
    "nse52WeekLow" : "253.30",
    "nse52WeekHigh" : "519.00",
    "nseLowerPriceBand" : "219.75",
    "nseUpperPriceBand" : "329.55"
  },
  "companyValuation" : {
    "marketCapital" : "3,776.92",
    "peRatio" : "10.71",
    "bookValue" : "133.84",
    "dividend" : "100.00",
    "marketLot" : "1",
    "industryPeRatio" : "16.05",
    "eps" : "26.45",
    "pcRatio" : "10.62",
    "bookPrice" : "2.12",
    "dividendYield" : "0.71",
    "faceValue" : "2.00",
    "deliverables" : "54.83"
  }
}