{
  "url" : "https://www.moneycontrol.com/india/stockpricequote/retail/cantabilretailindia/CRI01",
  "companyName" : "Cantabil Retail India Ltd.",
  "breadCrumb" : "Moneycontrol / Market / Share/Stock Price / Retail",
  "bseNseNames" : "BSE: 533267 | NSE: CANTABIL |",
  "seriesLink" : "EQ",
  "isinLink" : "INE068L01016",
  "sectorLink" : "Moneycontrol / Market / Share/Stock Price / Retail",
  "sectorTitle" : "RETAIL",
  "bseData" : {
    "bsePrice" : "213.00",
    "bseVolume" : "4,022",
    "bsePrevClose" : "212.60",
    "bseOpenPrice" : "",
    "bseTodaysLow" : "212.70",
    "bseTodaysHigh" : "217.00",
    "bse52WeekLow" : "153.00",
    "bse52WeekHigh" : "358.30",
    "bseLowerPriceBand" : "170.10",
    "bseUpperPriceBand" : "255.10"
  },
  "nseData" : {
    "nsePrice" : "213.50",
    "nseVolume" : "31,504",
    "nsePrevClose" : "",
    "nseOpenPrice" : "",
    "nseTodaysLow" : "206.10",
    "nseTodaysHigh" : "221.55",
    "nse52WeekLow" : "159.95",
    "nse52WeekHigh" : "357.95",
    "nseLowerPriceBand" : "171.00",
    "nseUpperPriceBand" : "256.50"
  },
  "companyValuation" : {
    "marketCapital" : "347.78",
    "peRatio" : "20.65",
    "bookValue" : "70.01",
    "dividend" : "0.00",
    "marketLot" : "1",
    "industryPeRatio" : "25.51",
    "eps" : "10.34",
    "pcRatio" : "13.53",
    "bookPrice" : "3.04",
    "dividendYield" : "-",
    "faceValue" : "10.00",
    "deliverables" : "15.64"
  }
}