{
  "url" : "https://www.moneycontrol.com/india/stockpricequote/constructioncontracting-civil/capaciteinfraprojects/CI19",
  "companyName" : "Capacite Infraprojects Ltd.",
  "breadCrumb" : "Moneycontrol / Market / Share/Stock Price / Construction & Contracting - Civil",
  "bseNseNames" : "BSE: 540710 | NSE: CAPACITE |",
  "seriesLink" : "EQ",
  "isinLink" : "INE264T01014",
  "sectorLink" : "Moneycontrol / Market / Share/Stock Price / Construction & Contracting - Civil",
  "sectorTitle" : "CONSTRUCTION & CONTRACTING - CIVIL",
  "bseData" : {
    "bsePrice" : "75.05",
    "bseVolume" : "705",
    "bsePrevClose" : "76.05",
    "bseOpenPrice" : "",
    "bseTodaysLow" : "74.60",
    "bseTodaysHigh" : "77.90",
    "bse52WeekLow" : "71.10",
    "bse52WeekHigh" : "295.00",
    "bseLowerPriceBand" : "72.25",
    "bseUpperPriceBand" : "79.85"
  },
  "nseData" : {
    "nsePrice" : "75.35",
    "nseVolume" : "27,502",
    "nsePrevClose" : "",
    "nseOpenPrice" : "",
    "nseTodaysLow" : "72.10",
    "nseTodaysHigh" : "78.00",
    "nse52WeekLow" : "70.20",
    "nse52WeekHigh" : "284.40",
    "nseLowerPriceBand" : "71.60",
    "nseUpperPriceBand" : "79.10"
  },
  "companyValuation" : {
    "marketCapital" : "509.53",
    "peRatio" : "4.53",
    "bookValue" : "124.19",
    "dividend" : "10.00",
    "marketLot" : "1",
    "industryPeRatio" : "13.75",
    "eps" : "16.65",
    "pcRatio" : "2.53",
    "bookPrice" : "0.60",
    "dividendYield" : "1.33",
    "faceValue" : "10.00",
    "deliverables" : "86.07"
  }
}