{
  "url" : "https://www.moneycontrol.com/india/stockpricequote/pharmaceuticals/caplinpointlaboratories/CPL",
  "companyName" : "Caplin Point Laboratories Ltd.",
  "breadCrumb" : "Moneycontrol / Market / Share/Stock Price / Pharmaceuticals",
  "bseNseNames" : "BSE: 524742 | NSE: CAPLIPOINT |",
  "seriesLink" : "EQ",
  "isinLink" : "INE475E01026",
  "sectorLink" : "Moneycontrol / Market / Share/Stock Price / Pharmaceuticals",
  "sectorTitle" : "PHARMACEUTICALS",
  "bseData" : {
    "bsePrice" : "286.20",
    "bseVolume" : "7,315",
    "bsePrevClose" : "277.05",
    "bseOpenPrice" : "",
    "bseTodaysLow" : "275.00",
    "bseTodaysHigh" : "299.70",
    "bse52WeekLow" : "180.00",
    "bse52WeekHigh" : "466.00",
    "bseLowerPriceBand" : "249.35",
    "bseUpperPriceBand" : "304.75"
  },
  "nseData" : {
    "nsePrice" : "286.60",
    "nseVolume" : "81,086",
    "nsePrevClose" : "",
    "nseOpenPrice" : "",
    "nseTodaysLow" : "275.10",
    "nseTodaysHigh" : "295.00",
    "nse52WeekLow" : "176.20",
    "nse52WeekHigh" : "466.90",
    "nseLowerPriceBand" : "249.60",
    "nseUpperPriceBand" : "305.00"
  },
  "companyValuation" : {
    "marketCapital" : "2,164.90",
    "peRatio" : "11.54",
    "bookValue" : "56.21",
    "dividend" : "110.00",
    "marketLot" : "1",
    "industryPeRatio" : "32.25",
    "eps" : "24.83",
    "pcRatio" : "10.39",
    "bookPrice" : "5.09",
    "dividendYield" : "0.77",
    "faceValue" : "2.00",
    "deliverables" : "66.58"
  }
}