{
  "url" : "https://www.moneycontrol.com/india/stockpricequote/finance-leasinghire-purchase/capitaltrust/CT",
  "companyName" : "Capital Trust Ltd.",
  "breadCrumb" : "Moneycontrol / Market / Share/Stock Price / Finance - Leasing & Hire Purchase",
  "bseNseNames" : "BSE: 511505 | NSE: CAPTRUST |",
  "seriesLink" : "EQ",
  "isinLink" : "INE707C01018",
  "sectorLink" : "Moneycontrol / Market / Share/Stock Price / Finance - Leasing & Hire Purchase",
  "sectorTitle" : "FINANCE - LEASING & HIRE PURCHASE",
  "bseData" : {
    "bsePrice" : "49.40",
    "bseVolume" : "100",
    "bsePrevClose" : "47.05",
    "bseOpenPrice" : "",
    "bseTodaysLow" : "49.40",
    "bseTodaysHigh" : "49.40",
    "bse52WeekLow" : "46.50",
    "bse52WeekHigh" : "241.00",
    "bseLowerPriceBand" : "44.70",
    "bseUpperPriceBand" : "49.40"
  },
  "nseData" : {
    "nsePrice" : "61.00",
    "nseVolume" : "3,551",
    "nsePrevClose" : "",
    "nseOpenPrice" : "",
    "nseTodaysLow" : "55.75",
    "nseTodaysHigh" : "61.50",
    "nse52WeekLow" : "44.40",
    "nse52WeekHigh" : "236.50",
    "nseLowerPriceBand" : "55.70",
    "nseUpperPriceBand" : "61.50"
  },
  "companyValuation" : {
    "marketCapital" : "80.83",
    "peRatio" : "5.15",
    "bookValue" : "136.03",
    "dividend" : "5.00",
    "marketLot" : "1",
    "industryPeRatio" : "23.58",
    "eps" : "11.84",
    "pcRatio" : "5.02",
    "bookPrice" : "0.36",
    "dividendYield" : "1.01",
    "faceValue" : "10.00",
    "deliverables" : "100.00"
  }
}