{
  "url" : "https://www.moneycontrol.com/india/stockpricequote/abrasives/carborundumuniversal/CU",
  "companyName" : "Carborundum Universal Ltd.",
  "breadCrumb" : "Moneycontrol / Market / Share/Stock Price / Abrasives",
  "bseNseNames" : "BSE: 513375 | NSE: CARBORUNIV |",
  "seriesLink" : "EQ",
  "isinLink" : "INE120A01034",
  "sectorLink" : "Moneycontrol / Market / Share/Stock Price / Abrasives",
  "sectorTitle" : "ABRASIVES",
  "bseData" : {
    "bsePrice" : "218.75",
    "bseVolume" : "616",
    "bsePrevClose" : "221.30",
    "bseOpenPrice" : "",
    "bseTodaysLow" : "218.75",
    "bseTodaysHigh" : "225.00",
    "bse52WeekLow" : "175.00",
    "bse52WeekHigh" : "415.25",
    "bseLowerPriceBand" : "177.05",
    "bseUpperPriceBand" : "265.55"
  },
  "nseData" : {
    "nsePrice" : "219.70",
    "nseVolume" : "27,316",
    "nsePrevClose" : "",
    "nseOpenPrice" : "",
    "nseTodaysLow" : "218.50",
    "nseTodaysHigh" : "227.95",
    "nse52WeekLow" : "178.95",
    "nse52WeekHigh" : "396.00",
    "nseLowerPriceBand" : "176.45",
    "nseUpperPriceBand" : "264.65"
  },
  "companyValuation" : {
    "marketCapital" : "4,143.39",
    "peRatio" : "23.35",
    "bookValue" : "67.41",
    "dividend" : "275.00",
    "marketLot" : "1",
    "industryPeRatio" : "27.28",
    "eps" : "9.41",
    "pcRatio" : "16.41",
    "bookPrice" : "3.25",
    "dividendYield" : "1.26",
    "faceValue" : "1.00",
    "deliverables" : "66.65"
  }
}