{
  "url" : "https://www.moneycontrol.com/india/stockpricequote/miscellaneous/careratings/CAR",
  "companyName" : "CARE Ratings Ltd.",
  "breadCrumb" : "Moneycontrol / Market / Share/Stock Price / Miscellaneous",
  "bseNseNames" : "BSE: 534804 | NSE: CARERATING |",
  "seriesLink" : "EQ",
  "isinLink" : "INE752H01013",
  "sectorLink" : "Moneycontrol / Market / Share/Stock Price / Miscellaneous",
  "sectorTitle" : "MISCELLANEOUS",
  "bseData" : {
    "bsePrice" : "377.60",
    "bseVolume" : "6,175",
    "bsePrevClose" : "359.90",
    "bseOpenPrice" : "",
    "bseTodaysLow" : "354.25",
    "bseTodaysHigh" : "393.35",
    "bse52WeekLow" : "236.45",
    "bse52WeekHigh" : "1019.00",
    "bseLowerPriceBand" : "323.95",
    "bseUpperPriceBand" : "395.85"
  },
  "nseData" : {
    "nsePrice" : "378.95",
    "nseVolume" : "92,083",
    "nsePrevClose" : "",
    "nseOpenPrice" : "",
    "nseTodaysLow" : "354.85",
    "nseTodaysHigh" : "394.95",
    "nse52WeekLow" : "235.00",
    "nse52WeekHigh" : "1010.10",
    "nseLowerPriceBand" : "324.05",
    "nseUpperPriceBand" : "396.05"
  },
  "companyValuation" : {
    "marketCapital" : "1,112.46",
    "peRatio" : "11.03",
    "bookValue" : "186.57",
    "dividend" : "300.00",
    "marketLot" : "1",
    "industryPeRatio" : "21.60",
    "eps" : "34.35",
    "pcRatio" : "10.71",
    "bookPrice" : "2.02",
    "dividendYield" : "7.94",
    "faceValue" : "10.00",
    "deliverables" : "67.43"
  }
}