{
  "url" : "https://www.moneycontrol.com/india/stockpricequote/computers-software-training/careerpoint/CPI05",
  "companyName" : "Career Point Ltd.",
  "breadCrumb" : "Moneycontrol / Market / Share/Stock Price / Computers - Software - Training",
  "bseNseNames" : "BSE: 533260 | NSE: CAREERP |",
  "seriesLink" : "EQ",
  "isinLink" : "INE521J01018",
  "sectorLink" : "Moneycontrol / Market / Share/Stock Price / Computers - Software - Training",
  "sectorTitle" : "COMPUTERS - SOFTWARE - TRAINING",
  "bseData" : {
    "bsePrice" : "125.00",
    "bseVolume" : "1,124",
    "bsePrevClose" : "126.30",
    "bseOpenPrice" : "",
    "bseTodaysLow" : "125.00",
    "bseTodaysHigh" : "127.00",
    "bse52WeekLow" : "48.80",
    "bse52WeekHigh" : "159.00",
    "bseLowerPriceBand" : "101.05",
    "bseUpperPriceBand" : "151.55"
  },
  "nseData" : {
    "nsePrice" : "125.35",
    "nseVolume" : "11,085",
    "nsePrevClose" : "",
    "nseOpenPrice" : "",
    "nseTodaysLow" : "124.10",
    "nseTodaysHigh" : "127.40",
    "nse52WeekLow" : "48.30",
    "nse52WeekHigh" : "158.70",
    "nseLowerPriceBand" : "100.80",
    "nseUpperPriceBand" : "151.10"
  },
  "companyValuation" : {
    "marketCapital" : "227.04",
    "peRatio" : "14.87",
    "bookValue" : "217.60",
    "dividend" : "0.00",
    "marketLot" : "1",
    "industryPeRatio" : "10.19",
    "eps" : "8.43",
    "pcRatio" : "11.73",
    "bookPrice" : "0.57",
    "dividendYield" : "-",
    "faceValue" : "10.00",
    "deliverables" : "73.68"
  }
}