{
  "url" : "https://www.moneycontrol.com/india/stockpricequote/auto-ancillaries/castextechnologies/AI49",
  "companyName" : "Castex Technologies Ltd.",
  "breadCrumb" : "Moneycontrol / Market / Share/Stock Price / Auto Ancillaries",
  "bseNseNames" : "BSE: 532282 | NSE: CASTEXTECH |",
  "seriesLink" : "BE",
  "isinLink" : "INE068D01021",
  "sectorLink" : "Moneycontrol / Market / Share/Stock Price / Auto Ancillaries",
  "sectorTitle" : "AUTO ANCILLARIES",
  "bseData" : {
    "bsePrice" : "0.37",
    "bseVolume" : "2",
    "bsePrevClose" : "0.36",
    "bseOpenPrice" : "",
    "bseTodaysLow" : "0.37",
    "bseTodaysHigh" : "0.37",
    "bse52WeekLow" : "0.33",
    "bse52WeekHigh" : "1.04",
    "bseLowerPriceBand" : "0.35",
    "bseUpperPriceBand" : "0.37"
  },
  "nseData" : {
    "nsePrice" : "0.45",
    "nseVolume" : "94,009",
    "nsePrevClose" : "",
    "nseOpenPrice" : "",
    "nseTodaysLow" : "0.40",
    "nseTodaysHigh" : "0.45",
    "nse52WeekLow" : "0.20",
    "nse52WeekHigh" : "1.05",
    "nseLowerPriceBand" : "0.40",
    "nseUpperPriceBand" : "0.50"
  },
  "companyValuation" : {
    "marketCapital" : "13.99",
    "peRatio" : "-",
    "bookValue" : "-20.68",
    "dividend" : "0.00",
    "marketLot" : "1",
    "industryPeRatio" : "12.63",
    "eps" : "-",
    "pcRatio" : "-",
    "bookPrice" : "-",
    "dividendYield" : "-",
    "faceValue" : "2.00",
    "deliverables" : "85.04"
  }
}