{
  "url" : "https://www.moneycontrol.com/india/stockpricequote/lubricants/castrolindia/CI01",
  "companyName" : "Castrol India Ltd.",
  "breadCrumb" : "Moneycontrol / Market / Share/Stock Price / Lubricants",
  "bseNseNames" : "BSE: 500870 | NSE: CASTROLIND |",
  "seriesLink" : "EQ",
  "isinLink" : "INE172A01027",
  "sectorLink" : "Moneycontrol / Market / Share/Stock Price / Lubricants",
  "sectorTitle" : "LUBRICANTS",
  "bseData" : {
    "bsePrice" : "112.85",
    "bseVolume" : "131,560",
    "bsePrevClose" : "106.50",
    "bseOpenPrice" : "",
    "bseTodaysLow" : "105.20",
    "bseTodaysHigh" : "114.95",
    "bse52WeekLow" : "89.65",
    "bse52WeekHigh" : "172.80",
    "bseLowerPriceBand" : "85.20",
    "bseUpperPriceBand" : "127.80"
  },
  "nseData" : {
    "nsePrice" : "112.95",
    "nseVolume" : "1,518,037",
    "nsePrevClose" : "",
    "nseOpenPrice" : "",
    "nseTodaysLow" : "105.05",
    "nseTodaysHigh" : "115.00",
    "nse52WeekLow" : "89.55",
    "nse52WeekHigh" : "172.50",
    "nseLowerPriceBand" : "85.35",
    "nseUpperPriceBand" : "127.95"
  },
  "companyValuation" : {
    "marketCapital" : "11,162.25",
    "peRatio" : "13.51",
    "bookValue" : "13.82",
    "dividend" : "110.00",
    "marketLot" : "1",
    "industryPeRatio" : "13.34",
    "eps" : "8.36",
    "pcRatio" : "12.45",
    "bookPrice" : "8.17",
    "dividendYield" : "4.87",
    "faceValue" : "5.00",
    "deliverables" : "54.44"
  }
}