{
  "url" : "https://www.moneycontrol.com/india/stockpricequote/constructioncontracting-civil/consolidatedconstructionconsortium/CCC02",
  "companyName" : "Consolidated Construction Consortium Ltd.",
  "breadCrumb" : "Moneycontrol / Market / Share/Stock Price / Construction & Contracting - Civil",
  "bseNseNames" : "BSE: 532902 | NSE: CCCL |",
  "seriesLink" : "BE",
  "isinLink" : "INE429I01024",
  "sectorLink" : "Moneycontrol / Market / Share/Stock Price / Construction & Contracting - Civil",
  "sectorTitle" : "CONSTRUCTION & CONTRACTING - CIVIL",
  "bseData" : {
    "bsePrice" : "0.42",
    "bseVolume" : "1",
    "bsePrevClose" : "0.44",
    "bseOpenPrice" : "",
    "bseTodaysLow" : "0.42",
    "bseTodaysHigh" : "0.42",
    "bse52WeekLow" : "0.42",
    "bse52WeekHigh" : "2.00",
    "bseLowerPriceBand" : "0.42",
    "bseUpperPriceBand" : "0.46"
  },
  "nseData" : {
    "nsePrice" : "0.25",
    "nseVolume" : "211,393",
    "nsePrevClose" : "",
    "nseOpenPrice" : "",
    "nseTodaysLow" : "0.25",
    "nseTodaysHigh" : "0.30",
    "nse52WeekLow" : "0.15",
    "nse52WeekHigh" : "1.80",
    "nseLowerPriceBand" : "0.25",
    "nseUpperPriceBand" : "0.35"
  },
  "companyValuation" : {
    "marketCapital" : "16.74",
    "peRatio" : "-",
    "bookValue" : "-3.06",
    "dividend" : "0.00",
    "marketLot" : "1",
    "industryPeRatio" : "13.75",
    "eps" : "-",
    "pcRatio" : "-",
    "bookPrice" : "-",
    "dividendYield" : "-",
    "faceValue" : "2.00",
    "deliverables" : "63.46"
  }
}