{
  "url" : "https://www.moneycontrol.com/india/stockpricequote/hotels/countryclubhospitalityholidays/CCI06",
  "companyName" : "Country Club Hospitality & Holidays Ltd.",
  "breadCrumb" : "Moneycontrol / Market / Share/Stock Price / Hotels",
  "bseNseNames" : "BSE: 526550 | NSE: CCHHL |",
  "seriesLink" : "EQ",
  "isinLink" : "INE652F01027",
  "sectorLink" : "Moneycontrol / Market / Share/Stock Price / Hotels",
  "sectorTitle" : "HOTELS",
  "bseData" : {
    "bsePrice" : "1.93",
    "bseVolume" : "5,761",
    "bsePrevClose" : "1.90",
    "bseOpenPrice" : "",
    "bseTodaysLow" : "1.91",
    "bseTodaysHigh" : "1.99",
    "bse52WeekLow" : "1.69",
    "bse52WeekHigh" : "8.05",
    "bseLowerPriceBand" : "1.81",
    "bseUpperPriceBand" : "1.99"
  },
  "nseData" : {
    "nsePrice" : "2.00",
    "nseVolume" : "20,238",
    "nsePrevClose" : "",
    "nseOpenPrice" : "",
    "nseTodaysLow" : "1.90",
    "nseTodaysHigh" : "2.00",
    "nse52WeekLow" : "1.70",
    "nse52WeekHigh" : "7.90",
    "nseLowerPriceBand" : "1.90",
    "nseUpperPriceBand" : "2.00"
  },
  "companyValuation" : {
    "marketCapital" : "31.55",
    "peRatio" : "-",
    "bookValue" : "37.58",
    "dividend" : "0.00",
    "marketLot" : "1",
    "industryPeRatio" : "22.64",
    "eps" : "-",
    "pcRatio" : "-",
    "bookPrice" : "0.05",
    "dividendYield" : "-",
    "faceValue" : "2.00",
    "deliverables" : "99.50"
  }
}