{
  "url" : "https://www.moneycontrol.com/india/stockpricequote/tyres/ceat/C07",
  "companyName" : "Ceat Ltd.",
  "breadCrumb" : "Moneycontrol / Market / Share/Stock Price / Tyres",
  "bseNseNames" : "BSE: 500878 | NSE: CEATLTD |",
  "seriesLink" : "EQ",
  "isinLink" : "INE482A01020",
  "sectorLink" : "Moneycontrol / Market / Share/Stock Price / Tyres",
  "sectorTitle" : "TYRES",
  "bseData" : {
    "bsePrice" : "736.00",
    "bseVolume" : "15,040",
    "bsePrevClose" : "725.65",
    "bseOpenPrice" : "",
    "bseTodaysLow" : "715.80",
    "bseTodaysHigh" : "789.00",
    "bse52WeekLow" : "601.50",
    "bse52WeekHigh" : "1152.00",
    "bseLowerPriceBand" : "580.55",
    "bseUpperPriceBand" : "870.75"
  },
  "nseData" : {
    "nsePrice" : "738.50",
    "nseVolume" : "202,062",
    "nsePrevClose" : "",
    "nseOpenPrice" : "",
    "nseTodaysLow" : "715.15",
    "nseTodaysHigh" : "789.00",
    "nse52WeekLow" : "600.00",
    "nse52WeekHigh" : "1136.00",
    "nseLowerPriceBand" : "580.65",
    "nseUpperPriceBand" : "870.95"
  },
  "companyValuation" : {
    "marketCapital" : "2,977.13",
    "peRatio" : "10.21",
    "bookValue" : "680.11",
    "dividend" : "120.00",
    "marketLot" : "1",
    "industryPeRatio" : "16.17",
    "eps" : "72.34",
    "pcRatio" : "6.4",
    "bookPrice" : "1.08",
    "dividendYield" : "1.63",
    "faceValue" : "10.00",
    "deliverables" : "20.05"
  }
}