{
  "url" : "https://www.moneycontrol.com/india/stockpricequote/engineering/commercialengineersbodybuildersco/CEB",
  "companyName" : "Commercial Engineers and Body Builders Co Ltd.",
  "breadCrumb" : "Moneycontrol / Market / Share/Stock Price / Engineering",
  "bseNseNames" : "BSE: 533272 | NSE: CEBBCO |",
  "seriesLink" : "EQ",
  "isinLink" : "INE209L01016",
  "sectorLink" : "Moneycontrol / Market / Share/Stock Price / Engineering",
  "sectorTitle" : "ENGINEERING",
  "bseData" : {
    "bsePrice" : "8.05",
    "bseVolume" : "4,656",
    "bsePrevClose" : "8.06",
    "bseOpenPrice" : "",
    "bseTodaysLow" : "7.96",
    "bseTodaysHigh" : "8.31",
    "bse52WeekLow" : "6.97",
    "bse52WeekHigh" : "22.75",
    "bseLowerPriceBand" : "7.26",
    "bseUpperPriceBand" : "8.86"
  },
  "nseData" : {
    "nsePrice" : "8.05",
    "nseVolume" : "39,507",
    "nsePrevClose" : "",
    "nseOpenPrice" : "",
    "nseTodaysLow" : "7.65",
    "nseTodaysHigh" : "8.30",
    "nse52WeekLow" : "6.75",
    "nse52WeekHigh" : "21.35",
    "nseLowerPriceBand" : "7.25",
    "nseUpperPriceBand" : "8.85"
  },
  "companyValuation" : {
    "marketCapital" : "72.03",
    "peRatio" : "0.7",
    "bookValue" : "9.71",
    "dividend" : "0.00",
    "marketLot" : "1",
    "industryPeRatio" : "11.59",
    "eps" : "11.57",
    "pcRatio" : "0.63",
    "bookPrice" : "0.83",
    "dividendYield" : "-",
    "faceValue" : "10.00",
    "deliverables" : "89.73"
  }
}