{
  "url" : "https://www.moneycontrol.com/india/stockpricequote/textiles-readymade-apparels/celebrityfashions/CFL04",
  "companyName" : "Celebrity Fashions Ltd.",
  "breadCrumb" : "Moneycontrol / Market / Share/Stock Price / Textiles - Readymade Apparels",
  "bseNseNames" : "BSE: 532695 | NSE: CELEBRITY |",
  "seriesLink" : "EQ",
  "isinLink" : "INE185H01016",
  "sectorLink" : "Moneycontrol / Market / Share/Stock Price / Textiles - Readymade Apparels",
  "sectorTitle" : "TEXTILES - READYMADE APPARELS",
  "bseData" : {
    "bsePrice" : "4.00",
    "bseVolume" : "10,863",
    "bsePrevClose" : "4.07",
    "bseOpenPrice" : "",
    "bseTodaysLow" : "3.87",
    "bseTodaysHigh" : "4.19",
    "bse52WeekLow" : "3.70",
    "bse52WeekHigh" : "10.15",
    "bseLowerPriceBand" : "3.87",
    "bseUpperPriceBand" : "4.27"
  },
  "nseData" : {
    "nsePrice" : "4.00",
    "nseVolume" : "19,767",
    "nsePrevClose" : "",
    "nseOpenPrice" : "",
    "nseTodaysLow" : "3.90",
    "nseTodaysHigh" : "4.30",
    "nse52WeekLow" : "3.55",
    "nse52WeekHigh" : "9.50",
    "nseLowerPriceBand" : "3.90",
    "nseUpperPriceBand" : "4.30"
  },
  "companyValuation" : {
    "marketCapital" : "19.11",
    "peRatio" : "1",
    "bookValue" : "-1.31",
    "dividend" : "0.00",
    "marketLot" : "1",
    "industryPeRatio" : "25.51",
    "eps" : "4.02",
    "pcRatio" : "0.76",
    "bookPrice" : "-",
    "dividendYield" : "-",
    "faceValue" : "10.00",
    "deliverables" : "69.88"
  }
}