{
  "url" : "https://www.moneycontrol.com/india/stockpricequote/banks-public-sector/centralbankindia/CBO01",
  "companyName" : "Central Bank of India",
  "breadCrumb" : "Moneycontrol / Market / Share/Stock Price / Banks - Public Sector",
  "bseNseNames" : "BSE: 532885 | NSE: CENTRALBK |",
  "seriesLink" : "EQ",
  "isinLink" : "INE483A01010",
  "sectorLink" : "Moneycontrol / Market / Share/Stock Price / Banks - Public Sector",
  "sectorTitle" : "BANKS - PUBLIC SECTOR",
  "bseData" : {
    "bsePrice" : "12.40",
    "bseVolume" : "45,369",
    "bsePrevClose" : "12.24",
    "bseOpenPrice" : "",
    "bseTodaysLow" : "12.12",
    "bseTodaysHigh" : "12.95",
    "bse52WeekLow" : "10.20",
    "bse52WeekHigh" : "36.95",
    "bseLowerPriceBand" : "9.80",
    "bseUpperPriceBand" : "14.68"
  },
  "nseData" : {
    "nsePrice" : "12.45",
    "nseVolume" : "895,063",
    "nsePrevClose" : "",
    "nseOpenPrice" : "",
    "nseTodaysLow" : "12.05",
    "nseTodaysHigh" : "12.75",
    "nse52WeekLow" : "10.10",
    "nse52WeekHigh" : "35.45",
    "nseLowerPriceBand" : "9.80",
    "nseUpperPriceBand" : "14.60"
  },
  "companyValuation" : {
    "marketCapital" : "7,080.11",
    "peRatio" : "-",
    "bookValue" : "36.07",
    "dividend" : "0.00",
    "marketLot" : "1",
    "industryPeRatio" : "105.09",
    "eps" : "-",
    "pcRatio" : "-",
    "bookPrice" : "0.34",
    "dividendYield" : "-",
    "faceValue" : "10.00",
    "deliverables" : "36.53"
  }
}