{
  "url" : "https://www.moneycontrol.com/india/stockpricequote/finance-general/centrumcapital/CF09",
  "companyName" : "Centrum Capital Ltd.",
  "breadCrumb" : "Moneycontrol / Market / Share/Stock Price / Finance - General",
  "bseNseNames" : "BSE: 501150 | NSE: CENTRUM |",
  "seriesLink" : "EQ",
  "isinLink" : "INE660C01027",
  "sectorLink" : "Moneycontrol / Market / Share/Stock Price / Finance - General",
  "sectorTitle" : "FINANCE - GENERAL",
  "bseData" : {
    "bsePrice" : "10.96",
    "bseVolume" : "7,408",
    "bsePrevClose" : "10.44",
    "bseOpenPrice" : "",
    "bseTodaysLow" : "10.75",
    "bseTodaysHigh" : "10.96",
    "bse52WeekLow" : "7.70",
    "bse52WeekHigh" : "35.00",
    "bseLowerPriceBand" : "9.92",
    "bseUpperPriceBand" : "10.96"
  },
  "nseData" : {
    "nsePrice" : "10.90",
    "nseVolume" : "32,766",
    "nsePrevClose" : "",
    "nseOpenPrice" : "",
    "nseTodaysLow" : "10.80",
    "nseTodaysHigh" : "10.90",
    "nse52WeekLow" : "7.75",
    "nse52WeekHigh" : "34.90",
    "nseLowerPriceBand" : "9.90",
    "nseUpperPriceBand" : "10.90"
  },
  "companyValuation" : {
    "marketCapital" : "455.97",
    "peRatio" : "-",
    "bookValue" : "12.07",
    "dividend" : "5.00",
    "marketLot" : "1",
    "industryPeRatio" : "23.58",
    "eps" : "-",
    "pcRatio" : "-",
    "bookPrice" : "0.91",
    "dividendYield" : "0.46",
    "faceValue" : "1.00",
    "deliverables" : "98.92"
  }
}