{
  "url" : "https://www.moneycontrol.com/india/stockpricequote/aluminium/centuryextrusions/CE02",
  "companyName" : "Century Extrusions Ltd.",
  "breadCrumb" : "Moneycontrol / Market / Share/Stock Price / Aluminium",
  "bseNseNames" : "BSE: 500083 | NSE: CENTEXT |",
  "seriesLink" : "EQ",
  "isinLink" : "INE281A01026",
  "sectorLink" : "Moneycontrol / Market / Share/Stock Price / Aluminium",
  "sectorTitle" : "ALUMINIUM",
  "bseData" : {
    "bsePrice" : "1.95",
    "bseVolume" : "4,242",
    "bsePrevClose" : "1.78",
    "bseOpenPrice" : "",
    "bseTodaysLow" : "1.85",
    "bseTodaysHigh" : "1.95",
    "bse52WeekLow" : "1.45",
    "bse52WeekHigh" : "6.60",
    "bseLowerPriceBand" : "1.61",
    "bseUpperPriceBand" : "1.95"
  },
  "nseData" : {
    "nsePrice" : "1.90",
    "nseVolume" : "72,690",
    "nsePrevClose" : "",
    "nseOpenPrice" : "",
    "nseTodaysLow" : "1.75",
    "nseTodaysHigh" : "1.95",
    "nse52WeekLow" : "1.45",
    "nse52WeekHigh" : "6.00",
    "nseLowerPriceBand" : "1.65",
    "nseUpperPriceBand" : "1.95"
  },
  "companyValuation" : {
    "marketCapital" : "15.60",
    "peRatio" : "10.56",
    "bookValue" : "5.86",
    "dividend" : "0.00",
    "marketLot" : "1",
    "industryPeRatio" : "6.96",
    "eps" : "0.18",
    "pcRatio" : "2.64",
    "bookPrice" : "0.33",
    "dividendYield" : "-",
    "faceValue" : "1.00",
    "deliverables" : "60.10"
  }
}