{
  "url" : "https://www.moneycontrol.com/india/stockpricequote/textiles-manmade/centuryenka/CE",
  "companyName" : "Century Enka Ltd.",
  "breadCrumb" : "Moneycontrol / Market / Share/Stock Price / Textiles - Manmade",
  "bseNseNames" : "BSE: 500280 | NSE: CENTENKA |",
  "seriesLink" : "EQ",
  "isinLink" : "INE485A01015",
  "sectorLink" : "Moneycontrol / Market / Share/Stock Price / Textiles - Manmade",
  "sectorTitle" : "TEXTILES - MANMADE",
  "bseData" : {
    "bsePrice" : "125.35",
    "bseVolume" : "1,825",
    "bsePrevClose" : "124.60",
    "bseOpenPrice" : "",
    "bseTodaysLow" : "123.75",
    "bseTodaysHigh" : "129.95",
    "bse52WeekLow" : "100.00",
    "bse52WeekHigh" : "263.80",
    "bseLowerPriceBand" : "99.70",
    "bseUpperPriceBand" : "149.50"
  },
  "nseData" : {
    "nsePrice" : "125.70",
    "nseVolume" : "13,142",
    "nsePrevClose" : "",
    "nseOpenPrice" : "",
    "nseTodaysLow" : "122.45",
    "nseTodaysHigh" : "130.15",
    "nse52WeekLow" : "94.50",
    "nse52WeekHigh" : "249.50",
    "nseLowerPriceBand" : "99.10",
    "nseUpperPriceBand" : "148.60"
  },
  "companyValuation" : {
    "marketCapital" : "273.90",
    "peRatio" : "3.26",
    "bookValue" : "437.00",
    "dividend" : "70.00",
    "marketLot" : "1",
    "industryPeRatio" : "4.80",
    "eps" : "38.53",
    "pcRatio" : "2.13",
    "bookPrice" : "0.29",
    "dividendYield" : "5.58",
    "faceValue" : "10.00",
    "deliverables" : "70.38"
  }
}