{
  "url" : "https://www.moneycontrol.com/india/stockpricequote/electricals/centumelectronics/CE10",
  "companyName" : "Centum Electronics Ltd.",
  "breadCrumb" : "Moneycontrol / Market / Share/Stock Price / Electricals",
  "bseNseNames" : "BSE: 517544 | NSE: CENTUM |",
  "seriesLink" : "EQ",
  "isinLink" : "INE320B01020",
  "sectorLink" : "Moneycontrol / Market / Share/Stock Price / Electricals",
  "sectorTitle" : "ELECTRICALS",
  "bseData" : {
    "bsePrice" : "249.60",
    "bseVolume" : "187",
    "bsePrevClose" : "253.75",
    "bseOpenPrice" : "",
    "bseTodaysLow" : "233.45",
    "bseTodaysHigh" : "255.00",
    "bse52WeekLow" : "180.00",
    "bse52WeekHigh" : "575.00",
    "bseLowerPriceBand" : "203.00",
    "bseUpperPriceBand" : "304.50"
  },
  "nseData" : {
    "nsePrice" : "246.15",
    "nseVolume" : "1,189",
    "nsePrevClose" : "",
    "nseOpenPrice" : "",
    "nseTodaysLow" : "241.00",
    "nseTodaysHigh" : "258.00",
    "nse52WeekLow" : "175.40",
    "nse52WeekHigh" : "576.25",
    "nseLowerPriceBand" : "194.45",
    "nseUpperPriceBand" : "291.65"
  },
  "companyValuation" : {
    "marketCapital" : "321.60",
    "peRatio" : "9",
    "bookValue" : "168.60",
    "dividend" : "50.00",
    "marketLot" : "1",
    "industryPeRatio" : "8.55",
    "eps" : "27.36",
    "pcRatio" : "6.7",
    "bookPrice" : "1.48",
    "dividendYield" : "2.00",
    "faceValue" : "10.00",
    "deliverables" : "41.35"
  }
}