{
  "url" : "https://www.moneycontrol.com/india/stockpricequote/computers-hardware/cerebraintegratedtechnologies/CIT",
  "companyName" : "Cerebra Integrated Technologies Ltd.",
  "breadCrumb" : "Moneycontrol / Market / Share/Stock Price / Computers - Hardware",
  "bseNseNames" : "BSE: 532413 | NSE: CEREBRAINT |",
  "seriesLink" : "BE",
  "isinLink" : "INE345B01019",
  "sectorLink" : "Moneycontrol / Market / Share/Stock Price / Computers - Hardware",
  "sectorTitle" : "COMPUTERS - HARDWARE",
  "bseData" : {
    "bsePrice" : "19.65",
    "bseVolume" : "20,729",
    "bsePrevClose" : "19.15",
    "bseOpenPrice" : "",
    "bseTodaysLow" : "19.00",
    "bseTodaysHigh" : "20.10",
    "bse52WeekLow" : "17.00",
    "bse52WeekHigh" : "45.00",
    "bseLowerPriceBand" : "18.20",
    "bseUpperPriceBand" : "20.10"
  },
  "nseData" : {
    "nsePrice" : "19.45",
    "nseVolume" : "36,647",
    "nsePrevClose" : "",
    "nseOpenPrice" : "",
    "nseTodaysLow" : "18.45",
    "nseTodaysHigh" : "19.45",
    "nse52WeekLow" : "16.75",
    "nse52WeekHigh" : "45.10",
    "nseLowerPriceBand" : "17.65",
    "nseUpperPriceBand" : "19.45"
  },
  "companyValuation" : {
    "marketCapital" : "238.13",
    "peRatio" : "62.74",
    "bookValue" : "18.51",
    "dividend" : "0.00",
    "marketLot" : "1",
    "industryPeRatio" : "17.66",
    "eps" : "0.31",
    "pcRatio" : "57.21",
    "bookPrice" : "1.06",
    "dividendYield" : "-",
    "faceValue" : "10.00",
    "deliverables" : "71.15"
  }
}