{
  "url" : "https://www.moneycontrol.com/india/stockpricequote/finance-general/capriglobalcapital/MMF05",
  "companyName" : "Capri Global Capital Ltd.",
  "breadCrumb" : "Moneycontrol / Market / Share/Stock Price / Finance - General",
  "bseNseNames" : "BSE: 531595 | NSE: CGCL |",
  "seriesLink" : "EQ",
  "isinLink" : "INE180C01026",
  "sectorLink" : "Moneycontrol / Market / Share/Stock Price / Finance - General",
  "sectorTitle" : "FINANCE - GENERAL",
  "bseData" : {
    "bsePrice" : "129.00",
    "bseVolume" : "109,343",
    "bsePrevClose" : "133.75",
    "bseOpenPrice" : "",
    "bseTodaysLow" : "124.95",
    "bseTodaysHigh" : "144.90",
    "bse52WeekLow" : "124.95",
    "bse52WeekHigh" : "230.00",
    "bseLowerPriceBand" : "107.00",
    "bseUpperPriceBand" : "160.50"
  },
  "nseData" : {
    "nsePrice" : "128.10",
    "nseVolume" : "205,000",
    "nsePrevClose" : "",
    "nseOpenPrice" : "",
    "nseTodaysLow" : "125.05",
    "nseTodaysHigh" : "145.30",
    "nse52WeekLow" : "125.05",
    "nse52WeekHigh" : "230.00",
    "nseLowerPriceBand" : "108.00",
    "nseUpperPriceBand" : "162.00"
  },
  "companyValuation" : {
    "marketCapital" : "2,259.24",
    "peRatio" : "15.04",
    "bookValue" : "77.17",
    "dividend" : "18.00",
    "marketLot" : "1",
    "industryPeRatio" : "23.58",
    "eps" : "8.52",
    "pcRatio" : "14.57",
    "bookPrice" : "1.67",
    "dividendYield" : "0.28",
    "faceValue" : "2.00",
    "deliverables" : "12.65"
  }
}