{
  "url" : "https://www.moneycontrol.com/india/stockpricequote/electric-equipment/cgpowerindustrialsolutions/CG",
  "companyName" : "CG Power and Industrial Solutions Ltd.",
  "breadCrumb" : "Moneycontrol / Market / Share/Stock Price / Electric Equipment",
  "bseNseNames" : "BSE: 500093 | NSE: CGPOWER |",
  "seriesLink" : "EQ",
  "isinLink" : "INE067A01029",
  "sectorLink" : "Moneycontrol / Market / Share/Stock Price / Electric Equipment",
  "sectorTitle" : "ELECTRIC EQUIPMENT",
  "bseData" : {
    "bsePrice" : "6.19",
    "bseVolume" : "136,100",
    "bsePrevClose" : "5.90",
    "bseOpenPrice" : "",
    "bseTodaysLow" : "6.10",
    "bseTodaysHigh" : "6.19",
    "bse52WeekLow" : "4.69",
    "bse52WeekHigh" : "47.35",
    "bseLowerPriceBand" : "5.61",
    "bseUpperPriceBand" : "6.19"
  },
  "nseData" : {
    "nsePrice" : "6.05",
    "nseVolume" : "85,028",
    "nsePrevClose" : "",
    "nseOpenPrice" : "",
    "nseTodaysLow" : "6.05",
    "nseTodaysHigh" : "6.05",
    "nse52WeekLow" : "4.75",
    "nse52WeekHigh" : "41.60",
    "nseLowerPriceBand" : "5.55",
    "nseUpperPriceBand" : "6.05"
  },
  "companyValuation" : {
    "marketCapital" : "387.96",
    "peRatio" : "-",
    "bookValue" : "40.10",
    "dividend" : "0.00",
    "marketLot" : "1",
    "industryPeRatio" : "37.87",
    "eps" : "-",
    "pcRatio" : "-",
    "bookPrice" : "0.15",
    "dividendYield" : "-",
    "faceValue" : "2.00",
    "deliverables" : "99.65"
  }
}