{
  "url" : "https://www.moneycontrol.com/india/stockpricequote/hotels/chalethotels/CH03",
  "companyName" : "Chalet Hotels Ltd.",
  "breadCrumb" : "Moneycontrol / Market / Share/Stock Price / Hotels",
  "bseNseNames" : "BSE: 542399 | NSE: CHALET |",
  "seriesLink" : "EQ",
  "isinLink" : "INE427F01016",
  "sectorLink" : "Moneycontrol / Market / Share/Stock Price / Hotels",
  "sectorTitle" : "HOTELS",
  "bseData" : {
    "bsePrice" : "176.00",
    "bseVolume" : "2,043",
    "bsePrevClose" : "180.35",
    "bseOpenPrice" : "",
    "bseTodaysLow" : "165.10",
    "bseTodaysHigh" : "202.00",
    "bse52WeekLow" : "165.00",
    "bse52WeekHigh" : "395.00",
    "bseLowerPriceBand" : "144.30",
    "bseUpperPriceBand" : "216.40"
  },
  "nseData" : {
    "nsePrice" : "171.30",
    "nseVolume" : "90,961",
    "nsePrevClose" : "",
    "nseOpenPrice" : "",
    "nseTodaysLow" : "165.00",
    "nseTodaysHigh" : "200.00",
    "nse52WeekLow" : "165.00",
    "nse52WeekHigh" : "402.00",
    "nseLowerPriceBand" : "142.35",
    "nseUpperPriceBand" : "213.45"
  },
  "companyValuation" : {
    "marketCapital" : "3,608.42",
    "peRatio" : "48.94",
    "bookValue" : "70.57",
    "dividend" : "0.00",
    "marketLot" : "1",
    "industryPeRatio" : "22.64",
    "eps" : "3.5",
    "pcRatio" : "18.76",
    "bookPrice" : "2.49",
    "dividendYield" : "-",
    "faceValue" : "10.00",
    "deliverables" : "95.25"
  }
}