{
  "url" : "https://www.moneycontrol.com/india/stockpricequote/fertilisers/chambalfertiliserschemicals/CFC",
  "companyName" : "Chambal Fertilisers and Chemicals Ltd.",
  "breadCrumb" : "Moneycontrol / Market / Share/Stock Price / Fertilisers",
  "bseNseNames" : "BSE: 500085 | NSE: CHAMBLFERT |",
  "seriesLink" : "EQ",
  "isinLink" : "INE085A01013",
  "sectorLink" : "Moneycontrol / Market / Share/Stock Price / Fertilisers",
  "sectorTitle" : "FERTILISERS",
  "bseData" : {
    "bsePrice" : "112.95",
    "bseVolume" : "72,927",
    "bsePrevClose" : "112.60",
    "bseOpenPrice" : "",
    "bseTodaysLow" : "110.20",
    "bseTodaysHigh" : "123.30",
    "bse52WeekLow" : "95.25",
    "bse52WeekHigh" : "196.25",
    "bseLowerPriceBand" : "90.10",
    "bseUpperPriceBand" : "135.10"
  },
  "nseData" : {
    "nsePrice" : "113.65",
    "nseVolume" : "1,000,791",
    "nsePrevClose" : "",
    "nseOpenPrice" : "",
    "nseTodaysLow" : "110.00",
    "nseTodaysHigh" : "123.70",
    "nse52WeekLow" : "93.80",
    "nse52WeekHigh" : "195.00",
    "nseLowerPriceBand" : "90.30",
    "nseUpperPriceBand" : "135.40"
  },
  "companyValuation" : {
    "marketCapital" : "4,701.07",
    "peRatio" : "4.25",
    "bookValue" : "77.80",
    "dividend" : "20.00",
    "marketLot" : "1",
    "industryPeRatio" : "8.94",
    "eps" : "26.73",
    "pcRatio" : "3.84",
    "bookPrice" : "1.45",
    "dividendYield" : "1.77",
    "faceValue" : "10.00",
    "deliverables" : "14.12"
  }
}