{
  "url" : "https://www.moneycontrol.com/india/stockpricequote/chemicals/chembondchemicals/CC03",
  "companyName" : "Chembond Chemicals Ltd.",
  "breadCrumb" : "Moneycontrol / Market / Share/Stock Price / Chemicals",
  "bseNseNames" : "BSE: 530871 | NSE: CHEMBOND |",
  "seriesLink" : "EQ",
  "isinLink" : "INE995D01025",
  "sectorLink" : "Moneycontrol / Market / Share/Stock Price / Chemicals",
  "sectorTitle" : "CHEMICALS",
  "bseData" : {
    "bsePrice" : "145.50",
    "bseVolume" : "818",
    "bsePrevClose" : "125.45",
    "bseOpenPrice" : "",
    "bseTodaysLow" : "117.05",
    "bseTodaysHigh" : "145.50",
    "bse52WeekLow" : "117.05",
    "bse52WeekHigh" : "327.90",
    "bseLowerPriceBand" : "100.40",
    "bseUpperPriceBand" : "150.50"
  },
  "nseData" : {
    "nsePrice" : "140.70",
    "nseVolume" : "838",
    "nsePrevClose" : "",
    "nseOpenPrice" : "",
    "nseTodaysLow" : "130.55",
    "nseTodaysHigh" : "145.00",
    "nse52WeekLow" : "120.00",
    "nse52WeekHigh" : "249.90",
    "nseLowerPriceBand" : "108.05",
    "nseUpperPriceBand" : "162.05"
  },
  "companyValuation" : {
    "marketCapital" : "195.67",
    "peRatio" : "27.16",
    "bookValue" : "170.69",
    "dividend" : "40.00",
    "marketLot" : "1",
    "industryPeRatio" : "39.12",
    "eps" : "5.18",
    "pcRatio" : "19.25",
    "bookPrice" : "0.85",
    "dividendYield" : "1.37",
    "faceValue" : "5.00",
    "deliverables" : "50.47"
  }
}