{
  "url" : "https://www.moneycontrol.com/india/stockpricequote/chemicals/chemfabalkalis/CA01",
  "companyName" : "Chemfab Alkalis Ltd.",
  "breadCrumb" : "Moneycontrol / Market / Share/Stock Price / Chemicals",
  "bseNseNames" : "BSE: 541269 | NSE: CHEMFAB |",
  "seriesLink" : "EQ",
  "isinLink" : "INE783X01023",
  "sectorLink" : "Moneycontrol / Market / Share/Stock Price / Chemicals",
  "sectorTitle" : "CHEMICALS",
  "bseData" : {
    "bsePrice" : "105.00",
    "bseVolume" : "160",
    "bsePrevClose" : "100.25",
    "bseOpenPrice" : "",
    "bseTodaysLow" : "103.70",
    "bseTodaysHigh" : "108.20",
    "bse52WeekLow" : "90.05",
    "bse52WeekHigh" : "221.00",
    "bseLowerPriceBand" : "80.20",
    "bseUpperPriceBand" : "120.30"
  },
  "nseData" : {
    "nsePrice" : "107.15",
    "nseVolume" : "3,033",
    "nsePrevClose" : "",
    "nseOpenPrice" : "",
    "nseTodaysLow" : "102.40",
    "nseTodaysHigh" : "114.90",
    "nse52WeekLow" : "91.00",
    "nse52WeekHigh" : "221.75",
    "nseLowerPriceBand" : "84.50",
    "nseUpperPriceBand" : "126.70"
  },
  "companyValuation" : {
    "marketCapital" : "146.26",
    "peRatio" : "4.57",
    "bookValue" : "180.30",
    "dividend" : "12.50",
    "marketLot" : "1",
    "industryPeRatio" : "4.37",
    "eps" : "23.44",
    "pcRatio" : "3.14",
    "bookPrice" : "0.58",
    "dividendYield" : "1.19",
    "faceValue" : "10.00",
    "deliverables" : "71.79"
  }
}