{
  "url" : "https://www.moneycontrol.com/india/stockpricequote/refineries/chennaipetroleumcorporation/CPC02",
  "companyName" : "Chennai Petroleum Corporation Ltd.",
  "breadCrumb" : "Moneycontrol / Market / Share/Stock Price / Refineries",
  "bseNseNames" : "BSE: 500110 | NSE: CHENNPETRO |",
  "seriesLink" : "EQ",
  "isinLink" : "INE178A01016",
  "sectorLink" : "Moneycontrol / Market / Share/Stock Price / Refineries",
  "sectorTitle" : "REFINERIES",
  "bseData" : {
    "bsePrice" : "60.25",
    "bseVolume" : "29,478",
    "bsePrevClose" : "60.60",
    "bseOpenPrice" : "",
    "bseTodaysLow" : "60.00",
    "bseTodaysHigh" : "62.15",
    "bse52WeekLow" : "54.00",
    "bse52WeekHigh" : "268.80",
    "bseLowerPriceBand" : "54.55",
    "bseUpperPriceBand" : "66.65"
  },
  "nseData" : {
    "nsePrice" : "60.25",
    "nseVolume" : "325,754",
    "nsePrevClose" : "",
    "nseOpenPrice" : "",
    "nseTodaysLow" : "60.00",
    "nseTodaysHigh" : "62.25",
    "nse52WeekLow" : "53.10",
    "nse52WeekHigh" : "269.50",
    "nseLowerPriceBand" : "54.50",
    "nseUpperPriceBand" : "66.60"
  },
  "companyValuation" : {
    "marketCapital" : "897.19",
    "peRatio" : "-",
    "bookValue" : "222.25",
    "dividend" : "0.00",
    "marketLot" : "1",
    "industryPeRatio" : "14.64",
    "eps" : "-",
    "pcRatio" : "-",
    "bookPrice" : "0.27",
    "dividendYield" : "-",
    "faceValue" : "10.00",
    "deliverables" : "56.80"
  }
}