{
  "url" : "https://www.moneycontrol.com/india/stockpricequote/finance-leasinghire-purchase/cholamandalaminvestmentfinancecompany/CDB",
  "companyName" : "Cholamandalam Investment and Finance Company Ltd.",
  "breadCrumb" : "Moneycontrol / Market / Share/Stock Price / Finance - Leasing & Hire Purchase",
  "bseNseNames" : "BSE: 511243 | NSE: CHOLAFIN |",
  "seriesLink" : "EQ",
  "isinLink" : "INE121A01024",
  "sectorLink" : "Moneycontrol / Market / Share/Stock Price / Finance - Leasing & Hire Purchase",
  "sectorTitle" : "FINANCE - LEASING & HIRE PURCHASE",
  "bseData" : {
    "bsePrice" : "150.85",
    "bseVolume" : "255,366",
    "bsePrevClose" : "130.65",
    "bseOpenPrice" : "",
    "bseTodaysLow" : "126.45",
    "bseTodaysHigh" : "155.00",
    "bse52WeekLow" : "117.40",
    "bse52WeekHigh" : "348.85",
    "bseLowerPriceBand" : "117.60",
    "bseUpperPriceBand" : "156.75"
  },
  "nseData" : {
    "nsePrice" : "150.75",
    "nseVolume" : "7,778,145",
    "nsePrevClose" : "",
    "nseOpenPrice" : "",
    "nseTodaysLow" : "125.60",
    "nseTodaysHigh" : "154.80",
    "nse52WeekLow" : "117.40",
    "nse52WeekHigh" : "349.00",
    "nseLowerPriceBand" : "117.45",
    "nseUpperPriceBand" : "143.55"
  },
  "companyValuation" : {
    "marketCapital" : "11,939.06",
    "peRatio" : "9.16",
    "bookValue" : "81.82",
    "dividend" : "65.00",
    "marketLot" : "1",
    "industryPeRatio" : "23.58",
    "eps" : "16.45",
    "pcRatio" : "8.79",
    "bookPrice" : "1.84",
    "dividendYield" : "0.86",
    "faceValue" : "2.00",
    "deliverables" : "55.68"
  }
}