{
  "url" : "https://www.moneycontrol.com/india/stockpricequote/miscellaneous/cholamandalamfinancialholdings/TII",
  "companyName" : "Cholamandalam Financial Holdings Ltd.",
  "breadCrumb" : "Moneycontrol / Market / Share/Stock Price / Miscellaneous",
  "bseNseNames" : "BSE: 504973 | NSE: CHOLAHLDNG |",
  "seriesLink" : "EQ",
  "isinLink" : "INE149A01033",
  "sectorLink" : "Moneycontrol / Market / Share/Stock Price / Miscellaneous",
  "sectorTitle" : "MISCELLANEOUS",
  "bseData" : {
    "bsePrice" : "282.00",
    "bseVolume" : "705,637",
    "bsePrevClose" : "275.40",
    "bseOpenPrice" : "",
    "bseTodaysLow" : "260.00",
    "bseTodaysHigh" : "302.90",
    "bse52WeekLow" : "250.00",
    "bse52WeekHigh" : "568.20",
    "bseLowerPriceBand" : "247.90",
    "bseUpperPriceBand" : "302.90"
  },
  "nseData" : {
    "nsePrice" : "279.75",
    "nseVolume" : "123,412",
    "nsePrevClose" : "",
    "nseOpenPrice" : "",
    "nseTodaysLow" : "261.00",
    "nseTodaysHigh" : "308.45",
    "nse52WeekLow" : "249.40",
    "nse52WeekHigh" : "569.85",
    "nseLowerPriceBand" : "252.45",
    "nseUpperPriceBand" : "308.45"
  },
  "companyValuation" : {
    "marketCapital" : "5,293.59",
    "peRatio" : "56.98",
    "bookValue" : "56.69",
    "dividend" : "125.00",
    "marketLot" : "1",
    "industryPeRatio" : "23.58",
    "eps" : "4.91",
    "pcRatio" : "56.98",
    "bookPrice" : "4.97",
    "dividendYield" : "0.44",
    "faceValue" : "1.00",
    "deliverables" : "93.29"
  }
}