{
  "url" : "https://www.moneycontrol.com/india/stockpricequote/dyespigments/chromaticindia/CI31",
  "companyName" : "Chromatic India Ltd.",
  "breadCrumb" : "Moneycontrol / Market / Share/Stock Price / Dyes & Pigments",
  "bseNseNames" : "BSE: 530191 | NSE: CHROMATIC |",
  "seriesLink" : "EQ",
  "isinLink" : "INE662C01015",
  "sectorLink" : "Moneycontrol / Market / Share/Stock Price / Dyes & Pigments",
  "sectorTitle" : "DYES & PIGMENTS",
  "bseData" : {
    "bsePrice" : "0.49",
    "bseVolume" : "1,500",
    "bsePrevClose" : "0.51",
    "bseOpenPrice" : "",
    "bseTodaysLow" : "0.49",
    "bseTodaysHigh" : "0.51",
    "bse52WeekLow" : "0.40",
    "bse52WeekHigh" : "1.15",
    "bseLowerPriceBand" : "0.49",
    "bseUpperPriceBand" : "0.53"
  },
  "nseData" : {
    "nsePrice" : "0.50",
    "nseVolume" : "19,039",
    "nsePrevClose" : "",
    "nseOpenPrice" : "",
    "nseTodaysLow" : "0.50",
    "nseTodaysHigh" : "0.50",
    "nse52WeekLow" : "0.35",
    "nse52WeekHigh" : "1.15",
    "nseLowerPriceBand" : "0.45",
    "nseUpperPriceBand" : "0.55"
  },
  "companyValuation" : {
    "marketCapital" : "3.48",
    "peRatio" : "-",
    "bookValue" : "46.84",
    "dividend" : "0.00",
    "marketLot" : "1",
    "industryPeRatio" : "15.22",
    "eps" : "-",
    "pcRatio" : "-",
    "bookPrice" : "0.01",
    "dividendYield" : "-",
    "faceValue" : "10.00",
    "deliverables" : "100.00"
  }
}