{
  "url" : "https://www.moneycontrol.com/india/stockpricequote/computers-software-mediumsmall/cignititechnologies/CI42",
  "companyName" : "Cigniti Technologies Ltd.",
  "breadCrumb" : "Moneycontrol / Market / Share/Stock Price / Computers - Software Medium & Small",
  "bseNseNames" : "BSE: 534758 | NSE: CIGNITITEC |",
  "seriesLink" : "EQ",
  "isinLink" : "INE675C01017",
  "sectorLink" : "Moneycontrol / Market / Share/Stock Price / Computers - Software Medium & Small",
  "sectorTitle" : "COMPUTERS - SOFTWARE MEDIUM & SMALL",
  "bseData" : {
    "bsePrice" : "196.90",
    "bseVolume" : "1,021",
    "bsePrevClose" : "206.40",
    "bseOpenPrice" : "",
    "bseTodaysLow" : "175.10",
    "bseTodaysHigh" : "210.15",
    "bse52WeekLow" : "175.10",
    "bse52WeekHigh" : "399.95",
    "bseLowerPriceBand" : "165.15",
    "bseUpperPriceBand" : "247.65"
  },
  "nseData" : {
    "nsePrice" : "199.65",
    "nseVolume" : "13,661",
    "nsePrevClose" : "",
    "nseOpenPrice" : "",
    "nseTodaysLow" : "197.05",
    "nseTodaysHigh" : "210.00",
    "nse52WeekLow" : "178.80",
    "nse52WeekHigh" : "399.85",
    "nseLowerPriceBand" : "164.45",
    "nseUpperPriceBand" : "246.65"
  },
  "companyValuation" : {
    "marketCapital" : "545.69",
    "peRatio" : "8.65",
    "bookValue" : "86.05",
    "dividend" : "0.00",
    "marketLot" : "1",
    "industryPeRatio" : "18.30",
    "eps" : "23.08",
    "pcRatio" : "8.32",
    "bookPrice" : "2.29",
    "dividendYield" : "-",
    "faceValue" : "10.00",
    "deliverables" : "66.55"
  }
}