{
  "url" : "https://www.moneycontrol.com/india/stockpricequote/diversified/cimmco/CB02",
  "companyName" : "Cimmco Ltd.",
  "breadCrumb" : "Moneycontrol / Market / Share/Stock Price / Diversified",
  "bseNseNames" : "BSE: 505230 | NSE: CIMMCO |",
  "seriesLink" : "EQ",
  "isinLink" : "INE184C01028",
  "sectorLink" : "Moneycontrol / Market / Share/Stock Price / Diversified",
  "sectorTitle" : "DIVERSIFIED",
  "bseData" : {
    "bsePrice" : "13.40",
    "bseVolume" : "100",
    "bsePrevClose" : "12.77",
    "bseOpenPrice" : "",
    "bseTodaysLow" : "13.40",
    "bseTodaysHigh" : "13.40",
    "bse52WeekLow" : "9.35",
    "bse52WeekHigh" : "40.65",
    "bseLowerPriceBand" : "12.14",
    "bseUpperPriceBand" : "13.40"
  },
  "nseData" : {
    "nsePrice" : "13.70",
    "nseVolume" : "6,791",
    "nsePrevClose" : "",
    "nseOpenPrice" : "",
    "nseTodaysLow" : "13.70",
    "nseTodaysHigh" : "13.70",
    "nse52WeekLow" : "9.10",
    "nse52WeekHigh" : "40.65",
    "nseLowerPriceBand" : "12.40",
    "nseUpperPriceBand" : "13.70"
  },
  "companyValuation" : {
    "marketCapital" : "36.65",
    "peRatio" : "0.99",
    "bookValue" : "62.52",
    "dividend" : "0.00",
    "marketLot" : "1",
    "industryPeRatio" : "9.29",
    "eps" : "13.83",
    "pcRatio" : "0.9",
    "bookPrice" : "0.21",
    "dividendYield" : "-",
    "faceValue" : "10.00",
    "deliverables" : "82.60"
  }
}