{
  "url" : "https://www.moneycontrol.com/india/stockpricequote/mediaentertainment/cinelineindia/CI38",
  "companyName" : "Cineline India Ltd.",
  "breadCrumb" : "Moneycontrol / Market / Share/Stock Price / Media & Entertainment",
  "bseNseNames" : "BSE: 532807 | NSE: CINELINE |",
  "seriesLink" : "EQ",
  "isinLink" : "INE704H01022",
  "sectorLink" : "Moneycontrol / Market / Share/Stock Price / Media & Entertainment",
  "sectorTitle" : "MEDIA & ENTERTAINMENT",
  "bseData" : {
    "bsePrice" : "19.85",
    "bseVolume" : "540",
    "bsePrevClose" : "18.70",
    "bseOpenPrice" : "",
    "bseTodaysLow" : "18.70",
    "bseTodaysHigh" : "19.85",
    "bse52WeekLow" : "16.30",
    "bse52WeekHigh" : "50.00",
    "bseLowerPriceBand" : "16.85",
    "bseUpperPriceBand" : "20.55"
  },
  "nseData" : {
    "nsePrice" : "18.95",
    "nseVolume" : "7,176",
    "nsePrevClose" : "",
    "nseOpenPrice" : "",
    "nseTodaysLow" : "18.50",
    "nseTodaysHigh" : "19.25",
    "nse52WeekLow" : "16.35",
    "nse52WeekHigh" : "49.50",
    "nseLowerPriceBand" : "16.75",
    "nseUpperPriceBand" : "20.45"
  },
  "companyValuation" : {
    "marketCapital" : "55.58",
    "peRatio" : "8.35",
    "bookValue" : "40.84",
    "dividend" : "0.00",
    "marketLot" : "1",
    "industryPeRatio" : "10.82",
    "eps" : "2.27",
    "pcRatio" : "5.31",
    "bookPrice" : "0.49",
    "dividendYield" : "-",
    "faceValue" : "5.00",
    "deliverables" : "76.92"
  }
}