{
  "url" : "https://www.moneycontrol.com/india/stockpricequote/mediaentertainment/cinevista/C97",
  "companyName" : "Cinevista Ltd.",
  "breadCrumb" : "Moneycontrol / Market / Share/Stock Price / Media & Entertainment",
  "bseNseNames" : "BSE: 532324 | NSE: CINEVISTA |",
  "seriesLink" : "EQ",
  "isinLink" : "INE039B01026",
  "sectorLink" : "Moneycontrol / Market / Share/Stock Price / Media & Entertainment",
  "sectorTitle" : "MEDIA & ENTERTAINMENT",
  "bseData" : {
    "bsePrice" : "4.27",
    "bseVolume" : "45",
    "bsePrevClose" : "4.07",
    "bseOpenPrice" : "",
    "bseTodaysLow" : "4.27",
    "bseTodaysHigh" : "4.27",
    "bse52WeekLow" : "3.71",
    "bse52WeekHigh" : "16.95",
    "bseLowerPriceBand" : "3.87",
    "bseUpperPriceBand" : "4.27"
  },
  "nseData" : {
    "nsePrice" : "5.20",
    "nseVolume" : "3,994",
    "nsePrevClose" : "",
    "nseOpenPrice" : "",
    "nseTodaysLow" : "5.15",
    "nseTodaysHigh" : "5.30",
    "nse52WeekLow" : "3.70",
    "nse52WeekHigh" : "16.95",
    "nseLowerPriceBand" : "4.85",
    "nseUpperPriceBand" : "5.35"
  },
  "companyValuation" : {
    "marketCapital" : "24.53",
    "peRatio" : "-",
    "bookValue" : "10.80",
    "dividend" : "0.00",
    "marketLot" : "1",
    "industryPeRatio" : "10.82",
    "eps" : "-",
    "pcRatio" : "-",
    "bookPrice" : "0.40",
    "dividendYield" : "-",
    "faceValue" : "2.00",
    "deliverables" : "78.85"
  }
}