{
  "url" : "https://www.moneycontrol.com/india/stockpricequote/pharmaceuticals/cipla/C",
  "companyName" : "Cipla Ltd.",
  "breadCrumb" : "Moneycontrol / Market / Share/Stock Price / Pharmaceuticals",
  "bseNseNames" : "BSE: 500087 | NSE: CIPLA |",
  "seriesLink" : "EQ",
  "isinLink" : "INE059A01026",
  "sectorLink" : "Moneycontrol / Market / Share/Stock Price / Pharmaceuticals",
  "sectorTitle" : "PHARMACEUTICALS",
  "bseData" : {
    "bsePrice" : "513.00",
    "bseVolume" : "728,417",
    "bsePrevClose" : "491.95",
    "bseOpenPrice" : "",
    "bseTodaysLow" : "490.85",
    "bseTodaysHigh" : "529.95",
    "bse52WeekLow" : "356.75",
    "bse52WeekHigh" : "585.50",
    "bseLowerPriceBand" : "442.80",
    "bseUpperPriceBand" : "541.10"
  },
  "nseData" : {
    "nsePrice" : "512.75",
    "nseVolume" : "19,456,194",
    "nsePrevClose" : "",
    "nseOpenPrice" : "",
    "nseTodaysLow" : "490.00",
    "nseTodaysHigh" : "530.00",
    "nse52WeekLow" : "355.30",
    "nse52WeekHigh" : "586.00",
    "nseLowerPriceBand" : "443.05",
    "nseUpperPriceBand" : "541.45"
  },
  "companyValuation" : {
    "marketCapital" : "41,359.87",
    "peRatio" : "17.61",
    "bookValue" : "195.75",
    "dividend" : "150.00",
    "marketLot" : "1",
    "industryPeRatio" : "32.25",
    "eps" : "29.12",
    "pcRatio" : "14.17",
    "bookPrice" : "2.62",
    "dividendYield" : "0.58",
    "faceValue" : "2.00",
    "deliverables" : "20.00"
  }
}