{
  "url" : "https://www.moneycontrol.com/india/stockpricequote/miscellaneous/cleducate/CE09",
  "companyName" : "CL Educate Ltd.",
  "breadCrumb" : "Moneycontrol / Market / Share/Stock Price / Miscellaneous",
  "bseNseNames" : "BSE: 540403 | NSE: CLEDUCATE |",
  "seriesLink" : "EQ",
  "isinLink" : "INE201M01011",
  "sectorLink" : "Moneycontrol / Market / Share/Stock Price / Miscellaneous",
  "sectorTitle" : "MISCELLANEOUS",
  "bseData" : {
    "bsePrice" : "31.00",
    "bseVolume" : "1,980",
    "bsePrevClose" : "31.00",
    "bseOpenPrice" : "",
    "bseTodaysLow" : "29.15",
    "bseTodaysHigh" : "33.60",
    "bse52WeekLow" : "28.40",
    "bse52WeekHigh" : "132.35",
    "bseLowerPriceBand" : "27.90",
    "bseUpperPriceBand" : "34.10"
  },
  "nseData" : {
    "nsePrice" : "30.95",
    "nseVolume" : "14,271",
    "nsePrevClose" : "",
    "nseOpenPrice" : "",
    "nseTodaysLow" : "28.45",
    "nseTodaysHigh" : "32.50",
    "nse52WeekLow" : "28.20",
    "nse52WeekHigh" : "128.05",
    "nseLowerPriceBand" : "27.60",
    "nseUpperPriceBand" : "33.70"
  },
  "companyValuation" : {
    "marketCapital" : "43.91",
    "peRatio" : "8.6",
    "bookValue" : "248.51",
    "dividend" : "10.00",
    "marketLot" : "1",
    "industryPeRatio" : "10.19",
    "eps" : "3.6",
    "pcRatio" : "3.32",
    "bookPrice" : "0.12",
    "dividendYield" : "3.23",
    "faceValue" : "10.00",
    "deliverables" : "75.83"
  }
}