{
  "url" : "https://www.moneycontrol.com/india/stockpricequote/dyespigments/clariantchemicalsindia/CCI08",
  "companyName" : "Clariant Chemicals India Ltd.",
  "breadCrumb" : "Moneycontrol / Market / Share/Stock Price / Dyes & Pigments",
  "bseNseNames" : "BSE: 506390 | NSE: CLNINDIA |",
  "seriesLink" : "EQ",
  "isinLink" : "INE492A01029",
  "sectorLink" : "Moneycontrol / Market / Share/Stock Price / Dyes & Pigments",
  "sectorTitle" : "DYES & PIGMENTS",
  "bseData" : {
    "bsePrice" : "263.50",
    "bseVolume" : "9,284",
    "bsePrevClose" : "261.25",
    "bseOpenPrice" : "",
    "bseTodaysLow" : "258.30",
    "bseTodaysHigh" : "271.90",
    "bse52WeekLow" : "192.00",
    "bse52WeekHigh" : "478.15",
    "bseLowerPriceBand" : "209.00",
    "bseUpperPriceBand" : "313.50"
  },
  "nseData" : {
    "nsePrice" : "263.05",
    "nseVolume" : "45,414",
    "nsePrevClose" : "",
    "nseOpenPrice" : "",
    "nseTodaysLow" : "255.00",
    "nseTodaysHigh" : "271.50",
    "nse52WeekLow" : "183.25",
    "nse52WeekHigh" : "477.90",
    "nseLowerPriceBand" : "209.40",
    "nseUpperPriceBand" : "314.00"
  },
  "companyValuation" : {
    "marketCapital" : "608.21",
    "peRatio" : "14.01",
    "bookValue" : "267.06",
    "dividend" : "100.00",
    "marketLot" : "1",
    "industryPeRatio" : "15.22",
    "eps" : "18.77",
    "pcRatio" : "7.52",
    "bookPrice" : "0.99",
    "dividendYield" : "3.80",
    "faceValue" : "10.00",
    "deliverables" : "16.00"
  }
}