{
  "url" : "https://www.moneycontrol.com/india/stockpricequote/textiles-manmade/cilnovapetrochemicals/CIL05",
  "companyName" : "CIL Nova Petrochemicals Ltd.",
  "breadCrumb" : "Moneycontrol / Market / Share/Stock Price / Textiles - Manmade",
  "bseNseNames" : "BSE: 533407 | NSE: CNOVAPETRO |",
  "seriesLink" : "BE",
  "isinLink" : "INE672K01025",
  "sectorLink" : "Moneycontrol / Market / Share/Stock Price / Textiles - Manmade",
  "sectorTitle" : "TEXTILES - MANMADE",
  "bseData" : {
    "bsePrice" : "4.50",
    "bseVolume" : "46",
    "bsePrevClose" : "4.41",
    "bseOpenPrice" : "",
    "bseTodaysLow" : "4.50",
    "bseTodaysHigh" : "4.50",
    "bse52WeekLow" : "3.80",
    "bse52WeekHigh" : "22.70",
    "bseLowerPriceBand" : "4.19",
    "bseUpperPriceBand" : "4.63"
  },
  "nseData" : {
    "nsePrice" : "5.35",
    "nseVolume" : "845",
    "nsePrevClose" : "",
    "nseOpenPrice" : "",
    "nseTodaysLow" : "5.15",
    "nseTodaysHigh" : "5.40",
    "nse52WeekLow" : "4.55",
    "nse52WeekHigh" : "22.60",
    "nseLowerPriceBand" : "4.90",
    "nseUpperPriceBand" : "5.40"
  },
  "companyValuation" : {
    "marketCapital" : "12.19",
    "peRatio" : "-",
    "bookValue" : "15.48",
    "dividend" : "0.00",
    "marketLot" : "1",
    "industryPeRatio" : "18.54",
    "eps" : "-",
    "pcRatio" : "6.29",
    "bookPrice" : "0.29",
    "dividendYield" : "-",
    "faceValue" : "10.00",
    "deliverables" : "100.00"
  }
}