{
  "url" : "https://www.moneycontrol.com/india/stockpricequote/miningminerals/coalindia/CI11",
  "companyName" : "Coal India Ltd.",
  "breadCrumb" : "Moneycontrol / Market / Share/Stock Price / Mining & Minerals",
  "bseNseNames" : "BSE: 533278 | NSE: COALINDIA |",
  "seriesLink" : "EQ",
  "isinLink" : "INE522F01014",
  "sectorLink" : "Moneycontrol / Market / Share/Stock Price / Mining & Minerals",
  "sectorTitle" : "MINING & MINERALS",
  "bseData" : {
    "bsePrice" : "137.40",
    "bseVolume" : "276,762",
    "bsePrevClose" : "140.25",
    "bseOpenPrice" : "",
    "bseTodaysLow" : "137.00",
    "bseTodaysHigh" : "143.40",
    "bse52WeekLow" : "119.25",
    "bse52WeekHigh" : "270.90",
    "bseLowerPriceBand" : "126.25",
    "bseUpperPriceBand" : "154.25"
  },
  "nseData" : {
    "nsePrice" : "137.35",
    "nseVolume" : "7,070,296",
    "nsePrevClose" : "",
    "nseOpenPrice" : "",
    "nseTodaysLow" : "137.00",
    "nseTodaysHigh" : "143.40",
    "nse52WeekLow" : "119.20",
    "nse52WeekHigh" : "271.45",
    "nseLowerPriceBand" : "126.15",
    "nseUpperPriceBand" : "154.15"
  },
  "companyValuation" : {
    "marketCapital" : "84,675.89",
    "peRatio" : "17.04",
    "bookValue" : "22.71",
    "dividend" : "131.00",
    "marketLot" : "1",
    "industryPeRatio" : "6.79",
    "eps" : "8.06",
    "pcRatio" : "16.96",
    "bookPrice" : "6.05",
    "dividendYield" : "9.53",
    "faceValue" : "10.00",
    "deliverables" : "36.85"
  }
}