{
  "url" : "https://www.moneycontrol.com/india/stockpricequote/miscellaneous/cochinshipyard/CS",
  "companyName" : "Cochin Shipyard Ltd.",
  "breadCrumb" : "Moneycontrol / Market / Share/Stock Price / Miscellaneous",
  "bseNseNames" : "BSE: 540678 | NSE: COCHINSHIP |",
  "seriesLink" : "EQ",
  "isinLink" : "INE704P01017",
  "sectorLink" : "Moneycontrol / Market / Share/Stock Price / Miscellaneous",
  "sectorTitle" : "MISCELLANEOUS",
  "bseData" : {
    "bsePrice" : "255.95",
    "bseVolume" : "14,399",
    "bsePrevClose" : "246.85",
    "bseOpenPrice" : "",
    "bseTodaysLow" : "245.60",
    "bseTodaysHigh" : "261.20",
    "bse52WeekLow" : "209.00",
    "bse52WeekHigh" : "491.15",
    "bseLowerPriceBand" : "197.50",
    "bseUpperPriceBand" : "296.20"
  },
  "nseData" : {
    "nsePrice" : "254.90",
    "nseVolume" : "199,376",
    "nsePrevClose" : "",
    "nseOpenPrice" : "",
    "nseTodaysLow" : "245.00",
    "nseTodaysHigh" : "262.00",
    "nse52WeekLow" : "209.10",
    "nse52WeekHigh" : "491.70",
    "nseLowerPriceBand" : "197.45",
    "nseUpperPriceBand" : "296.15"
  },
  "companyValuation" : {
    "marketCapital" : "3,366.78",
    "peRatio" : "5.62",
    "bookValue" : "253.31",
    "dividend" : "130.00",
    "marketLot" : "1",
    "industryPeRatio" : "9.62",
    "eps" : "45.34",
    "pcRatio" : "5.32",
    "bookPrice" : "1.01",
    "dividendYield" : "5.08",
    "faceValue" : "10.00",
    "deliverables" : "50.35"
  }
}