{
  "url" : "https://www.moneycontrol.com/india/stockpricequote/personal-care/colgatepalmoliveindia/CPI",
  "companyName" : "Colgate Palmolive (India) Ltd.",
  "breadCrumb" : "Moneycontrol / Market / Share/Stock Price / Personal Care",
  "bseNseNames" : "BSE: 500830 | NSE: COLPAL |",
  "seriesLink" : "EQ",
  "isinLink" : "INE259A01022",
  "sectorLink" : "Moneycontrol / Market / Share/Stock Price / Personal Care",
  "sectorTitle" : "PERSONAL CARE",
  "bseData" : {
    "bsePrice" : "1335.00",
    "bseVolume" : "38,952",
    "bsePrevClose" : "1318.30",
    "bseOpenPrice" : "",
    "bseTodaysLow" : "1311.95",
    "bseTodaysHigh" : "1408.00",
    "bse52WeekLow" : "1065.20",
    "bse52WeekHigh" : "1641.00",
    "bseLowerPriceBand" : "1186.50",
    "bseUpperPriceBand" : "1450.10"
  },
  "nseData" : {
    "nsePrice" : "1340.75",
    "nseVolume" : "1,129,971",
    "nsePrevClose" : "",
    "nseOpenPrice" : "",
    "nseTodaysLow" : "1311.05",
    "nseTodaysHigh" : "1409.00",
    "nse52WeekLow" : "1065.00",
    "nse52WeekHigh" : "1642.60",
    "nseLowerPriceBand" : "1187.00",
    "nseUpperPriceBand" : "1450.70"
  },
  "companyValuation" : {
    "marketCapital" : "36,310.08",
    "peRatio" : "45.02",
    "bookValue" : "53.19",
    "dividend" : "2300.00",
    "marketLot" : "1",
    "industryPeRatio" : "65.49",
    "eps" : "29.78",
    "pcRatio" : "37.63",
    "bookPrice" : "25.10",
    "dividendYield" : "1.72",
    "faceValue" : "1.00",
    "deliverables" : "36.00"
  }
}