{
  "url" : "https://www.moneycontrol.com/india/stockpricequote/computers-hardware/compuageinfocom/CI29",
  "companyName" : "Compuage Infocom Ltd.",
  "breadCrumb" : "Moneycontrol / Market / Share/Stock Price / Computers - Hardware",
  "bseNseNames" : "BSE: 532456 | NSE: COMPINFO |",
  "seriesLink" : "EQ",
  "isinLink" : "INE070C01037",
  "sectorLink" : "Moneycontrol / Market / Share/Stock Price / Computers - Hardware",
  "sectorTitle" : "COMPUTERS - HARDWARE",
  "bseData" : {
    "bsePrice" : "8.42",
    "bseVolume" : "1,370",
    "bsePrevClose" : "8.27",
    "bseOpenPrice" : "",
    "bseTodaysLow" : "8.27",
    "bseTodaysHigh" : "8.68",
    "bse52WeekLow" : "7.49",
    "bse52WeekHigh" : "21.00",
    "bseLowerPriceBand" : "7.86",
    "bseUpperPriceBand" : "8.68"
  },
  "nseData" : {
    "nsePrice" : "8.55",
    "nseVolume" : "17,675",
    "nsePrevClose" : "",
    "nseOpenPrice" : "",
    "nseTodaysLow" : "8.05",
    "nseTodaysHigh" : "8.55",
    "nse52WeekLow" : "7.50",
    "nse52WeekHigh" : "21.00",
    "nseLowerPriceBand" : "7.75",
    "nseUpperPriceBand" : "8.55"
  },
  "companyValuation" : {
    "marketCapital" : "54.71",
    "peRatio" : "2.15",
    "bookValue" : "27.14",
    "dividend" : "20.00",
    "marketLot" : "1",
    "industryPeRatio" : "9.10",
    "eps" : "3.98",
    "pcRatio" : "1.85",
    "bookPrice" : "0.31",
    "dividendYield" : "4.75",
    "faceValue" : "2.00",
    "deliverables" : "68.06"
  }
}