{
  "url" : "https://www.moneycontrol.com/india/stockpricequote/computers-software-mediumsmall/compucomsoftware/CS14",
  "companyName" : "Compucom Software Ltd.",
  "breadCrumb" : "Moneycontrol / Market / Share/Stock Price / Computers - Software Medium & Small",
  "bseNseNames" : "BSE: 532339 | NSE: COMPUSOFT |",
  "seriesLink" : "EQ",
  "isinLink" : "INE453B01029",
  "sectorLink" : "Moneycontrol / Market / Share/Stock Price / Computers - Software Medium & Small",
  "sectorTitle" : "COMPUTERS - SOFTWARE MEDIUM & SMALL",
  "bseData" : {
    "bsePrice" : "4.00",
    "bseVolume" : "2,193",
    "bsePrevClose" : "4.00",
    "bseOpenPrice" : "",
    "bseTodaysLow" : "3.80",
    "bseTodaysHigh" : "4.19",
    "bse52WeekLow" : "3.05",
    "bse52WeekHigh" : "10.55",
    "bseLowerPriceBand" : "3.60",
    "bseUpperPriceBand" : "4.40"
  },
  "nseData" : {
    "nsePrice" : "4.15",
    "nseVolume" : "15,470",
    "nsePrevClose" : "",
    "nseOpenPrice" : "",
    "nseTodaysLow" : "3.60",
    "nseTodaysHigh" : "4.40",
    "nse52WeekLow" : "3.15",
    "nse52WeekHigh" : "10.00",
    "nseLowerPriceBand" : "3.60",
    "nseUpperPriceBand" : "4.40"
  },
  "companyValuation" : {
    "marketCapital" : "31.65",
    "peRatio" : "18.04",
    "bookValue" : "15.88",
    "dividend" : "5.00",
    "marketLot" : "1",
    "industryPeRatio" : "38.36",
    "eps" : "0.23",
    "pcRatio" : "3.01",
    "bookPrice" : "0.25",
    "dividendYield" : "2.50",
    "faceValue" : "2.00",
    "deliverables" : "99.26"
  }
}