{
  "url" : "https://www.moneycontrol.com/india/stockpricequote/trading/controlprint/CP11",
  "companyName" : "Control Print Ltd.",
  "breadCrumb" : "Moneycontrol / Market / Share/Stock Price / Trading",
  "bseNseNames" : "BSE: 522295 | NSE: CONTROLPR |",
  "seriesLink" : "EQ",
  "isinLink" : "INE663B01015",
  "sectorLink" : "Moneycontrol / Market / Share/Stock Price / Trading",
  "sectorTitle" : "TRADING",
  "bseData" : {
    "bsePrice" : "191.70",
    "bseVolume" : "655",
    "bsePrevClose" : "199.40",
    "bseOpenPrice" : "",
    "bseTodaysLow" : "190.00",
    "bseTodaysHigh" : "198.00",
    "bse52WeekLow" : "150.90",
    "bse52WeekHigh" : "317.80",
    "bseLowerPriceBand" : "159.55",
    "bseUpperPriceBand" : "239.25"
  },
  "nseData" : {
    "nsePrice" : "191.65",
    "nseVolume" : "5,056",
    "nsePrevClose" : "",
    "nseOpenPrice" : "",
    "nseTodaysLow" : "190.95",
    "nseTodaysHigh" : "200.00",
    "nse52WeekLow" : "145.10",
    "nse52WeekHigh" : "318.05",
    "nseLowerPriceBand" : "158.20",
    "nseUpperPriceBand" : "237.30"
  },
  "companyValuation" : {
    "marketCapital" : "313.08",
    "peRatio" : "9.33",
    "bookValue" : "113.63",
    "dividend" : "65.00",
    "marketLot" : "1",
    "industryPeRatio" : "9.10",
    "eps" : "20.54",
    "pcRatio" : "7.64",
    "bookPrice" : "1.69",
    "dividendYield" : "3.39",
    "faceValue" : "10.00",
    "deliverables" : "60.10"
  }
}