{
  "url" : "https://www.moneycontrol.com/india/stockpricequote/finance-housing/coralindiafinancehousing/CIF02",
  "companyName" : "Coral India Finance and Housing Ltd.",
  "breadCrumb" : "Moneycontrol / Market / Share/Stock Price / Finance - Housing",
  "bseNseNames" : "BSE: 531556 | NSE: CORALFINAC |",
  "seriesLink" : "EQ",
  "isinLink" : "INE558D01021",
  "sectorLink" : "Moneycontrol / Market / Share/Stock Price / Finance - Housing",
  "sectorTitle" : "FINANCE - HOUSING",
  "bseData" : {
    "bsePrice" : "13.57",
    "bseVolume" : "3,124",
    "bsePrevClose" : "14.19",
    "bseOpenPrice" : "",
    "bseTodaysLow" : "13.50",
    "bseTodaysHigh" : "14.75",
    "bse52WeekLow" : "8.25",
    "bse52WeekHigh" : "19.00",
    "bseLowerPriceBand" : "11.36",
    "bseUpperPriceBand" : "17.02"
  },
  "nseData" : {
    "nsePrice" : "13.90",
    "nseVolume" : "15,769",
    "nsePrevClose" : "",
    "nseOpenPrice" : "",
    "nseTodaysLow" : "13.10",
    "nseTodaysHigh" : "14.35",
    "nse52WeekLow" : "9.00",
    "nse52WeekHigh" : "19.20",
    "nseLowerPriceBand" : "11.10",
    "nseUpperPriceBand" : "16.60"
  },
  "companyValuation" : {
    "marketCapital" : "67.69",
    "peRatio" : "6.12",
    "bookValue" : "25.56",
    "dividend" : "10.00",
    "marketLot" : "1",
    "industryPeRatio" : "16.05",
    "eps" : "2.27",
    "pcRatio" : "6.04",
    "bookPrice" : "0.53",
    "dividendYield" : "1.47",
    "faceValue" : "2.00",
    "deliverables" : "89.82"
  }
}