{
  "url" : "https://www.moneycontrol.com/india/stockpricequote/cables-powerothers/cordscableindustries/CCI07",
  "companyName" : "Cords Cable Industries Ltd.",
  "breadCrumb" : "Moneycontrol / Market / Share/Stock Price / Cables - Power & Others",
  "bseNseNames" : "BSE: 532941 | NSE: CORDSCABLE |",
  "seriesLink" : "EQ",
  "isinLink" : "INE792I01017",
  "sectorLink" : "Moneycontrol / Market / Share/Stock Price / Cables - Power & Others",
  "sectorTitle" : "CABLES - POWER & OTHERS",
  "bseData" : {
    "bsePrice" : "26.50",
    "bseVolume" : "2,266",
    "bsePrevClose" : "25.80",
    "bseOpenPrice" : "",
    "bseTodaysLow" : "25.75",
    "bseTodaysHigh" : "27.35",
    "bse52WeekLow" : "22.10",
    "bse52WeekHigh" : "70.00",
    "bseLowerPriceBand" : "23.25",
    "bseUpperPriceBand" : "28.35"
  },
  "nseData" : {
    "nsePrice" : "26.00",
    "nseVolume" : "4,821",
    "nsePrevClose" : "",
    "nseOpenPrice" : "",
    "nseTodaysLow" : "25.45",
    "nseTodaysHigh" : "27.00",
    "nse52WeekLow" : "22.40",
    "nse52WeekHigh" : "70.00",
    "nseLowerPriceBand" : "23.00",
    "nseUpperPriceBand" : "28.10"
  },
  "companyValuation" : {
    "marketCapital" : "34.26",
    "peRatio" : "4.1",
    "bookValue" : "104.13",
    "dividend" : "0.00",
    "marketLot" : "1",
    "industryPeRatio" : "17.67",
    "eps" : "6.34",
    "pcRatio" : "2.42",
    "bookPrice" : "0.25",
    "dividendYield" : "-",
    "faceValue" : "10.00",
    "deliverables" : "80.67"
  }
}