{
  "url" : "https://www.moneycontrol.com/india/stockpricequote/plastics/cosmofilms/CF08",
  "companyName" : "Cosmo Films Ltd.",
  "breadCrumb" : "Moneycontrol / Market / Share/Stock Price / Plastics",
  "bseNseNames" : "BSE: 508814 | NSE: COSMOFILMS |",
  "seriesLink" : "EQ",
  "isinLink" : "INE757A01017",
  "sectorLink" : "Moneycontrol / Market / Share/Stock Price / Plastics",
  "sectorTitle" : "PLASTICS",
  "bseData" : {
    "bsePrice" : "223.55",
    "bseVolume" : "3,619",
    "bsePrevClose" : "228.30",
    "bseOpenPrice" : "",
    "bseTodaysLow" : "221.00",
    "bseTodaysHigh" : "239.85",
    "bse52WeekLow" : "186.30",
    "bse52WeekHigh" : "357.00",
    "bseLowerPriceBand" : "182.65",
    "bseUpperPriceBand" : "273.95"
  },
  "nseData" : {
    "nsePrice" : "223.95",
    "nseVolume" : "71,172",
    "nsePrevClose" : "",
    "nseOpenPrice" : "",
    "nseTodaysLow" : "219.50",
    "nseTodaysHigh" : "240.00",
    "nse52WeekLow" : "185.00",
    "nse52WeekHigh" : "356.20",
    "nseLowerPriceBand" : "182.20",
    "nseUpperPriceBand" : "273.30"
  },
  "companyValuation" : {
    "marketCapital" : "434.58",
    "peRatio" : "3.83",
    "bookValue" : "354.97",
    "dividend" : "60.00",
    "marketLot" : "1",
    "industryPeRatio" : "10.24",
    "eps" : "58.44",
    "pcRatio" : "2.69",
    "bookPrice" : "0.63",
    "dividendYield" : "2.68",
    "faceValue" : "10.00",
    "deliverables" : "51.49"
  }
}