{
  "url" : "https://www.moneycontrol.com/india/stockpricequote/constructioncontracting-real-estate/countrycondos/CC28",
  "companyName" : "Country Condos Ltd.",
  "breadCrumb" : "Moneycontrol / Market / Share/Stock Price / Construction & Contracting - Real Estate",
  "bseNseNames" : "BSE: 531624 | NSE: COUNCODOS |",
  "seriesLink" : "EQ",
  "isinLink" : "INE695B01025",
  "sectorLink" : "Moneycontrol / Market / Share/Stock Price / Construction & Contracting - Real Estate",
  "sectorTitle" : "CONSTRUCTION & CONTRACTING - REAL ESTATE",
  "bseData" : {
    "bsePrice" : "1.35",
    "bseVolume" : "10",
    "bsePrevClose" : "1.30",
    "bseOpenPrice" : "",
    "bseTodaysLow" : "1.35",
    "bseTodaysHigh" : "1.35",
    "bse52WeekLow" : "1.30",
    "bse52WeekHigh" : "5.35",
    "bseLowerPriceBand" : "1.24",
    "bseUpperPriceBand" : "1.36"
  },
  "nseData" : {
    "nsePrice" : "0.90",
    "nseVolume" : "2,417",
    "nsePrevClose" : "",
    "nseOpenPrice" : "",
    "nseTodaysLow" : "0.90",
    "nseTodaysHigh" : "0.90",
    "nse52WeekLow" : "0.70",
    "nse52WeekHigh" : "5.15",
    "nseLowerPriceBand" : "0.80",
    "nseUpperPriceBand" : "0.90"
  },
  "companyValuation" : {
    "marketCapital" : "10.48",
    "peRatio" : "15",
    "bookValue" : "2.38",
    "dividend" : "0.00",
    "marketLot" : "1",
    "industryPeRatio" : "13.75",
    "eps" : "0.06",
    "pcRatio" : "9",
    "bookPrice" : "0.57",
    "dividendYield" : "-",
    "faceValue" : "1.00",
    "deliverables" : "99.90"
  }
}