{
  "url" : "https://www.moneycontrol.com/india/stockpricequote/finance-investments/cpseetf/CPS01",
  "companyName" : "CPSE ETF",
  "breadCrumb" : "Moneycontrol / Market / Share/Stock Price / Finance - Investments",
  "bseNseNames" : "BSE: 538057 | NSE: CPSEETF |",
  "seriesLink" : "EQ",
  "isinLink" : "INF457M01133",
  "sectorLink" : "Moneycontrol / Market / Share/Stock Price / Finance - Investments",
  "sectorTitle" : "FINANCE - INVESTMENTS",
  "bseData" : {
    "bsePrice" : "16.25",
    "bseVolume" : "310,736",
    "bsePrevClose" : "16.22",
    "bseOpenPrice" : "",
    "bseTodaysLow" : "15.94",
    "bseTodaysHigh" : "16.56",
    "bse52WeekLow" : "11.55",
    "bse52WeekHigh" : "28.83",
    "bseLowerPriceBand" : "12.70",
    "bseUpperPriceBand" : "19.05"
  },
  "nseData" : {
    "nsePrice" : "16.25",
    "nseVolume" : "2,514,501",
    "nsePrevClose" : "",
    "nseOpenPrice" : "",
    "nseTodaysLow" : "15.91",
    "nseTodaysHigh" : "16.58",
    "nse52WeekLow" : "11.54",
    "nse52WeekHigh" : "28.91",
    "nseLowerPriceBand" : "12.71",
    "nseUpperPriceBand" : "19.05"
  },
  "companyValuation" : {
    "marketCapital" : "2,793.55",
    "peRatio" : "-",
    "bookValue" : "0",
    "dividend" : "0",
    "marketLot" : "0",
    "industryPeRatio" : "0",
    "eps" : "-",
    "pcRatio" : "-",
    "bookPrice" : "-",
    "dividendYield" : "-",
    "faceValue" : "0",
    "deliverables" : "76.33"
  }
}