{
  "url" : "https://www.moneycontrol.com/india/stockpricequote/finance-term-lending-institutions/creditaccessgrameen/CG03",
  "companyName" : "CreditAccess Grameen Ltd.",
  "breadCrumb" : "Moneycontrol / Market / Share/Stock Price / Finance - Term Lending Institutions",
  "bseNseNames" : "BSE: 541770 | NSE: CREDITACC |",
  "seriesLink" : "EQ",
  "isinLink" : "INE741K01010",
  "sectorLink" : "Moneycontrol / Market / Share/Stock Price / Finance - Term Lending Institutions",
  "sectorTitle" : "FINANCE - TERM LENDING INSTITUTIONS",
  "bseData" : {
    "bsePrice" : "329.45",
    "bseVolume" : "7,344",
    "bsePrevClose" : "314.85",
    "bseOpenPrice" : "",
    "bseTodaysLow" : "314.00",
    "bseTodaysHigh" : "330.55",
    "bse52WeekLow" : "305.75",
    "bse52WeekHigh" : "1000.80",
    "bseLowerPriceBand" : "299.15",
    "bseUpperPriceBand" : "330.55"
  },
  "nseData" : {
    "nsePrice" : "329.70",
    "nseVolume" : "315,964",
    "nsePrevClose" : "",
    "nseOpenPrice" : "",
    "nseTodaysLow" : "312.00",
    "nseTodaysHigh" : "329.80",
    "nse52WeekLow" : "305.20",
    "nse52WeekHigh" : "1000.00",
    "nseLowerPriceBand" : "298.40",
    "nseUpperPriceBand" : "329.80"
  },
  "companyValuation" : {
    "marketCapital" : "4,743.60",
    "peRatio" : "12.46",
    "bookValue" : "164.29",
    "dividend" : "0.00",
    "marketLot" : "1",
    "industryPeRatio" : "23.58",
    "eps" : "26.46",
    "pcRatio" : "12.21",
    "bookPrice" : "2.01",
    "dividendYield" : "-",
    "faceValue" : "10.00",
    "deliverables" : "78.58"
  }
}