{
  "url" : "https://www.moneycontrol.com/india/stockpricequote/miscellaneous/crisil/CRI",
  "companyName" : "CRISIL Ltd.",
  "breadCrumb" : "Moneycontrol / Market / Share/Stock Price / Miscellaneous",
  "bseNseNames" : "BSE: 500092 | NSE: CRISIL |",
  "seriesLink" : "EQ",
  "isinLink" : "INE007A01025",
  "sectorLink" : "Moneycontrol / Market / Share/Stock Price / Miscellaneous",
  "sectorTitle" : "MISCELLANEOUS",
  "bseData" : {
    "bsePrice" : "1241.90",
    "bseVolume" : "2,260",
    "bsePrevClose" : "1220.90",
    "bseOpenPrice" : "",
    "bseTodaysLow" : "1205.70",
    "bseTodaysHigh" : "1271.50",
    "bse52WeekLow" : "1083.50",
    "bse52WeekHigh" : "2070.00",
    "bseLowerPriceBand" : "976.75",
    "bseUpperPriceBand" : "1465.05"
  },
  "nseData" : {
    "nsePrice" : "1211.40",
    "nseVolume" : "84,943",
    "nsePrevClose" : "",
    "nseOpenPrice" : "",
    "nseTodaysLow" : "1202.15",
    "nseTodaysHigh" : "1275.00",
    "nse52WeekLow" : "1052.70",
    "nse52WeekHigh" : "2068.00",
    "nseLowerPriceBand" : "975.60",
    "nseUpperPriceBand" : "1463.30"
  },
  "companyValuation" : {
    "marketCapital" : "9,000.48",
    "peRatio" : "32.97",
    "bookValue" : "104.70",
    "dividend" : "3200.00",
    "marketLot" : "1",
    "industryPeRatio" : "21.60",
    "eps" : "36.74",
    "pcRatio" : "30.07",
    "bookPrice" : "11.86",
    "dividendYield" : "2.58",
    "faceValue" : "1.00",
    "deliverables" : "92.23"
  }
}