{
  "url" : "https://www.moneycontrol.com/india/stockpricequote/banks-private-sector/csbbank/CB05",
  "companyName" : "CSB Bank Ltd.",
  "breadCrumb" : "Moneycontrol / Market / Share/Stock Price / Banks - Private Sector",
  "bseNseNames" : "BSE: 542867 | NSE: CSBBANK |",
  "seriesLink" : "EQ",
  "isinLink" : "INE679A01013",
  "sectorLink" : "Moneycontrol / Market / Share/Stock Price / Banks - Private Sector",
  "sectorTitle" : "BANKS - PRIVATE SECTOR",
  "bseData" : {
    "bsePrice" : "118.50",
    "bseVolume" : "6,804",
    "bsePrevClose" : "112.40",
    "bseOpenPrice" : "",
    "bseTodaysLow" : "112.35",
    "bseTodaysHigh" : "120.00",
    "bse52WeekLow" : "95.00",
    "bse52WeekHigh" : "314.20",
    "bseLowerPriceBand" : "89.95",
    "bseUpperPriceBand" : "134.85"
  },
  "nseData" : {
    "nsePrice" : "117.95",
    "nseVolume" : "143,230",
    "nsePrevClose" : "",
    "nseOpenPrice" : "",
    "nseTodaysLow" : "111.50",
    "nseTodaysHigh" : "121.40",
    "nse52WeekLow" : "95.60",
    "nse52WeekHigh" : "313.50",
    "nseLowerPriceBand" : "89.95",
    "nseUpperPriceBand" : "134.85"
  },
  "companyValuation" : {
    "marketCapital" : "2,055.45",
    "peRatio" : "-",
    "bookValue" : "104.48",
    "dividend" : "0.00",
    "marketLot" : "1",
    "industryPeRatio" : "25.53",
    "eps" : "-",
    "pcRatio" : "-",
    "bookPrice" : "1.13",
    "dividendYield" : "-",
    "faceValue" : "10.00",
    "deliverables" : "41.27"
  }
}