{
  "url" : "https://www.moneycontrol.com/india/stockpricequote/computers-software-mediumsmall/cambridgetechnologyenterprises/CTE",
  "companyName" : "Cambridge Technology Enterprises Ltd.",
  "breadCrumb" : "Moneycontrol / Market / Share/Stock Price / Computers - Software Medium & Small",
  "bseNseNames" : "BSE: 532801 | NSE: CTE |",
  "seriesLink" : "EQ",
  "isinLink" : "INE627H01017",
  "sectorLink" : "Moneycontrol / Market / Share/Stock Price / Computers - Software Medium & Small",
  "sectorTitle" : "COMPUTERS - SOFTWARE MEDIUM & SMALL",
  "bseData" : {
    "bsePrice" : "15.62",
    "bseVolume" : "1,036",
    "bsePrevClose" : "14.88",
    "bseOpenPrice" : "",
    "bseTodaysLow" : "15.59",
    "bseTodaysHigh" : "15.62",
    "bse52WeekLow" : "11.65",
    "bse52WeekHigh" : "57.40",
    "bseLowerPriceBand" : "14.14",
    "bseUpperPriceBand" : "15.62"
  },
  "nseData" : {
    "nsePrice" : "15.45",
    "nseVolume" : "1,490",
    "nsePrevClose" : "",
    "nseOpenPrice" : "",
    "nseTodaysLow" : "15.40",
    "nseTodaysHigh" : "15.45",
    "nse52WeekLow" : "11.50",
    "nse52WeekHigh" : "56.15",
    "nseLowerPriceBand" : "14.05",
    "nseUpperPriceBand" : "15.45"
  },
  "companyValuation" : {
    "marketCapital" : "30.66",
    "peRatio" : "16.79",
    "bookValue" : "16.97",
    "dividend" : "0.00",
    "marketLot" : "1",
    "industryPeRatio" : "18.30",
    "eps" : "0.92",
    "pcRatio" : "14.31",
    "bookPrice" : "0.92",
    "dividendYield" : "-",
    "faceValue" : "10.00",
    "deliverables" : "66.14"
  }
}