{
  "url" : "https://www.moneycontrol.com/india/stockpricequote/metals-non-ferrous/cubextubings/CT05",
  "companyName" : "Cubex Tubings Ltd.",
  "breadCrumb" : "Moneycontrol / Market / Share/Stock Price / Metals - Non Ferrous",
  "bseNseNames" : "BSE: 526027 | NSE: CUBEXTUB |",
  "seriesLink" : "BE",
  "isinLink" : "INE144D01012",
  "sectorLink" : "Moneycontrol / Market / Share/Stock Price / Metals - Non Ferrous",
  "sectorTitle" : "METALS - NON FERROUS",
  "bseData" : {
    "bsePrice" : "9.97",
    "bseVolume" : "2,930",
    "bsePrevClose" : "9.55",
    "bseOpenPrice" : "",
    "bseTodaysLow" : "9.35",
    "bseTodaysHigh" : "9.99",
    "bse52WeekLow" : "8.51",
    "bse52WeekHigh" : "26.04",
    "bseLowerPriceBand" : "9.08",
    "bseUpperPriceBand" : "10.02"
  },
  "nseData" : {
    "nsePrice" : "8.55",
    "nseVolume" : "1,733",
    "nsePrevClose" : "",
    "nseOpenPrice" : "",
    "nseTodaysLow" : "8.55",
    "nseTodaysHigh" : "9.35",
    "nse52WeekLow" : "8.15",
    "nse52WeekHigh" : "25.40",
    "nseLowerPriceBand" : "8.55",
    "nseUpperPriceBand" : "9.35"
  },
  "companyValuation" : {
    "marketCapital" : "14.28",
    "peRatio" : "34.2",
    "bookValue" : "40.46",
    "dividend" : "0.00",
    "marketLot" : "1",
    "industryPeRatio" : "11.73",
    "eps" : "0.25",
    "pcRatio" : "7.18",
    "bookPrice" : "0.25",
    "dividendYield" : "-",
    "faceValue" : "10.00",
    "deliverables" : "85.87"
  }
}