{
  "url" : "https://www.moneycontrol.com/india/stockpricequote/engines/cumminsindia/CI02",
  "companyName" : "Cummins India Ltd.",
  "breadCrumb" : "Moneycontrol / Market / Share/Stock Price / Engines",
  "bseNseNames" : "BSE: 500480 | NSE: CUMMINSIND |",
  "seriesLink" : "EQ",
  "isinLink" : "INE298A01020",
  "sectorLink" : "Moneycontrol / Market / Share/Stock Price / Engines",
  "sectorTitle" : "ENGINES",
  "bseData" : {
    "bsePrice" : "329.80",
    "bseVolume" : "173,926",
    "bsePrevClose" : "288.00",
    "bseOpenPrice" : "",
    "bseTodaysLow" : "281.60",
    "bseTodaysHigh" : "336.60",
    "bse52WeekLow" : "281.60",
    "bse52WeekHigh" : "799.50",
    "bseLowerPriceBand" : "259.20",
    "bseUpperPriceBand" : "345.60"
  },
  "nseData" : {
    "nsePrice" : "330.05",
    "nseVolume" : "5,604,056",
    "nsePrevClose" : "",
    "nseOpenPrice" : "",
    "nseTodaysLow" : "280.00",
    "nseTodaysHigh" : "338.05",
    "nse52WeekLow" : "280.00",
    "nse52WeekHigh" : "801.05",
    "nseLowerPriceBand" : "258.45",
    "nseUpperPriceBand" : "315.85"
  },
  "companyValuation" : {
    "marketCapital" : "9,142.06",
    "peRatio" : "14.03",
    "bookValue" : "149.01",
    "dividend" : "850.00",
    "marketLot" : "1",
    "industryPeRatio" : "9.93",
    "eps" : "23.52",
    "pcRatio" : "12",
    "bookPrice" : "2.21",
    "dividendYield" : "5.15",
    "faceValue" : "2.00",
    "deliverables" : "47.15"
  }
}