{
  "url" : "https://www.moneycontrol.com/india/stockpricequote/computers-software/cyient/IE07",
  "companyName" : "Cyient Ltd.",
  "breadCrumb" : "Moneycontrol / Market / Share/Stock Price / Computers - Software",
  "bseNseNames" : "BSE: 532175 | NSE: CYIENT |",
  "seriesLink" : "EQ",
  "isinLink" : "INE136B01020",
  "sectorLink" : "Moneycontrol / Market / Share/Stock Price / Computers - Software",
  "sectorTitle" : "COMPUTERS - SOFTWARE",
  "bseData" : {
    "bsePrice" : "218.95",
    "bseVolume" : "13,219",
    "bsePrevClose" : "222.60",
    "bseOpenPrice" : "",
    "bseTodaysLow" : "216.35",
    "bseTodaysHigh" : "227.00",
    "bse52WeekLow" : "205.00",
    "bse52WeekHigh" : "635.00",
    "bseLowerPriceBand" : "200.35",
    "bseUpperPriceBand" : "244.85"
  },
  "nseData" : {
    "nsePrice" : "218.80",
    "nseVolume" : "420,370",
    "nsePrevClose" : "",
    "nseOpenPrice" : "",
    "nseTodaysLow" : "216.05",
    "nseTodaysHigh" : "226.95",
    "nse52WeekLow" : "210.00",
    "nse52WeekHigh" : "636.65",
    "nseLowerPriceBand" : "200.10",
    "nseUpperPriceBand" : "244.50"
  },
  "companyValuation" : {
    "marketCapital" : "2,433.96",
    "peRatio" : "6.31",
    "bookValue" : "201.22",
    "dividend" : "300.00",
    "marketLot" : "1",
    "industryPeRatio" : "18.30",
    "eps" : "34.66",
    "pcRatio" : "5.58",
    "bookPrice" : "1.09",
    "dividendYield" : "6.85",
    "faceValue" : "5.00",
    "deliverables" : "66.51"
  }
}