{
  "url" : "https://www.moneycontrol.com/india/stockpricequote/food-processing/ltfoods/LTF",
  "companyName" : "LT Foods Ltd.",
  "breadCrumb" : "Moneycontrol / Market / Share/Stock Price / Food Processing",
  "bseNseNames" : "BSE: 532783 | NSE: DAAWAT |",
  "seriesLink" : "EQ",
  "isinLink" : "INE818H01020",
  "sectorLink" : "Moneycontrol / Market / Share/Stock Price / Food Processing",
  "sectorTitle" : "FOOD PROCESSING",
  "bseData" : {
    "bsePrice" : "21.75",
    "bseVolume" : "51,710",
    "bsePrevClose" : "22.10",
    "bseOpenPrice" : "",
    "bseTodaysLow" : "21.10",
    "bseTodaysHigh" : "22.75",
    "bse52WeekLow" : "13.00",
    "bse52WeekHigh" : "38.45",
    "bseLowerPriceBand" : "19.90",
    "bseUpperPriceBand" : "24.30"
  },
  "nseData" : {
    "nsePrice" : "21.80",
    "nseVolume" : "1,064,100",
    "nsePrevClose" : "",
    "nseOpenPrice" : "",
    "nseTodaysLow" : "21.05",
    "nseTodaysHigh" : "22.85",
    "nse52WeekLow" : "13.00",
    "nse52WeekHigh" : "38.40",
    "nseLowerPriceBand" : "19.85",
    "nseUpperPriceBand" : "24.25"
  },
  "companyValuation" : {
    "marketCapital" : "695.66",
    "peRatio" : "8.83",
    "bookValue" : "26.31",
    "dividend" : "15.00",
    "marketLot" : "1",
    "industryPeRatio" : "8.00",
    "eps" : "2.47",
    "pcRatio" : "6.81",
    "bookPrice" : "0.83",
    "dividendYield" : "0.69",
    "faceValue" : "1.00",
    "deliverables" : "61.26"
  }
}