{
  "url" : "https://www.moneycontrol.com/india/stockpricequote/cement-major/dalmiabharat/OCL",
  "companyName" : "Dalmia Bharat Ltd.",
  "breadCrumb" : "Moneycontrol / Market / Share/Stock Price / Cement - Major",
  "bseNseNames" : "BSE: 542216 | NSE: DALBHARAT |",
  "seriesLink" : "EQ",
  "isinLink" : "INE00R701025",
  "sectorLink" : "Moneycontrol / Market / Share/Stock Price / Cement - Major",
  "sectorTitle" : "CEMENT - MAJOR",
  "bseData" : {
    "bsePrice" : "462.10",
    "bseVolume" : "3,609",
    "bsePrevClose" : "463.60",
    "bseOpenPrice" : "",
    "bseTodaysLow" : "458.90",
    "bseTodaysHigh" : "500.00",
    "bse52WeekLow" : "406.00",
    "bse52WeekHigh" : "1219.90",
    "bseLowerPriceBand" : "417.25",
    "bseUpperPriceBand" : "509.95"
  },
  "nseData" : {
    "nsePrice" : "462.95",
    "nseVolume" : "69,189",
    "nsePrevClose" : "",
    "nseOpenPrice" : "",
    "nseTodaysLow" : "455.15",
    "nseTodaysHigh" : "503.00",
    "nse52WeekLow" : "402.70",
    "nse52WeekHigh" : "1219.90",
    "nseLowerPriceBand" : "417.50",
    "nseUpperPriceBand" : "510.20"
  },
  "companyValuation" : {
    "marketCapital" : "8,916.61",
    "peRatio" : "86.69",
    "bookValue" : "392.81",
    "dividend" : "100.00",
    "marketLot" : "1",
    "industryPeRatio" : "28.37",
    "eps" : "5.34",
    "pcRatio" : "83.41",
    "bookPrice" : "1.18",
    "dividendYield" : "0.43",
    "faceValue" : "2.00",
    "deliverables" : "86.31"
  }
}