{
  "url" : "https://www.moneycontrol.com/india/stockpricequote/sugar/dalmiabharatsugarindustries/DCB",
  "companyName" : "Dalmia Bharat Sugar and Industries Ltd.",
  "breadCrumb" : "Moneycontrol / Market / Share/Stock Price / Sugar",
  "bseNseNames" : "BSE: 500097 | NSE: DALMIASUG |",
  "seriesLink" : "EQ",
  "isinLink" : "INE495A01022",
  "sectorLink" : "Moneycontrol / Market / Share/Stock Price / Sugar",
  "sectorTitle" : "SUGAR",
  "bseData" : {
    "bsePrice" : "59.30",
    "bseVolume" : "17,691",
    "bsePrevClose" : "56.50",
    "bseOpenPrice" : "",
    "bseTodaysLow" : "59.30",
    "bseTodaysHigh" : "59.30",
    "bse52WeekLow" : "40.30",
    "bse52WeekHigh" : "134.25",
    "bseLowerPriceBand" : "53.70",
    "bseUpperPriceBand" : "59.30"
  },
  "nseData" : {
    "nsePrice" : "58.60",
    "nseVolume" : "7,827",
    "nsePrevClose" : "",
    "nseOpenPrice" : "",
    "nseTodaysLow" : "58.60",
    "nseTodaysHigh" : "58.60",
    "nse52WeekLow" : "39.75",
    "nse52WeekHigh" : "134.50",
    "nseLowerPriceBand" : "53.10",
    "nseUpperPriceBand" : "58.60"
  },
  "companyValuation" : {
    "marketCapital" : "479.97",
    "peRatio" : "2.6",
    "bookValue" : "191.47",
    "dividend" : "80.00",
    "marketLot" : "1",
    "industryPeRatio" : "5.24",
    "eps" : "22.5",
    "pcRatio" : "2.03",
    "bookPrice" : "0.31",
    "dividendYield" : "2.70",
    "faceValue" : "2.00",
    "deliverables" : "100.00"
  }
}