{
  "url" : "https://www.moneycontrol.com/india/stockpricequote/textiles-spinning-synthetic-blended/damodarindustries/DT",
  "companyName" : "Damodar Industries Ltd.",
  "breadCrumb" : "Moneycontrol / Market / Share/Stock Price / Textiles - Spinning - Synthetic Blended",
  "bseNseNames" : "BSE: 521220 | NSE: DAMODARIND |",
  "seriesLink" : "EQ",
  "isinLink" : "INE497D01022",
  "sectorLink" : "Moneycontrol / Market / Share/Stock Price / Textiles - Spinning - Synthetic Blended",
  "sectorTitle" : "TEXTILES - SPINNING - SYNTHETIC BLENDED",
  "bseData" : {
    "bsePrice" : "18.25",
    "bseVolume" : "381",
    "bsePrevClose" : "17.35",
    "bseOpenPrice" : "",
    "bseTodaysLow" : "18.25",
    "bseTodaysHigh" : "18.25",
    "bse52WeekLow" : "13.65",
    "bse52WeekHigh" : "48.00",
    "bseLowerPriceBand" : "13.90",
    "bseUpperPriceBand" : "20.80"
  },
  "nseData" : {
    "nsePrice" : "18.60",
    "nseVolume" : "2,640",
    "nsePrevClose" : "",
    "nseOpenPrice" : "",
    "nseTodaysLow" : "17.50",
    "nseTodaysHigh" : "19.05",
    "nse52WeekLow" : "15.00",
    "nse52WeekHigh" : "43.90",
    "nseLowerPriceBand" : "14.15",
    "nseUpperPriceBand" : "21.15"
  },
  "companyValuation" : {
    "marketCapital" : "40.61",
    "peRatio" : "-",
    "bookValue" : "49.49",
    "dividend" : "15.00",
    "marketLot" : "1",
    "industryPeRatio" : "4.53",
    "eps" : "-",
    "pcRatio" : "4.4",
    "bookPrice" : "0.37",
    "dividendYield" : "4.11",
    "faceValue" : "5.00",
    "deliverables" : "87.82"
  }
}