{
  "url" : "https://www.moneycontrol.com/india/stockpricequote/mediaentertainment/dbcorp/C13",
  "companyName" : "DB Corp Ltd.",
  "breadCrumb" : "Moneycontrol / Market / Share/Stock Price / Media & Entertainment",
  "bseNseNames" : "BSE: 533151 | NSE: DBCORP |",
  "seriesLink" : "EQ",
  "isinLink" : "INE950I01011",
  "sectorLink" : "Moneycontrol / Market / Share/Stock Price / Media & Entertainment",
  "sectorTitle" : "MEDIA & ENTERTAINMENT",
  "bseData" : {
    "bsePrice" : "80.00",
    "bseVolume" : "10,314",
    "bsePrevClose" : "87.05",
    "bseOpenPrice" : "",
    "bseTodaysLow" : "72.00",
    "bseTodaysHigh" : "93.70",
    "bse52WeekLow" : "72.00",
    "bse52WeekHigh" : "204.95",
    "bseLowerPriceBand" : "69.65",
    "bseUpperPriceBand" : "104.45"
  },
  "nseData" : {
    "nsePrice" : "78.95",
    "nseVolume" : "239,653",
    "nsePrevClose" : "",
    "nseOpenPrice" : "",
    "nseTodaysLow" : "69.75",
    "nseTodaysHigh" : "104.55",
    "nse52WeekLow" : "69.75",
    "nse52WeekHigh" : "202.40",
    "nseLowerPriceBand" : "69.75",
    "nseUpperPriceBand" : "104.55"
  },
  "companyValuation" : {
    "marketCapital" : "1,399.64",
    "peRatio" : "4.52",
    "bookValue" : "104.71",
    "dividend" : "100.00",
    "marketLot" : "1",
    "industryPeRatio" : "7.36",
    "eps" : "17.45",
    "pcRatio" : "3.42",
    "bookPrice" : "0.76",
    "dividendYield" : "12.50",
    "faceValue" : "10.00",
    "deliverables" : "56.51"
  }
}