{
  "url" : "https://www.moneycontrol.com/india/stockpricequote/constructioncontracting-real-estate/dbrealty/DR",
  "companyName" : "DB Realty Ltd.",
  "breadCrumb" : "Moneycontrol / Market / Share/Stock Price / Construction & Contracting - Real Estate",
  "bseNseNames" : "BSE: 533160 | NSE: DBREALTY |",
  "seriesLink" : "EQ",
  "isinLink" : "INE879I01012",
  "sectorLink" : "Moneycontrol / Market / Share/Stock Price / Construction & Contracting - Real Estate",
  "sectorTitle" : "CONSTRUCTION & CONTRACTING - REAL ESTATE",
  "bseData" : {
    "bsePrice" : "4.29",
    "bseVolume" : "21,910",
    "bsePrevClose" : "4.48",
    "bseOpenPrice" : "",
    "bseTodaysLow" : "4.26",
    "bseTodaysHigh" : "4.70",
    "bse52WeekLow" : "4.26",
    "bse52WeekHigh" : "21.40",
    "bseLowerPriceBand" : "4.26",
    "bseUpperPriceBand" : "4.70"
  },
  "nseData" : {
    "nsePrice" : "4.25",
    "nseVolume" : "335,675",
    "nsePrevClose" : "",
    "nseOpenPrice" : "",
    "nseTodaysLow" : "4.25",
    "nseTodaysHigh" : "4.60",
    "nse52WeekLow" : "4.25",
    "nse52WeekHigh" : "19.35",
    "nseLowerPriceBand" : "4.25",
    "nseUpperPriceBand" : "4.65"
  },
  "companyValuation" : {
    "marketCapital" : "104.36",
    "peRatio" : "-",
    "bookValue" : "113.86",
    "dividend" : "0.00",
    "marketLot" : "1",
    "industryPeRatio" : "13.75",
    "eps" : "-",
    "pcRatio" : "-",
    "bookPrice" : "0.04",
    "dividendYield" : "-",
    "faceValue" : "10.00",
    "deliverables" : "77.83"
  }
}