{
  "url" : "https://www.moneycontrol.com/india/stockpricequote/finance-general/dbinternationalstockbrokers/DBI",
  "companyName" : "DB (International) Stock Brokers Ltd.",
  "breadCrumb" : "Moneycontrol / Market / Share/Stock Price / Finance - General",
  "bseNseNames" : "BSE: 530393 | NSE: DBSTOCKBRO |",
  "seriesLink" : "EQ",
  "isinLink" : "INE921B01025",
  "sectorLink" : "Moneycontrol / Market / Share/Stock Price / Finance - General",
  "sectorTitle" : "FINANCE - GENERAL",
  "bseData" : {
    "bsePrice" : "9.89",
    "bseVolume" : "1",
    "bsePrevClose" : "9.89",
    "bseOpenPrice" : "",
    "bseTodaysLow" : "9.89",
    "bseTodaysHigh" : "9.89",
    "bse52WeekLow" : "8.36",
    "bse52WeekHigh" : "12.74",
    "bseLowerPriceBand" : "9.40",
    "bseUpperPriceBand" : "10.38"
  },
  "nseData" : {
    "nsePrice" : "7.00",
    "nseVolume" : "759",
    "nsePrevClose" : "",
    "nseOpenPrice" : "",
    "nseTodaysLow" : "7.00",
    "nseTodaysHigh" : "7.00",
    "nse52WeekLow" : "6.65",
    "nse52WeekHigh" : "12.60",
    "nseLowerPriceBand" : "6.65",
    "nseUpperPriceBand" : "7.35"
  },
  "companyValuation" : {
    "marketCapital" : "34.61",
    "peRatio" : "-",
    "bookValue" : "11.09",
    "dividend" : "0.00",
    "marketLot" : "1",
    "industryPeRatio" : "23.58",
    "eps" : "-",
    "pcRatio" : "-",
    "bookPrice" : "0.89",
    "dividendYield" : "-",
    "faceValue" : "2.00",
    "deliverables" : "100.00"
  }
}