{
  "url" : "https://www.moneycontrol.com/india/stockpricequote/banks-private-sector/dcbbank/DCB01",
  "companyName" : "DCB Bank Ltd.",
  "breadCrumb" : "Moneycontrol / Market / Share/Stock Price / Banks - Private Sector",
  "bseNseNames" : "BSE: 532772 | NSE: DCBBANK |",
  "seriesLink" : "EQ",
  "isinLink" : "INE503A01015",
  "sectorLink" : "Moneycontrol / Market / Share/Stock Price / Banks - Private Sector",
  "sectorTitle" : "BANKS - PRIVATE SECTOR",
  "bseData" : {
    "bsePrice" : "81.75",
    "bseVolume" : "33,386",
    "bsePrevClose" : "82.45",
    "bseOpenPrice" : "",
    "bseTodaysLow" : "80.95",
    "bseTodaysHigh" : "85.35",
    "bse52WeekLow" : "73.25",
    "bse52WeekHigh" : "244.60",
    "bseLowerPriceBand" : "74.25",
    "bseUpperPriceBand" : "90.65"
  },
  "nseData" : {
    "nsePrice" : "81.85",
    "nseVolume" : "767,058",
    "nsePrevClose" : "",
    "nseOpenPrice" : "",
    "nseTodaysLow" : "80.85",
    "nseTodaysHigh" : "85.30",
    "nse52WeekLow" : "73.50",
    "nse52WeekHigh" : "244.65",
    "nseLowerPriceBand" : "74.10",
    "nseUpperPriceBand" : "90.50"
  },
  "companyValuation" : {
    "marketCapital" : "2,537.65",
    "peRatio" : "6.95",
    "bookValue" : "92.49",
    "dividend" : "10.00",
    "marketLot" : "1",
    "industryPeRatio" : "25.53",
    "eps" : "11.77",
    "pcRatio" : "6.2",
    "bookPrice" : "0.88",
    "dividendYield" : "1.22",
    "faceValue" : "10.00",
    "deliverables" : "56.04"
  }
}