{
  "url" : "https://www.moneycontrol.com/india/stockpricequote/finance-leasinghire-purchase/dcmfinancial/DCM01",
  "companyName" : "DCM Financial Ltd.",
  "breadCrumb" : "Moneycontrol / Market / Share/Stock Price / Finance - Leasing & Hire Purchase",
  "bseNseNames" : "BSE: 511611 | NSE: DCMFINSERV |",
  "seriesLink" : "EQ",
  "isinLink" : "INE891B01012",
  "sectorLink" : "Moneycontrol / Market / Share/Stock Price / Finance - Leasing & Hire Purchase",
  "sectorTitle" : "FINANCE - LEASING & HIRE PURCHASE",
  "bseData" : {
    "bsePrice" : "0.62",
    "bseVolume" : "1,991",
    "bsePrevClose" : "0.60",
    "bseOpenPrice" : "",
    "bseTodaysLow" : "0.62",
    "bseTodaysHigh" : "0.62",
    "bse52WeekLow" : "0.56",
    "bse52WeekHigh" : "0.98",
    "bseLowerPriceBand" : "0.57",
    "bseUpperPriceBand" : "0.63"
  },
  "nseData" : {
    "nsePrice" : "0.45",
    "nseVolume" : "0",
    "nsePrevClose" : "",
    "nseOpenPrice" : "",
    "nseTodaysLow" : "0.00",
    "nseTodaysHigh" : "0.00",
    "nse52WeekLow" : "3.10",
    "nse52WeekHigh" : "7.00",
    "nseLowerPriceBand" : "0.40",
    "nseUpperPriceBand" : "0.50"
  },
  "companyValuation" : {
    "marketCapital" : "1.37",
    "peRatio" : "-",
    "bookValue" : "-19.52",
    "dividend" : "0.00",
    "marketLot" : "1",
    "industryPeRatio" : "23.58",
    "eps" : "-",
    "pcRatio" : "-",
    "bookPrice" : "-",
    "dividendYield" : "-",
    "faceValue" : "10.00",
    "deliverables" : "100.00"
  }
}