{
  "url" : "https://www.moneycontrol.com/india/stockpricequote/constructioncontracting-real-estate/dlf/D04",
  "companyName" : "DLF Ltd.",
  "breadCrumb" : "Moneycontrol / Market / Share/Stock Price / Construction & Contracting - Real Estate",
  "bseNseNames" : "BSE: 532868 | NSE: DLF |",
  "seriesLink" : "EQ",
  "isinLink" : "INE271C01023",
  "sectorLink" : "Moneycontrol / Market / Share/Stock Price / Construction & Contracting - Real Estate",
  "sectorTitle" : "CONSTRUCTION & CONTRACTING - REAL ESTATE",
  "bseData" : {
    "bsePrice" : "137.60",
    "bseVolume" : "463,362",
    "bsePrevClose" : "141.45",
    "bseOpenPrice" : "",
    "bseTodaysLow" : "135.90",
    "bseTodaysHigh" : "146.80",
    "bse52WeekLow" : "114.50",
    "bse52WeekHigh" : "266.65",
    "bseLowerPriceBand" : "127.35",
    "bseUpperPriceBand" : "155.55"
  },
  "nseData" : {
    "nsePrice" : "138.00",
    "nseVolume" : "7,944,486",
    "nsePrevClose" : "",
    "nseOpenPrice" : "",
    "nseTodaysLow" : "136.85",
    "nseTodaysHigh" : "146.80",
    "nse52WeekLow" : "114.55",
    "nse52WeekHigh" : "266.55",
    "nseLowerPriceBand" : "127.40",
    "nseUpperPriceBand" : "155.70"
  },
  "companyValuation" : {
    "marketCapital" : "34,060.29",
    "peRatio" : "9.5",
    "bookValue" : "93.46",
    "dividend" : "100.00",
    "marketLot" : "1",
    "industryPeRatio" : "13.75",
    "eps" : "14.52",
    "pcRatio" : "9.18",
    "bookPrice" : "1.47",
    "dividendYield" : "1.45",
    "faceValue" : "2.00",
    "deliverables" : "17.68"
  }
}