{
  "url" : "https://www.moneycontrol.com/india/stockpricequote/computers-hardware/d-linkindia/DLI01",
  "companyName" : "D-Link India Ltd.",
  "breadCrumb" : "Moneycontrol / Market / Share/Stock Price / Computers - Hardware",
  "bseNseNames" : "BSE: 533146 | NSE: DLINKINDIA |",
  "seriesLink" : "EQ",
  "isinLink" : "INE250K01012",
  "sectorLink" : "Moneycontrol / Market / Share/Stock Price / Computers - Hardware",
  "sectorTitle" : "COMPUTERS - HARDWARE",
  "bseData" : {
    "bsePrice" : "65.10",
    "bseVolume" : "10,943",
    "bsePrevClose" : "63.00",
    "bseOpenPrice" : "",
    "bseTodaysLow" : "63.70",
    "bseTodaysHigh" : "68.95",
    "bse52WeekLow" : "51.00",
    "bse52WeekHigh" : "124.80",
    "bseLowerPriceBand" : "56.70",
    "bseUpperPriceBand" : "69.30"
  },
  "nseData" : {
    "nsePrice" : "64.70",
    "nseVolume" : "95,868",
    "nsePrevClose" : "",
    "nseOpenPrice" : "",
    "nseTodaysLow" : "63.90",
    "nseTodaysHigh" : "67.90",
    "nse52WeekLow" : "49.10",
    "nse52WeekHigh" : "125.00",
    "nseLowerPriceBand" : "56.50",
    "nseUpperPriceBand" : "69.00"
  },
  "companyValuation" : {
    "marketCapital" : "231.14",
    "peRatio" : "7.11",
    "bookValue" : "56.13",
    "dividend" : "50.00",
    "marketLot" : "1",
    "industryPeRatio" : "17.66",
    "eps" : "9.1",
    "pcRatio" : "6.9",
    "bookPrice" : "1.16",
    "dividendYield" : "1.54",
    "faceValue" : "2.00",
    "deliverables" : "58.18"
  }
}