{
  "url" : "https://www.moneycontrol.com/india/stockpricequote/retail/avenuesupermarts/AS19",
  "companyName" : "Avenue Supermarts Ltd.",
  "breadCrumb" : "Moneycontrol / Market / Share/Stock Price / Retail",
  "bseNseNames" : "BSE: 540376 | NSE: DMART |",
  "seriesLink" : "BE",
  "isinLink" : "INE192R01011",
  "sectorLink" : "Moneycontrol / Market / Share/Stock Price / Retail",
  "sectorTitle" : "RETAIL",
  "bseData" : {
    "bsePrice" : "2301.00",
    "bseVolume" : "49,358",
    "bsePrevClose" : "2191.45",
    "bseOpenPrice" : "",
    "bseTodaysLow" : "2201.00",
    "bseTodaysHigh" : "2301.00",
    "bse52WeekLow" : "1225.95",
    "bse52WeekHigh" : "2559.00",
    "bseLowerPriceBand" : "2081.90",
    "bseUpperPriceBand" : "2301.00"
  },
  "nseData" : {
    "nsePrice" : "2278.75",
    "nseVolume" : "153,350",
    "nsePrevClose" : "",
    "nseOpenPrice" : "",
    "nseTodaysLow" : "2201.05",
    "nseTodaysHigh" : "2278.75",
    "nse52WeekLow" : "1226.00",
    "nse52WeekHigh" : "2560.00",
    "nseLowerPriceBand" : "2061.75",
    "nseUpperPriceBand" : "2278.75"
  },
  "companyValuation" : {
    "marketCapital" : "149,052.96",
    "peRatio" : "116.62",
    "bookValue" : "86.73",
    "dividend" : "0.00",
    "marketLot" : "1",
    "industryPeRatio" : "82.71",
    "eps" : "19.54",
    "pcRatio" : "100.79",
    "bookPrice" : "26.53",
    "dividendYield" : "-",
    "faceValue" : "10.00",
    "deliverables" : "55.06"
  }
}