{
  "url" : "https://www.moneycontrol.com/india/stockpricequote/mediaentertainment/diligentmediacorporationltd/DMC05",
  "companyName" : "Diligent Media Corporation Ltd.",
  "breadCrumb" : "Moneycontrol / Market / Share/Stock Price / Media & Entertainment",
  "bseNseNames" : "BSE: 540789 | NSE: DNAMEDIA |",
  "seriesLink" : "EQ",
  "isinLink" : "INE016M01021",
  "sectorLink" : "Moneycontrol / Market / Share/Stock Price / Media & Entertainment",
  "sectorTitle" : "Media & Entertainment",
  "bseData" : {
    "bsePrice" : "0.31",
    "bseVolume" : "7,625",
    "bsePrevClose" : "0.32",
    "bseOpenPrice" : "",
    "bseTodaysLow" : "0.31",
    "bseTodaysHigh" : "0.32",
    "bse52WeekLow" : "0.30",
    "bse52WeekHigh" : "1.47",
    "bseLowerPriceBand" : "0.31",
    "bseUpperPriceBand" : "0.33"
  },
  "nseData" : {
    "nsePrice" : "0.35",
    "nseVolume" : "42,170",
    "nsePrevClose" : "",
    "nseOpenPrice" : "",
    "nseTodaysLow" : "0.30",
    "nseTodaysHigh" : "0.35",
    "nse52WeekLow" : "0.20",
    "nse52WeekHigh" : "1.10",
    "nseLowerPriceBand" : "0.30",
    "nseUpperPriceBand" : "0.40"
  },
  "companyValuation" : {
    "marketCapital" : "3.65",
    "peRatio" : "-",
    "bookValue" : "-39.84",
    "dividend" : "0.00",
    "marketLot" : "1",
    "industryPeRatio" : "10.82",
    "eps" : "-",
    "pcRatio" : "-",
    "bookPrice" : "-",
    "dividendYield" : "-",
    "faceValue" : "1.00",
    "deliverables" : "DELIVERY AVERAGES (%)\n3-Day\n90.36\n5-Day\n90.19\n8-Day\n90.70\n88.95"
  }
}