{
  "url" : "https://www.moneycontrol.com/india/stockpricequote/finance-investments/dolatinvestments/DI11",
  "companyName" : "Dolat Investments Ltd.",
  "breadCrumb" : "Moneycontrol / Market / Share/Stock Price / Finance - Investments",
  "bseNseNames" : "BSE: 505526 | NSE: DOLAT |",
  "seriesLink" : "EQ",
  "isinLink" : "INE966A01022",
  "sectorLink" : "Moneycontrol / Market / Share/Stock Price / Finance - Investments",
  "sectorTitle" : "FINANCE - INVESTMENTS",
  "bseData" : {
    "bsePrice" : "37.50",
    "bseVolume" : "8,728",
    "bsePrevClose" : "38.10",
    "bseOpenPrice" : "",
    "bseTodaysLow" : "36.00",
    "bseTodaysHigh" : "39.95",
    "bse52WeekLow" : "27.45",
    "bse52WeekHigh" : "84.00",
    "bseLowerPriceBand" : "34.30",
    "bseUpperPriceBand" : "41.90"
  },
  "nseData" : {
    "nsePrice" : "36.30",
    "nseVolume" : "64,803",
    "nsePrevClose" : "",
    "nseOpenPrice" : "",
    "nseTodaysLow" : "35.20",
    "nseTodaysHigh" : "39.45",
    "nse52WeekLow" : "0.00",
    "nse52WeekHigh" : "83.80",
    "nseLowerPriceBand" : "34.45",
    "nseUpperPriceBand" : "42.05"
  },
  "companyValuation" : {
    "marketCapital" : "660.00",
    "peRatio" : "9.97",
    "bookValue" : "8.56",
    "dividend" : "10.00",
    "marketLot" : "1",
    "industryPeRatio" : "23.58",
    "eps" : "3.64",
    "pcRatio" : "9.97",
    "bookPrice" : "4.38",
    "dividendYield" : "0.27",
    "faceValue" : "1.00",
    "deliverables" : "82.05"
  }
}