{
  "url" : "https://www.moneycontrol.com/india/stockpricequote/textiles-readymade-apparels/dollarindustries/DI29",
  "companyName" : "Dollar Industries Ltd.",
  "breadCrumb" : "Moneycontrol / Market / Share/Stock Price / Textiles - Readymade Apparels",
  "bseNseNames" : "BSE: 541403 | NSE: DOLLAR |",
  "seriesLink" : "EQ",
  "isinLink" : "INE325C01035",
  "sectorLink" : "Moneycontrol / Market / Share/Stock Price / Textiles - Readymade Apparels",
  "sectorTitle" : "TEXTILES - READYMADE APPARELS",
  "bseData" : {
    "bsePrice" : "115.10",
    "bseVolume" : "5",
    "bsePrevClose" : "117.00",
    "bseOpenPrice" : "",
    "bseTodaysLow" : "115.10",
    "bseTodaysHigh" : "115.10",
    "bse52WeekLow" : "94.00",
    "bse52WeekHigh" : "307.00",
    "bseLowerPriceBand" : "93.60",
    "bseUpperPriceBand" : "140.40"
  },
  "nseData" : {
    "nsePrice" : "114.95",
    "nseVolume" : "12,219",
    "nsePrevClose" : "",
    "nseOpenPrice" : "",
    "nseTodaysLow" : "111.20",
    "nseTodaysHigh" : "121.00",
    "nse52WeekLow" : "96.10",
    "nse52WeekHigh" : "289.15",
    "nseLowerPriceBand" : "94.75",
    "nseUpperPriceBand" : "142.05"
  },
  "companyValuation" : {
    "marketCapital" : "652.80",
    "peRatio" : "9.49",
    "bookValue" : "73.65",
    "dividend" : "85.00",
    "marketLot" : "1",
    "industryPeRatio" : "8.13",
    "eps" : "12.11",
    "pcRatio" : "8.17",
    "bookPrice" : "1.56",
    "dividendYield" : "1.48",
    "faceValue" : "2.00",
    "deliverables" : "55.65"
  }
}