{
  "url" : "https://www.moneycontrol.com/india/stockpricequote/textiles-weaving/donearindustries/DI25",
  "companyName" : "Donear Industries Ltd.",
  "breadCrumb" : "Moneycontrol / Market / Share/Stock Price / Textiles - Weaving",
  "bseNseNames" : "BSE: 512519 | NSE: DONEAR |",
  "seriesLink" : "EQ",
  "isinLink" : "INE668D01028",
  "sectorLink" : "Moneycontrol / Market / Share/Stock Price / Textiles - Weaving",
  "sectorTitle" : "TEXTILES - WEAVING",
  "bseData" : {
    "bsePrice" : "22.65",
    "bseVolume" : "3,609",
    "bsePrevClose" : "22.30",
    "bseOpenPrice" : "",
    "bseTodaysLow" : "21.50",
    "bseTodaysHigh" : "23.55",
    "bse52WeekLow" : "18.30",
    "bse52WeekHigh" : "46.90",
    "bseLowerPriceBand" : "17.85",
    "bseUpperPriceBand" : "26.75"
  },
  "nseData" : {
    "nsePrice" : "22.55",
    "nseVolume" : "18,026",
    "nsePrevClose" : "",
    "nseOpenPrice" : "",
    "nseTodaysLow" : "22.15",
    "nseTodaysHigh" : "23.00",
    "nse52WeekLow" : "18.25",
    "nse52WeekHigh" : "43.60",
    "nseLowerPriceBand" : "17.80",
    "nseUpperPriceBand" : "26.70"
  },
  "companyValuation" : {
    "marketCapital" : "117.78",
    "peRatio" : "9.47",
    "bookValue" : "21.45",
    "dividend" : "10.00",
    "marketLot" : "1",
    "industryPeRatio" : "1.04",
    "eps" : "2.38",
    "pcRatio" : "5.34",
    "bookPrice" : "1.06",
    "dividendYield" : "0.88",
    "faceValue" : "2.00",
    "deliverables" : "43.84"
  }
}