{
  "url" : "https://www.moneycontrol.com/india/stockpricequote/mediaentertainment/dqentertainmentinternational/DEI01",
  "companyName" : "DQ Entertainment International Ltd.",
  "breadCrumb" : "Moneycontrol / Market / Share/Stock Price / Media & Entertainment",
  "bseNseNames" : "BSE: 533176 | NSE: DQE |",
  "seriesLink" : "BE",
  "isinLink" : "INE656K01010",
  "sectorLink" : "Moneycontrol / Market / Share/Stock Price / Media & Entertainment",
  "sectorTitle" : "MEDIA & ENTERTAINMENT",
  "bseData" : {
    "bsePrice" : "1.10",
    "bseVolume" : "12,313",
    "bsePrevClose" : "1.08",
    "bseOpenPrice" : "",
    "bseTodaysLow" : "1.10",
    "bseTodaysHigh" : "1.13",
    "bse52WeekLow" : "0.65",
    "bse52WeekHigh" : "10.18",
    "bseLowerPriceBand" : "1.03",
    "bseUpperPriceBand" : "1.13"
  },
  "nseData" : {
    "nsePrice" : "1.10",
    "nseVolume" : "60,906",
    "nsePrevClose" : "",
    "nseOpenPrice" : "",
    "nseTodaysLow" : "1.00",
    "nseTodaysHigh" : "1.10",
    "nse52WeekLow" : "0.60",
    "nse52WeekHigh" : "10.20",
    "nseLowerPriceBand" : "1.00",
    "nseUpperPriceBand" : "1.10"
  },
  "companyValuation" : {
    "marketCapital" : "8.72",
    "peRatio" : "-",
    "bookValue" : "27.38",
    "dividend" : "0.00",
    "marketLot" : "1",
    "industryPeRatio" : "10.82",
    "eps" : "-",
    "pcRatio" : "-",
    "bookPrice" : "0.04",
    "dividendYield" : "-",
    "faceValue" : "10.00",
    "deliverables" : "89.39"
  }
}