{
  "url" : "https://www.moneycontrol.com/india/stockpricequote/miscellaneous/dredgingcorporationindia/DCI",
  "companyName" : "Dredging Corporation India Ltd.",
  "breadCrumb" : "Moneycontrol / Market / Share/Stock Price / Miscellaneous",
  "bseNseNames" : "BSE: 523618 | NSE: DREDGECORP |",
  "seriesLink" : "EQ",
  "isinLink" : "INE506A01018",
  "sectorLink" : "Moneycontrol / Market / Share/Stock Price / Miscellaneous",
  "sectorTitle" : "MISCELLANEOUS",
  "bseData" : {
    "bsePrice" : "164.80",
    "bseVolume" : "10,209",
    "bsePrevClose" : "162.70",
    "bseOpenPrice" : "",
    "bseTodaysLow" : "163.55",
    "bseTodaysHigh" : "174.60",
    "bse52WeekLow" : "121.80",
    "bse52WeekHigh" : "444.45",
    "bseLowerPriceBand" : "146.45",
    "bseUpperPriceBand" : "178.95"
  },
  "nseData" : {
    "nsePrice" : "166.70",
    "nseVolume" : "79,451",
    "nsePrevClose" : "",
    "nseOpenPrice" : "",
    "nseTodaysLow" : "163.30",
    "nseTodaysHigh" : "175.00",
    "nse52WeekLow" : "121.00",
    "nse52WeekHigh" : "444.20",
    "nseLowerPriceBand" : "147.00",
    "nseUpperPriceBand" : "179.60"
  },
  "companyValuation" : {
    "marketCapital" : "461.44",
    "peRatio" : "3.86",
    "bookValue" : "564.79",
    "dividend" : "30.00",
    "marketLot" : "1",
    "industryPeRatio" : "26.09",
    "eps" : "43.21",
    "pcRatio" : "2",
    "bookPrice" : "0.29",
    "dividendYield" : "1.82",
    "faceValue" : "10.00",
    "deliverables" : "47.23"
  }
}