{
  "url" : "https://www.moneycontrol.com/india/stockpricequote/textiles-syntheticsilk/easternsilkindustries/ESI06",
  "companyName" : "Eastern Silk Industries Ltd.",
  "breadCrumb" : "Moneycontrol / Market / Share/Stock Price / Textiles - Synthetic & Silk",
  "bseNseNames" : "BSE: 590022 | NSE: EASTSILK |",
  "seriesLink" : "EQ",
  "isinLink" : "INE962C01027",
  "sectorLink" : "Moneycontrol / Market / Share/Stock Price / Textiles - Synthetic & Silk",
  "sectorTitle" : "TEXTILES - SYNTHETIC & SILK",
  "bseData" : {
    "bsePrice" : "0.65",
    "bseVolume" : "1,500",
    "bsePrevClose" : "0.67",
    "bseOpenPrice" : "",
    "bseTodaysLow" : "0.65",
    "bseTodaysHigh" : "0.70",
    "bse52WeekLow" : "0.48",
    "bse52WeekHigh" : "2.38",
    "bseLowerPriceBand" : "0.64",
    "bseUpperPriceBand" : "0.70"
  },
  "nseData" : {
    "nsePrice" : "0.70",
    "nseVolume" : "14,095",
    "nsePrevClose" : "",
    "nseOpenPrice" : "",
    "nseTodaysLow" : "0.60",
    "nseTodaysHigh" : "0.70",
    "nse52WeekLow" : "0.45",
    "nse52WeekHigh" : "2.25",
    "nseLowerPriceBand" : "0.60",
    "nseUpperPriceBand" : "0.70"
  },
  "companyValuation" : {
    "marketCapital" : "5.13",
    "peRatio" : "-",
    "bookValue" : "-3.02",
    "dividend" : "0.00",
    "marketLot" : "1",
    "industryPeRatio" : "3.11",
    "eps" : "-",
    "pcRatio" : "1",
    "bookPrice" : "-",
    "dividendYield" : "-",
    "faceValue" : "2.00",
    "deliverables" : "100.00"
  }
}