{
  "url" : "https://www.moneycontrol.com/india/stockpricequote/electric-equipment/easunreyrolle/ER",
  "companyName" : "Easun Reyrolle Ltd.",
  "breadCrumb" : "Moneycontrol / Market / Share/Stock Price / Electric Equipment",
  "bseNseNames" : "BSE: 532751 | NSE: EASUNREYRL | SERIES: BZ | ISIN: INE268C01029 | SECTOR: ELECTRIC EQUIPMENTELECTRIC EQUIPMENT",
  "seriesLink" : "BZ",
  "isinLink" : "INE268C01029",
  "sectorLink" : "Moneycontrol / Market / Share/Stock Price / Electric Equipment",
  "sectorTitle" : "ELECTRIC EQUIPMENT",
  "bseData" : {
    "bsePrice" : "1.72",
    "bseVolume" : "25",
    "bsePrevClose" : "1.64",
    "bseOpenPrice" : "",
    "bseTodaysLow" : "1.72",
    "bseTodaysHigh" : "1.72",
    "bse52WeekLow" : "1.57",
    "bse52WeekHigh" : "9.50",
    "bseLowerPriceBand" : "1.56",
    "bseUpperPriceBand" : "1.72"
  },
  "nseData" : {
    "nsePrice" : "1.75",
    "nseVolume" : "1,275",
    "nsePrevClose" : "",
    "nseOpenPrice" : "",
    "nseTodaysLow" : "1.75",
    "nseTodaysHigh" : "1.80",
    "nse52WeekLow" : "1.55",
    "nse52WeekHigh" : "9.35",
    "nseLowerPriceBand" : "1.70",
    "nseUpperPriceBand" : "1.80"
  },
  "companyValuation" : {
    "marketCapital" : "5.30",
    "peRatio" : "-",
    "bookValue" : "53.49",
    "dividend" : "0.00",
    "marketLot" : "1",
    "industryPeRatio" : "37.87",
    "eps" : "-",
    "pcRatio" : "-",
    "bookPrice" : "0.03",
    "dividendYield" : "-",
    "faceValue" : "2.00",
    "deliverables" : "85.56"
  }
}