{
  "url" : "https://www.moneycontrol.com/india/stockpricequote/miscellaneous/bharatbondetf-april2030/EBBET16253",
  "companyName" : "Bharat Bond ETF - April 2030",
  "breadCrumb" : "Moneycontrol / Market / Share/Stock Price / Miscellaneous",
  "bseNseNames" : "BSE: 542909 | NSE: EBBETF0430 |",
  "seriesLink" : "EQ",
  "isinLink" : "INF754K01KO2",
  "sectorLink" : "Moneycontrol / Market / Share/Stock Price / Miscellaneous",
  "sectorTitle" : "MISCELLANEOUS",
  "bseData" : {
    "bsePrice" : "1040.00",
    "bseVolume" : "1,340",
    "bsePrevClose" : "1040.30",
    "bseOpenPrice" : "",
    "bseTodaysLow" : "1040.00",
    "bseTodaysHigh" : "1040.00",
    "bse52WeekLow" : "0.00",
    "bse52WeekHigh" : "1048.60",
    "bseLowerPriceBand" : "827.57",
    "bseUpperPriceBand" : "1241.36"
  },
  "nseData" : {
    "nsePrice" : "1034.13",
    "nseVolume" : "11,974",
    "nsePrevClose" : "",
    "nseOpenPrice" : "",
    "nseTodaysLow" : "1033.00",
    "nseTodaysHigh" : "1040.00",
    "nse52WeekLow" : "0.00",
    "nse52WeekHigh" : "1075.00",
    "nseLowerPriceBand" : "827.58",
    "nseUpperPriceBand" : "1241.36"
  },
  "companyValuation" : {
    "marketCapital" : "0.00",
    "peRatio" : "-",
    "bookValue" : "0",
    "dividend" : "0",
    "marketLot" : "0",
    "industryPeRatio" : "0",
    "eps" : "-",
    "pcRatio" : "-",
    "bookPrice" : "-",
    "dividendYield" : "-",
    "faceValue" : "0",
    "deliverables" : "96.50"
  }
}