{
  "url" : "https://www.moneycontrol.com/india/stockpricequote/finance-investments/ebixcashworldmoneyindia/WF02",
  "companyName" : "EBIXCASH WORLD MONEY INDIA Ltd.",
  "breadCrumb" : "Moneycontrol / Market / Share/Stock Price / Finance - Investments",
  "bseNseNames" : "BSE: 533452 | NSE: EBIXFOREX | SERIES: BZ | ISIN: INE726L01019 | SECTOR: FINANCE - INVESTMENTSFINANCE - INVESTMENTS",
  "seriesLink" : "BZ",
  "isinLink" : "INE726L01019",
  "sectorLink" : "Moneycontrol / Market / Share/Stock Price / Finance - Investments",
  "sectorTitle" : "FINANCE - INVESTMENTS",
  "bseData" : {
    "bsePrice" : "432.00",
    "bseVolume" : "673",
    "bsePrevClose" : "412.20",
    "bseOpenPrice" : "",
    "bseTodaysLow" : "401.00",
    "bseTodaysHigh" : "432.80",
    "bse52WeekLow" : "240.25",
    "bse52WeekHigh" : "529.95",
    "bseLowerPriceBand" : "391.60",
    "bseUpperPriceBand" : "432.80"
  },
  "nseData" : {
    "nsePrice" : "431.95",
    "nseVolume" : "871",
    "nsePrevClose" : "",
    "nseOpenPrice" : "",
    "nseTodaysLow" : "405.05",
    "nseTodaysHigh" : "444.00",
    "nse52WeekLow" : "240.00",
    "nse52WeekHigh" : "540.00",
    "nseLowerPriceBand" : "404.15",
    "nseUpperPriceBand" : "446.65"
  },
  "companyValuation" : {
    "marketCapital" : "480.72",
    "peRatio" : "-",
    "bookValue" : "94.08",
    "dividend" : "0.00",
    "marketLot" : "1",
    "industryPeRatio" : "23.58",
    "eps" : "-",
    "pcRatio" : "-",
    "bookPrice" : "4.59",
    "dividendYield" : "-",
    "faceValue" : "10.00",
    "deliverables" : "65.85"
  }
}