{
  "url" : "https://www.moneycontrol.com/india/stockpricequote/computers-software-mediumsmall/eclerxservices/eS06",
  "companyName" : "eClerx Services Ltd.",
  "breadCrumb" : "Moneycontrol / Market / Share/Stock Price / Computers - Software Medium & Small",
  "bseNseNames" : "BSE: 532927 | NSE: ECLERX |",
  "seriesLink" : "EQ",
  "isinLink" : "INE738I01010",
  "sectorLink" : "Moneycontrol / Market / Share/Stock Price / Computers - Software Medium & Small",
  "sectorTitle" : "COMPUTERS - SOFTWARE MEDIUM & SMALL",
  "bseData" : {
    "bsePrice" : "362.85",
    "bseVolume" : "1,458",
    "bsePrevClose" : "370.60",
    "bseOpenPrice" : "",
    "bseTodaysLow" : "360.00",
    "bseTodaysHigh" : "376.25",
    "bse52WeekLow" : "323.15",
    "bse52WeekHigh" : "1179.00",
    "bseLowerPriceBand" : "296.50",
    "bseUpperPriceBand" : "444.70"
  },
  "nseData" : {
    "nsePrice" : "360.65",
    "nseVolume" : "24,722",
    "nsePrevClose" : "",
    "nseOpenPrice" : "",
    "nseTodaysLow" : "360.00",
    "nseTodaysHigh" : "376.00",
    "nse52WeekLow" : "320.00",
    "nse52WeekHigh" : "1154.90",
    "nseLowerPriceBand" : "296.60",
    "nseUpperPriceBand" : "444.90"
  },
  "companyValuation" : {
    "marketCapital" : "1,341.94",
    "peRatio" : "9.79",
    "bookValue" : "352.33",
    "dividend" : "10.00",
    "marketLot" : "1",
    "industryPeRatio" : "7.08",
    "eps" : "36.85",
    "pcRatio" : "8.21",
    "bookPrice" : "1.03",
    "dividendYield" : "0.28",
    "faceValue" : "10.00",
    "deliverables" : "67.75"
  }
}