{
  "url" : "https://www.moneycontrol.com/india/stockpricequote/breweriesdistilleries/empeedistilleries/ED",
  "companyName" : "Empee Distilleries Ltd.",
  "breadCrumb" : "Moneycontrol / Market / Share/Stock Price / Breweries & Distilleries",
  "bseNseNames" : "BSE: 532920 | NSE: EDL | SERIES: BZ | ISIN: INE180G01019 | SECTOR: BREWERIES & DISTILLERIESBREWERIES & DISTILLERIES",
  "seriesLink" : "BZ",
  "isinLink" : "INE180G01019",
  "sectorLink" : "Moneycontrol / Market / Share/Stock Price / Breweries & Distilleries",
  "sectorTitle" : "BREWERIES & DISTILLERIES",
  "bseData" : {
    "bsePrice" : "2.94",
    "bseVolume" : "1,996",
    "bsePrevClose" : "2.80",
    "bseOpenPrice" : "",
    "bseTodaysLow" : "2.94",
    "bseTodaysHigh" : "2.94",
    "bse52WeekLow" : "2.71",
    "bse52WeekHigh" : "8.50",
    "bseLowerPriceBand" : "2.66",
    "bseUpperPriceBand" : "2.94"
  },
  "nseData" : {
    "nsePrice" : "2.70",
    "nseVolume" : "1,516",
    "nsePrevClose" : "",
    "nseOpenPrice" : "",
    "nseTodaysLow" : "2.70",
    "nseTodaysHigh" : "2.75",
    "nse52WeekLow" : "2.45",
    "nse52WeekHigh" : "7.90",
    "nseLowerPriceBand" : "2.55",
    "nseUpperPriceBand" : "2.75"
  },
  "companyValuation" : {
    "marketCapital" : "5.93",
    "peRatio" : "-",
    "bookValue" : "118.40",
    "dividend" : "0.00",
    "marketLot" : "1",
    "industryPeRatio" : "41.21",
    "eps" : "-",
    "pcRatio" : "-",
    "bookPrice" : "0.02",
    "dividendYield" : "-",
    "faceValue" : "10.00",
    "deliverables" : "88.07"
  }
}