{
  "url" : "https://www.moneycontrol.com/india/stockpricequote/sugar/eidparryindia/EID",
  "companyName" : "EID Parry (India) Ltd.",
  "breadCrumb" : "Moneycontrol / Market / Share/Stock Price / Sugar",
  "bseNseNames" : "BSE: 500125 | NSE: EIDPARRY |",
  "seriesLink" : "EQ",
  "isinLink" : "INE126A01031",
  "sectorLink" : "Moneycontrol / Market / Share/Stock Price / Sugar",
  "sectorTitle" : "SUGAR",
  "bseData" : {
    "bsePrice" : "139.25",
    "bseVolume" : "9,098",
    "bsePrevClose" : "138.95",
    "bseOpenPrice" : "",
    "bseTodaysLow" : "137.30",
    "bseTodaysHigh" : "143.35",
    "bse52WeekLow" : "100.00",
    "bse52WeekHigh" : "245.35",
    "bseLowerPriceBand" : "111.20",
    "bseUpperPriceBand" : "166.70"
  },
  "nseData" : {
    "nsePrice" : "139.50",
    "nseVolume" : "78,627",
    "nsePrevClose" : "",
    "nseOpenPrice" : "",
    "nseTodaysLow" : "136.50",
    "nseTodaysHigh" : "143.85",
    "nse52WeekLow" : "102.15",
    "nse52WeekHigh" : "245.00",
    "nseLowerPriceBand" : "110.80",
    "nseUpperPriceBand" : "166.20"
  },
  "companyValuation" : {
    "marketCapital" : "2,464.66",
    "peRatio" : "39.74",
    "bookValue" : "96.81",
    "dividend" : "300.00",
    "marketLot" : "1",
    "industryPeRatio" : "5.24",
    "eps" : "3.51",
    "pcRatio" : "14.03",
    "bookPrice" : "1.44",
    "dividendYield" : "2.15",
    "faceValue" : "1.00",
    "deliverables" : "49.16"
  }
}