{
  "url" : "https://www.moneycontrol.com/india/stockpricequote/hotels/eihassociatedhotels/EIH01",
  "companyName" : "EIH Associated Hotels Ltd.",
  "breadCrumb" : "Moneycontrol / Market / Share/Stock Price / Hotels",
  "bseNseNames" : "BSE: 523127 | NSE: EIHAHOTELS |",
  "seriesLink" : "EQ",
  "isinLink" : "INE276C01014",
  "sectorLink" : "Moneycontrol / Market / Share/Stock Price / Hotels",
  "sectorTitle" : "HOTELS",
  "bseData" : {
    "bsePrice" : "200.00",
    "bseVolume" : "846",
    "bsePrevClose" : "205.70",
    "bseOpenPrice" : "",
    "bseTodaysLow" : "198.75",
    "bseTodaysHigh" : "207.80",
    "bse52WeekLow" : "164.10",
    "bse52WeekHigh" : "419.00",
    "bseLowerPriceBand" : "164.60",
    "bseUpperPriceBand" : "246.80"
  },
  "nseData" : {
    "nsePrice" : "199.75",
    "nseVolume" : "4,149",
    "nsePrevClose" : "",
    "nseOpenPrice" : "",
    "nseTodaysLow" : "191.15",
    "nseTodaysHigh" : "216.85",
    "nse52WeekLow" : "151.10",
    "nse52WeekHigh" : "405.00",
    "nseLowerPriceBand" : "163.45",
    "nseUpperPriceBand" : "245.15"
  },
  "companyValuation" : {
    "marketCapital" : "609.36",
    "peRatio" : "13.4",
    "bookValue" : "106.20",
    "dividend" : "45.00",
    "marketLot" : "1",
    "industryPeRatio" : "22.64",
    "eps" : "14.91",
    "pcRatio" : "10.2",
    "bookPrice" : "1.88",
    "dividendYield" : "2.25",
    "faceValue" : "10.00",
    "deliverables" : "59.51"
  }
}