{
  "url" : "https://www.moneycontrol.com/india/stockpricequote/hotels/eih/EIH",
  "companyName" : "EIH Ltd.",
  "breadCrumb" : "Moneycontrol / Market / Share/Stock Price / Hotels",
  "bseNseNames" : "BSE: 500840 | NSE: EIHOTEL |",
  "seriesLink" : "EQ",
  "isinLink" : "INE230A01023",
  "sectorLink" : "Moneycontrol / Market / Share/Stock Price / Hotels",
  "sectorTitle" : "HOTELS",
  "bseData" : {
    "bsePrice" : "75.80",
    "bseVolume" : "21,246",
    "bsePrevClose" : "70.95",
    "bseOpenPrice" : "",
    "bseTodaysLow" : "71.25",
    "bseTodaysHigh" : "77.00",
    "bse52WeekLow" : "55.75",
    "bse52WeekHigh" : "213.00",
    "bseLowerPriceBand" : "63.90",
    "bseUpperPriceBand" : "78.00"
  },
  "nseData" : {
    "nsePrice" : "74.90",
    "nseVolume" : "93,800",
    "nsePrevClose" : "",
    "nseOpenPrice" : "",
    "nseTodaysLow" : "70.20",
    "nseTodaysHigh" : "77.00",
    "nse52WeekLow" : "55.20",
    "nse52WeekHigh" : "208.00",
    "nseLowerPriceBand" : "63.90",
    "nseUpperPriceBand" : "78.00"
  },
  "companyValuation" : {
    "marketCapital" : "4,332.50",
    "peRatio" : "35.16",
    "bookValue" : "49.95",
    "dividend" : "45.00",
    "marketLot" : "1",
    "industryPeRatio" : "22.64",
    "eps" : "2.13",
    "pcRatio" : "17.5",
    "bookPrice" : "1.52",
    "dividendYield" : "1.19",
    "faceValue" : "2.00",
    "deliverables" : "96.60"
  }
}