{
  "url" : "https://www.moneycontrol.com/india/stockpricequote/engineering-heavy/eimcoeleconindia/EEI",
  "companyName" : "Eimco Elecon (India) Ltd.",
  "breadCrumb" : "Moneycontrol / Market / Share/Stock Price / Engineering - Heavy",
  "bseNseNames" : "BSE: 523708 | NSE: EIMCOELECO |",
  "seriesLink" : "EQ",
  "isinLink" : "INE158B01016",
  "sectorLink" : "Moneycontrol / Market / Share/Stock Price / Engineering - Heavy",
  "sectorTitle" : "ENGINEERING - HEAVY",
  "bseData" : {
    "bsePrice" : "215.00",
    "bseVolume" : "237",
    "bsePrevClose" : "210.45",
    "bseOpenPrice" : "",
    "bseTodaysLow" : "210.00",
    "bseTodaysHigh" : "227.45",
    "bse52WeekLow" : "180.00",
    "bse52WeekHigh" : "449.95",
    "bseLowerPriceBand" : "168.40",
    "bseUpperPriceBand" : "252.50"
  },
  "nseData" : {
    "nsePrice" : "217.00",
    "nseVolume" : "310",
    "nsePrevClose" : "",
    "nseOpenPrice" : "",
    "nseTodaysLow" : "197.00",
    "nseTodaysHigh" : "224.40",
    "nse52WeekLow" : "186.00",
    "nse52WeekHigh" : "449.20",
    "nseLowerPriceBand" : "169.55",
    "nseUpperPriceBand" : "254.25"
  },
  "companyValuation" : {
    "marketCapital" : "124.02",
    "peRatio" : "7.75",
    "bookValue" : "539.79",
    "dividend" : "70.00",
    "marketLot" : "1",
    "industryPeRatio" : "9.29",
    "eps" : "28.01",
    "pcRatio" : "5.92",
    "bookPrice" : "0.40",
    "dividendYield" : "3.26",
    "faceValue" : "10.00",
    "deliverables" : "70.01"
  }
}