{
  "url" : "https://www.moneycontrol.com/india/stockpricequote/packaging/everestkantocylinder/EKC",
  "companyName" : "Everest Kanto Cylinder Ltd.",
  "breadCrumb" : "Moneycontrol / Market / Share/Stock Price / Packaging",
  "bseNseNames" : "BSE: 532684 | NSE: EKC |",
  "seriesLink" : "EQ",
  "isinLink" : "INE184H01027",
  "sectorLink" : "Moneycontrol / Market / Share/Stock Price / Packaging",
  "sectorTitle" : "PACKAGING",
  "bseData" : {
    "bsePrice" : "13.16",
    "bseVolume" : "10,120",
    "bsePrevClose" : "12.54",
    "bseOpenPrice" : "",
    "bseTodaysLow" : "13.16",
    "bseTodaysHigh" : "13.16",
    "bse52WeekLow" : "9.45",
    "bse52WeekHigh" : "33.10",
    "bseLowerPriceBand" : "11.92",
    "bseUpperPriceBand" : "13.16"
  },
  "nseData" : {
    "nsePrice" : "13.10",
    "nseVolume" : "25,579",
    "nsePrevClose" : "",
    "nseOpenPrice" : "",
    "nseTodaysLow" : "13.10",
    "nseTodaysHigh" : "13.10",
    "nse52WeekLow" : "9.85",
    "nse52WeekHigh" : "33.00",
    "nseLowerPriceBand" : "11.90",
    "nseUpperPriceBand" : "13.10"
  },
  "companyValuation" : {
    "marketCapital" : "147.67",
    "peRatio" : "1.77",
    "bookValue" : "22.46",
    "dividend" : "0.00",
    "marketLot" : "1",
    "industryPeRatio" : "10.24",
    "eps" : "7.42",
    "pcRatio" : "1.53",
    "bookPrice" : "0.59",
    "dividendYield" : "-",
    "faceValue" : "2.00",
    "deliverables" : "100.00"
  }
}