{
  "url" : "https://www.moneycontrol.com/india/stockpricequote/engineering/electrothermindia/EI02",
  "companyName" : "Electrotherm (India) Ltd.",
  "breadCrumb" : "Moneycontrol / Market / Share/Stock Price / Engineering",
  "bseNseNames" : "BSE: 526608 | NSE: ELECTHERM |",
  "seriesLink" : "EQ",
  "isinLink" : "INE822G01016",
  "sectorLink" : "Moneycontrol / Market / Share/Stock Price / Engineering",
  "sectorTitle" : "ENGINEERING",
  "bseData" : {
    "bsePrice" : "84.75",
    "bseVolume" : "17,372",
    "bsePrevClose" : "74.80",
    "bseOpenPrice" : "",
    "bseTodaysLow" : "83.00",
    "bseTodaysHigh" : "89.50",
    "bse52WeekLow" : "69.00",
    "bse52WeekHigh" : "380.15",
    "bseLowerPriceBand" : "59.85",
    "bseUpperPriceBand" : "89.75"
  },
  "nseData" : {
    "nsePrice" : "84.00",
    "nseVolume" : "23,197",
    "nsePrevClose" : "",
    "nseOpenPrice" : "",
    "nseTodaysLow" : "82.55",
    "nseTodaysHigh" : "87.60",
    "nse52WeekLow" : "77.00",
    "nse52WeekHigh" : "380.10",
    "nseLowerPriceBand" : "67.60",
    "nseUpperPriceBand" : "101.40"
  },
  "companyValuation" : {
    "marketCapital" : "108.00",
    "peRatio" : "0.68",
    "bookValue" : "-879.72",
    "dividend" : "0.00",
    "marketLot" : "1",
    "industryPeRatio" : "11.59",
    "eps" : "122.73",
    "pcRatio" : "0.36",
    "bookPrice" : "-",
    "dividendYield" : "-",
    "faceValue" : "10.00",
    "deliverables" : "47.19"
  }
}