{
  "url" : "https://www.moneycontrol.com/india/stockpricequote/castingsforgings/electrosteelcastings/EC02",
  "companyName" : "Electrosteel Castings Ltd.",
  "breadCrumb" : "Moneycontrol / Market / Share/Stock Price / Castings & Forgings",
  "bseNseNames" : "BSE: 500128 | NSE: ELECTCAST |",
  "seriesLink" : "EQ",
  "isinLink" : "INE086A01029",
  "sectorLink" : "Moneycontrol / Market / Share/Stock Price / Castings & Forgings",
  "sectorTitle" : "CASTINGS & FORGINGS",
  "bseData" : {
    "bsePrice" : "9.45",
    "bseVolume" : "8,404",
    "bsePrevClose" : "9.23",
    "bseOpenPrice" : "",
    "bseTodaysLow" : "9.13",
    "bseTodaysHigh" : "9.47",
    "bse52WeekLow" : "8.10",
    "bse52WeekHigh" : "21.50",
    "bseLowerPriceBand" : "7.39",
    "bseUpperPriceBand" : "11.07"
  },
  "nseData" : {
    "nsePrice" : "9.25",
    "nseVolume" : "129,294",
    "nsePrevClose" : "",
    "nseOpenPrice" : "",
    "nseTodaysLow" : "9.10",
    "nseTodaysHigh" : "9.50",
    "nse52WeekLow" : "8.00",
    "nse52WeekHigh" : "21.50",
    "nseLowerPriceBand" : "7.40",
    "nseUpperPriceBand" : "11.00"
  },
  "companyValuation" : {
    "marketCapital" : "409.14",
    "peRatio" : "3.76",
    "bookValue" : "54.99",
    "dividend" : "0.00",
    "marketLot" : "1",
    "industryPeRatio" : "21.24",
    "eps" : "2.46",
    "pcRatio" : "2.48",
    "bookPrice" : "0.17",
    "dividendYield" : "-",
    "faceValue" : "1.00",
    "deliverables" : "87.67"
  }
}