{
  "url" : "https://www.moneycontrol.com/india/stockpricequote/compressors/elgiequipments/EE01",
  "companyName" : "Elgi Equipments Ltd.",
  "breadCrumb" : "Moneycontrol / Market / Share/Stock Price / Compressors",
  "bseNseNames" : "BSE: 522074 | NSE: ELGIEQUIP |",
  "seriesLink" : "EQ",
  "isinLink" : "INE285A01027",
  "sectorLink" : "Moneycontrol / Market / Share/Stock Price / Compressors",
  "sectorTitle" : "COMPRESSORS",
  "bseData" : {
    "bsePrice" : "110.00",
    "bseVolume" : "2,468",
    "bsePrevClose" : "102.55",
    "bseOpenPrice" : "",
    "bseTodaysLow" : "104.00",
    "bseTodaysHigh" : "112.80",
    "bse52WeekLow" : "102.25",
    "bse52WeekHigh" : "309.60",
    "bseLowerPriceBand" : "92.30",
    "bseUpperPriceBand" : "112.80"
  },
  "nseData" : {
    "nsePrice" : "112.90",
    "nseVolume" : "86,482",
    "nsePrevClose" : "",
    "nseOpenPrice" : "",
    "nseTodaysLow" : "103.00",
    "nseTodaysHigh" : "113.05",
    "nse52WeekLow" : "101.20",
    "nse52WeekHigh" : "308.00",
    "nseLowerPriceBand" : "92.55",
    "nseUpperPriceBand" : "113.05"
  },
  "companyValuation" : {
    "marketCapital" : "1,743.00",
    "peRatio" : "20.99",
    "bookValue" : "41.77",
    "dividend" : "130.00",
    "marketLot" : "1",
    "industryPeRatio" : "18.03",
    "eps" : "5.38",
    "pcRatio" : "15.03",
    "bookPrice" : "2.63",
    "dividendYield" : "1.18",
    "faceValue" : "1.00",
    "deliverables" : "82.04"
  }
}