{
  "url" : "https://www.moneycontrol.com/india/stockpricequote/constructioncontracting-real-estate/emamirealty/EI23",
  "companyName" : "Emami Realty Ltd.",
  "breadCrumb" : "Moneycontrol / Market / Share/Stock Price / Construction & Contracting - Real Estate",
  "bseNseNames" : "BSE: 533218 | NSE: EMAMIREAL |",
  "seriesLink" : "EQ",
  "isinLink" : "INE778K01012",
  "sectorLink" : "Moneycontrol / Market / Share/Stock Price / Construction & Contracting - Real Estate",
  "sectorTitle" : "CONSTRUCTION & CONTRACTING - REAL ESTATE",
  "bseData" : {
    "bsePrice" : "31.30",
    "bseVolume" : "750",
    "bsePrevClose" : "29.85",
    "bseOpenPrice" : "",
    "bseTodaysLow" : "29.30",
    "bseTodaysHigh" : "31.30",
    "bse52WeekLow" : "26.55",
    "bse52WeekHigh" : "129.00",
    "bseLowerPriceBand" : "28.40",
    "bseUpperPriceBand" : "31.30"
  },
  "nseData" : {
    "nsePrice" : "31.25",
    "nseVolume" : "9,232",
    "nsePrevClose" : "",
    "nseOpenPrice" : "",
    "nseTodaysLow" : "30.00",
    "nseTodaysHigh" : "31.25",
    "nse52WeekLow" : "24.50",
    "nse52WeekHigh" : "123.75",
    "nseLowerPriceBand" : "28.35",
    "nseUpperPriceBand" : "31.25"
  },
  "companyValuation" : {
    "marketCapital" : "87.45",
    "peRatio" : "-",
    "bookValue" : "54.67",
    "dividend" : "0.00",
    "marketLot" : "1",
    "industryPeRatio" : "13.75",
    "eps" : "-",
    "pcRatio" : "-",
    "bookPrice" : "0.57",
    "dividendYield" : "-",
    "faceValue" : "2.00",
    "deliverables" : "62.28"
  }
}