{
  "url" : "https://www.moneycontrol.com/india/stockpricequote/personal-care/emami/E06",
  "companyName" : "Emami Ltd.",
  "breadCrumb" : "Moneycontrol / Market / Share/Stock Price / Personal Care",
  "bseNseNames" : "BSE: 531162 | NSE: EMAMILTD |",
  "seriesLink" : "EQ",
  "isinLink" : "INE548C01032",
  "sectorLink" : "Moneycontrol / Market / Share/Stock Price / Personal Care",
  "sectorTitle" : "PERSONAL CARE",
  "bseData" : {
    "bsePrice" : "223.15",
    "bseVolume" : "56,911",
    "bsePrevClose" : "207.50",
    "bseOpenPrice" : "",
    "bseTodaysLow" : "201.60",
    "bseTodaysHigh" : "228.00",
    "bse52WeekLow" : "140.85",
    "bse52WeekHigh" : "416.40",
    "bseLowerPriceBand" : "166.00",
    "bseUpperPriceBand" : "249.00"
  },
  "nseData" : {
    "nsePrice" : "222.45",
    "nseVolume" : "1,372,921",
    "nsePrevClose" : "",
    "nseOpenPrice" : "",
    "nseTodaysLow" : "200.30",
    "nseTodaysHigh" : "228.00",
    "nse52WeekLow" : "130.95",
    "nse52WeekHigh" : "412.80",
    "nseLowerPriceBand" : "165.80",
    "nseUpperPriceBand" : "248.60"
  },
  "companyValuation" : {
    "marketCapital" : "10,129.56",
    "peRatio" : "26.96",
    "bookValue" : "45.48",
    "dividend" : "400.00",
    "marketLot" : "1",
    "industryPeRatio" : "65.49",
    "eps" : "8.25",
    "pcRatio" : "14.58",
    "bookPrice" : "4.91",
    "dividendYield" : "1.79",
    "faceValue" : "1.00",
    "deliverables" : "42.32"
  }
}