{
  "url" : "https://www.moneycontrol.com/india/stockpricequote/constructioncontracting-real-estate/embassyofficeparksreit/EOP",
  "companyName" : "Embassy Office Parks REIT Ltd.",
  "breadCrumb" : "Moneycontrol / Market / Share/Stock Price / Construction & Contracting - Real Estate",
  "bseNseNames" : "BSE: 542602 | NSE: EMBASSY | SERIES: RR | ISIN: INE041025011 | SECTOR: CONSTRUCTION & CONTRACTING - REAL ESTATECONSTRUCTION & CONTRACTING - REAL ESTATE",
  "seriesLink" : "RR",
  "isinLink" : "INE041025011",
  "sectorLink" : "Moneycontrol / Market / Share/Stock Price / Construction & Contracting - Real Estate",
  "sectorTitle" : "CONSTRUCTION & CONTRACTING - REAL ESTATE",
  "bseData" : {
    "bsePrice" : "348.30",
    "bseVolume" : "293,200",
    "bsePrevClose" : "335.43",
    "bseOpenPrice" : "",
    "bseTodaysLow" : "330.00",
    "bseTodaysHigh" : "352.30",
    "bse52WeekLow" : "300.00",
    "bse52WeekHigh" : "518.00",
    "bseLowerPriceBand" : "268.35",
    "bseUpperPriceBand" : "402.51"
  },
  "nseData" : {
    "nsePrice" : "345.99",
    "nseVolume" : "243,400",
    "nsePrevClose" : "",
    "nseOpenPrice" : "",
    "nseTodaysLow" : "325.00",
    "nseTodaysHigh" : "352.00",
    "nse52WeekLow" : "301.35",
    "nse52WeekHigh" : "512.00",
    "nseLowerPriceBand" : "269.16",
    "nseUpperPriceBand" : "403.74"
  },
  "companyValuation" : {
    "marketCapital" : "26,877.27",
    "peRatio" : "67.44",
    "bookValue" : "299.88",
    "dividend" : "0.00",
    "marketLot" : "0",
    "industryPeRatio" : "10.10",
    "eps" : "5.13",
    "pcRatio" : "67.44",
    "bookPrice" : "1.16",
    "dividendYield" : "-",
    "faceValue" : "300.00",
    "deliverables" : "75.28"
  }
}