{
  "url" : "https://www.moneycontrol.com/india/stockpricequote/packaging/emmbiindustries/EP09",
  "companyName" : "Emmbi Industries Ltd.",
  "breadCrumb" : "Moneycontrol / Market / Share/Stock Price / Packaging",
  "bseNseNames" : "BSE: 533161 | NSE: EMMBI |",
  "seriesLink" : "EQ",
  "isinLink" : "INE753K01015",
  "sectorLink" : "Moneycontrol / Market / Share/Stock Price / Packaging",
  "sectorTitle" : "PACKAGING",
  "bseData" : {
    "bsePrice" : "46.95",
    "bseVolume" : "730",
    "bsePrevClose" : "47.50",
    "bseOpenPrice" : "",
    "bseTodaysLow" : "46.95",
    "bseTodaysHigh" : "51.50",
    "bse52WeekLow" : "41.10",
    "bse52WeekHigh" : "175.00",
    "bseLowerPriceBand" : "42.75",
    "bseUpperPriceBand" : "52.25"
  },
  "nseData" : {
    "nsePrice" : "48.65",
    "nseVolume" : "11,100",
    "nsePrevClose" : "",
    "nseOpenPrice" : "",
    "nseTodaysLow" : "48.00",
    "nseTodaysHigh" : "50.90",
    "nse52WeekLow" : "40.00",
    "nse52WeekHigh" : "174.70",
    "nseLowerPriceBand" : "42.50",
    "nseUpperPriceBand" : "51.90"
  },
  "companyValuation" : {
    "marketCapital" : "83.06",
    "peRatio" : "5.48",
    "bookValue" : "64.99",
    "dividend" : "5.00",
    "marketLot" : "1",
    "industryPeRatio" : "10.24",
    "eps" : "8.87",
    "pcRatio" : "3.92",
    "bookPrice" : "0.72",
    "dividendYield" : "1.06",
    "faceValue" : "10.00",
    "deliverables" : "72.64"
  }
}