{
  "url" : "https://www.moneycontrol.com/india/stockpricequote/auto-23-wheelers/endurancetechnologies/ET01",
  "companyName" : "Endurance Technologies Ltd.",
  "breadCrumb" : "Moneycontrol / Market / Share/Stock Price / Auto - 2 & 3 Wheelers",
  "bseNseNames" : "BSE: 540153 | NSE: ENDURANCE |",
  "seriesLink" : "EQ",
  "isinLink" : "INE913H01037",
  "sectorLink" : "Moneycontrol / Market / Share/Stock Price / Auto - 2 & 3 Wheelers",
  "sectorTitle" : "AUTO - 2 & 3 WHEELERS",
  "bseData" : {
    "bsePrice" : "584.00",
    "bseVolume" : "961",
    "bsePrevClose" : "593.70",
    "bseOpenPrice" : "",
    "bseTodaysLow" : "583.50",
    "bseTodaysHigh" : "602.00",
    "bse52WeekLow" : "570.00",
    "bse52WeekHigh" : "1237.00",
    "bseLowerPriceBand" : "475.00",
    "bseUpperPriceBand" : "712.40"
  },
  "nseData" : {
    "nsePrice" : "592.35",
    "nseVolume" : "26,202",
    "nsePrevClose" : "",
    "nseOpenPrice" : "",
    "nseTodaysLow" : "582.00",
    "nseTodaysHigh" : "603.35",
    "nse52WeekLow" : "569.50",
    "nse52WeekHigh" : "1237.00",
    "nseLowerPriceBand" : "475.60",
    "nseUpperPriceBand" : "713.30"
  },
  "companyValuation" : {
    "marketCapital" : "8,214.71",
    "peRatio" : "17.87",
    "bookValue" : "147.87",
    "dividend" : "55.00",
    "marketLot" : "1",
    "industryPeRatio" : "12.63",
    "eps" : "33.14",
    "pcRatio" : "12.98",
    "bookPrice" : "3.95",
    "dividendYield" : "0.94",
    "faceValue" : "10.00",
    "deliverables" : "71.81"
  }
}