{
  "url" : "https://www.moneycontrol.com/india/stockpricequote/power-generationdistribution/energydevelopmentcompany/EDC",
  "companyName" : "Energy Development Company Ltd.",
  "breadCrumb" : "Moneycontrol / Market / Share/Stock Price / Power - Generation & Distribution",
  "bseNseNames" : "BSE: 532219 | NSE: ENERGYDEV |",
  "seriesLink" : "EQ",
  "isinLink" : "INE306C01019",
  "sectorLink" : "Moneycontrol / Market / Share/Stock Price / Power - Generation & Distribution",
  "sectorTitle" : "POWER - GENERATION & DISTRIBUTION",
  "bseData" : {
    "bsePrice" : "4.21",
    "bseVolume" : "3,011",
    "bsePrevClose" : "4.31",
    "bseOpenPrice" : "",
    "bseTodaysLow" : "4.21",
    "bseTodaysHigh" : "4.21",
    "bse52WeekLow" : "3.35",
    "bse52WeekHigh" : "9.00",
    "bseLowerPriceBand" : "3.88",
    "bseUpperPriceBand" : "4.74"
  },
  "nseData" : {
    "nsePrice" : "4.25",
    "nseVolume" : "13,876",
    "nsePrevClose" : "",
    "nseOpenPrice" : "",
    "nseTodaysLow" : "4.15",
    "nseTodaysHigh" : "4.40",
    "nse52WeekLow" : "3.25",
    "nse52WeekHigh" : "8.90",
    "nseLowerPriceBand" : "4.00",
    "nseUpperPriceBand" : "4.80"
  },
  "companyValuation" : {
    "marketCapital" : "20.00",
    "peRatio" : "-",
    "bookValue" : "35.05",
    "dividend" : "5.00",
    "marketLot" : "1",
    "industryPeRatio" : "7.28",
    "eps" : "-",
    "pcRatio" : "-",
    "bookPrice" : "0.12",
    "dividendYield" : "11.88",
    "faceValue" : "10.00",
    "deliverables" : "70.56"
  }
}