{
  "url" : "https://www.moneycontrol.com/india/stockpricequote/infrastructure-general/engineersindia/EI14",
  "companyName" : "Engineers India Ltd.",
  "breadCrumb" : "Moneycontrol / Market / Share/Stock Price / Infrastructure - General",
  "bseNseNames" : "BSE: 532178 | NSE: ENGINERSIN |",
  "seriesLink" : "EQ",
  "isinLink" : "INE510A01028",
  "sectorLink" : "Moneycontrol / Market / Share/Stock Price / Infrastructure - General",
  "sectorTitle" : "INFRASTRUCTURE - GENERAL",
  "bseData" : {
    "bsePrice" : "63.25",
    "bseVolume" : "71,155",
    "bsePrevClose" : "60.80",
    "bseOpenPrice" : "",
    "bseTodaysLow" : "60.90",
    "bseTodaysHigh" : "64.25",
    "bse52WeekLow" : "49.85",
    "bse52WeekHigh" : "128.60",
    "bseLowerPriceBand" : "48.65",
    "bseUpperPriceBand" : "72.95"
  },
  "nseData" : {
    "nsePrice" : "63.55",
    "nseVolume" : "1,315,957",
    "nsePrevClose" : "",
    "nseOpenPrice" : "",
    "nseTodaysLow" : "60.55",
    "nseTodaysHigh" : "64.35",
    "nse52WeekLow" : "49.20",
    "nse52WeekHigh" : "128.70",
    "nseLowerPriceBand" : "48.70",
    "nseUpperPriceBand" : "73.00"
  },
  "companyValuation" : {
    "marketCapital" : "3,996.84",
    "peRatio" : "10.15",
    "bookValue" : "36.02",
    "dividend" : "80.00",
    "marketLot" : "1",
    "industryPeRatio" : "11.31",
    "eps" : "6.26",
    "pcRatio" : "9.61",
    "bookPrice" : "1.76",
    "dividendYield" : "6.32",
    "faceValue" : "5.00",
    "deliverables" : "66.50"
  }
}