{
  "url" : "https://www.moneycontrol.com/india/stockpricequote/mediaentertainment/entertainmentnetworkindia/ENI",
  "companyName" : "Entertainment Network India Ltd.",
  "breadCrumb" : "Moneycontrol / Market / Share/Stock Price / Media & Entertainment",
  "bseNseNames" : "BSE: 532700 | NSE: ENIL |",
  "seriesLink" : "EQ",
  "isinLink" : "INE265F01028",
  "sectorLink" : "Moneycontrol / Market / Share/Stock Price / Media & Entertainment",
  "sectorTitle" : "MEDIA & ENTERTAINMENT",
  "bseData" : {
    "bsePrice" : "136.70",
    "bseVolume" : "11",
    "bsePrevClose" : "125.00",
    "bseOpenPrice" : "",
    "bseTodaysLow" : "136.00",
    "bseTodaysHigh" : "136.75",
    "bse52WeekLow" : "101.00",
    "bse52WeekHigh" : "554.00",
    "bseLowerPriceBand" : "112.50",
    "bseUpperPriceBand" : "137.50"
  },
  "nseData" : {
    "nsePrice" : "122.85",
    "nseVolume" : "1,047",
    "nsePrevClose" : "",
    "nseOpenPrice" : "",
    "nseTodaysLow" : "119.00",
    "nseTodaysHigh" : "136.00",
    "nse52WeekLow" : "98.00",
    "nse52WeekHigh" : "542.05",
    "nseLowerPriceBand" : "117.00",
    "nseUpperPriceBand" : "143.00"
  },
  "companyValuation" : {
    "marketCapital" : "651.65",
    "peRatio" : "16.04",
    "bookValue" : "195.56",
    "dividend" : "10.00",
    "marketLot" : "1",
    "industryPeRatio" : "10.82",
    "eps" : "7.66",
    "pcRatio" : "5.65",
    "bookPrice" : "0.70",
    "dividendYield" : "0.73",
    "faceValue" : "10.00",
    "deliverables" : "82.29"
  }
}