{
  "url" : "https://www.moneycontrol.com/india/stockpricequote/finance-general/equitasholdings/EH03",
  "companyName" : "Equitas Holdings Ltd.",
  "breadCrumb" : "Moneycontrol / Market / Share/Stock Price / Finance - General",
  "bseNseNames" : "BSE: 539844 | NSE: EQUITAS |",
  "seriesLink" : "EQ",
  "isinLink" : "INE988K01017",
  "sectorLink" : "Moneycontrol / Market / Share/Stock Price / Finance - General",
  "sectorTitle" : "FINANCE - GENERAL",
  "bseData" : {
    "bsePrice" : "37.40",
    "bseVolume" : "544,250",
    "bsePrevClose" : "37.50",
    "bseOpenPrice" : "",
    "bseTodaysLow" : "36.80",
    "bseTodaysHigh" : "42.80",
    "bse52WeekLow" : "32.75",
    "bse52WeekHigh" : "143.55",
    "bseLowerPriceBand" : "33.75",
    "bseUpperPriceBand" : "43.10"
  },
  "nseData" : {
    "nsePrice" : "37.45",
    "nseVolume" : "8,312,803",
    "nsePrevClose" : "",
    "nseOpenPrice" : "",
    "nseTodaysLow" : "36.60",
    "nseTodaysHigh" : "42.95",
    "nse52WeekLow" : "32.50",
    "nse52WeekHigh" : "143.65",
    "nseLowerPriceBand" : "33.75",
    "nseUpperPriceBand" : "41.15"
  },
  "companyValuation" : {
    "marketCapital" : "1,278.29",
    "peRatio" : "170.23",
    "bookValue" : "52.71",
    "dividend" : "0.00",
    "marketLot" : "1",
    "industryPeRatio" : "23.58",
    "eps" : "0.22",
    "pcRatio" : "149.8",
    "bookPrice" : "0.71",
    "dividendYield" : "-",
    "faceValue" : "10.00",
    "deliverables" : "33.81"
  }
}