{
  "url" : "https://www.moneycontrol.com/india/stockpricequote/pharmaceuticals/erislifesciences/EL01",
  "companyName" : "Eris Lifesciences Ltd.",
  "breadCrumb" : "Moneycontrol / Market / Share/Stock Price / Pharmaceuticals",
  "bseNseNames" : "BSE: 540596 | NSE: ERIS |",
  "seriesLink" : "EQ",
  "isinLink" : "INE406M01024",
  "sectorLink" : "Moneycontrol / Market / Share/Stock Price / Pharmaceuticals",
  "sectorTitle" : "PHARMACEUTICALS",
  "bseData" : {
    "bsePrice" : "410.00",
    "bseVolume" : "7,362",
    "bsePrevClose" : "381.10",
    "bseOpenPrice" : "",
    "bseTodaysLow" : "385.40",
    "bseTodaysHigh" : "419.00",
    "bse52WeekLow" : "341.05",
    "bse52WeekHigh" : "655.40",
    "bseLowerPriceBand" : "304.90",
    "bseUpperPriceBand" : "457.30"
  },
  "nseData" : {
    "nsePrice" : "403.95",
    "nseVolume" : "76,934",
    "nsePrevClose" : "",
    "nseOpenPrice" : "",
    "nseTodaysLow" : "381.05",
    "nseTodaysHigh" : "416.10",
    "nse52WeekLow" : "321.00",
    "nse52WeekHigh" : "644.00",
    "nseLowerPriceBand" : "305.10",
    "nseUpperPriceBand" : "457.60"
  },
  "companyValuation" : {
    "marketCapital" : "5,638.31",
    "peRatio" : "19.25",
    "bookValue" : "84.06",
    "dividend" : "0.00",
    "marketLot" : "1",
    "industryPeRatio" : "32.25",
    "eps" : "20.98",
    "pcRatio" : "17.35",
    "bookPrice" : "4.88",
    "dividendYield" : "-",
    "faceValue" : "1.00",
    "deliverables" : "83.00"
  }
}