{
  "url" : "https://www.moneycontrol.com/india/stockpricequote/mediaentertainment/erosinternationalmedia/EIM",
  "companyName" : "Eros International Media Ltd.",
  "breadCrumb" : "Moneycontrol / Market / Share/Stock Price / Media & Entertainment",
  "bseNseNames" : "BSE: 533261 | NSE: EROSMEDIA |",
  "seriesLink" : "EQ",
  "isinLink" : "INE416L01017",
  "sectorLink" : "Moneycontrol / Market / Share/Stock Price / Media & Entertainment",
  "sectorTitle" : "MEDIA & ENTERTAINMENT",
  "bseData" : {
    "bsePrice" : "9.00",
    "bseVolume" : "22,849",
    "bsePrevClose" : "8.84",
    "bseOpenPrice" : "",
    "bseTodaysLow" : "8.82",
    "bseTodaysHigh" : "9.10",
    "bse52WeekLow" : "7.17",
    "bse52WeekHigh" : "82.20",
    "bseLowerPriceBand" : "7.96",
    "bseUpperPriceBand" : "9.72"
  },
  "nseData" : {
    "nsePrice" : "8.95",
    "nseVolume" : "143,187",
    "nsePrevClose" : "",
    "nseOpenPrice" : "",
    "nseTodaysLow" : "8.80",
    "nseTodaysHigh" : "9.20",
    "nse52WeekLow" : "7.00",
    "nse52WeekHigh" : "80.50",
    "nseLowerPriceBand" : "7.90",
    "nseUpperPriceBand" : "9.60"
  },
  "companyValuation" : {
    "marketCapital" : "86.07",
    "peRatio" : "1.83",
    "bookValue" : "160.89",
    "dividend" : "0.00",
    "marketLot" : "1",
    "industryPeRatio" : "10.82",
    "eps" : "4.89",
    "pcRatio" : "1.64",
    "bookPrice" : "0.06",
    "dividendYield" : "-",
    "faceValue" : "10.00",
    "deliverables" : "75.51"
  }
}