{
  "url" : "https://www.moneycontrol.com/india/stockpricequote/electrodesgraphite/esabindia/EI06",
  "companyName" : "Esab India Ltd.",
  "breadCrumb" : "Moneycontrol / Market / Share/Stock Price / Electrodes & Graphite",
  "bseNseNames" : "BSE: 500133 | NSE: ESABINDIA |",
  "seriesLink" : "EQ",
  "isinLink" : "INE284A01012",
  "sectorLink" : "Moneycontrol / Market / Share/Stock Price / Electrodes & Graphite",
  "sectorTitle" : "ELECTRODES & GRAPHITE",
  "bseData" : {
    "bsePrice" : "1051.00",
    "bseVolume" : "333",
    "bsePrevClose" : "1030.80",
    "bseOpenPrice" : "",
    "bseTodaysLow" : "1031.10",
    "bseTodaysHigh" : "1075.00",
    "bse52WeekLow" : "820.10",
    "bse52WeekHigh" : "1727.00",
    "bseLowerPriceBand" : "824.65",
    "bseUpperPriceBand" : "1236.95"
  },
  "nseData" : {
    "nsePrice" : "1052.70",
    "nseVolume" : "2,101",
    "nsePrevClose" : "",
    "nseOpenPrice" : "",
    "nseTodaysLow" : "1028.70",
    "nseTodaysHigh" : "1090.00",
    "nse52WeekLow" : "825.65",
    "nse52WeekHigh" : "1727.95",
    "nseLowerPriceBand" : "823.60",
    "nseUpperPriceBand" : "1235.30"
  },
  "companyValuation" : {
    "marketCapital" : "1,617.81",
    "peRatio" : "23.25",
    "bookValue" : "173.19",
    "dividend" : "900.00",
    "marketLot" : "1",
    "industryPeRatio" : "20.65",
    "eps" : "45.28",
    "pcRatio" : "20.16",
    "bookPrice" : "6.07",
    "dividendYield" : "8.56",
    "faceValue" : "10.00",
    "deliverables" : "67.75"
  }
}