{
  "url" : "https://www.moneycontrol.com/india/stockpricequote/shipping/essarshipping/ES10",
  "companyName" : "Essar Shipping Ltd.",
  "breadCrumb" : "Moneycontrol / Market / Share/Stock Price / Shipping",
  "bseNseNames" : "BSE: 533704 | NSE: ESSARSHPNG |",
  "seriesLink" : "EQ",
  "isinLink" : "INE122M01019",
  "sectorLink" : "Moneycontrol / Market / Share/Stock Price / Shipping",
  "sectorTitle" : "SHIPPING",
  "bseData" : {
    "bsePrice" : "5.50",
    "bseVolume" : "323",
    "bsePrevClose" : "5.14",
    "bseOpenPrice" : "",
    "bseTodaysLow" : "5.10",
    "bseTodaysHigh" : "5.50",
    "bse52WeekLow" : "4.60",
    "bse52WeekHigh" : "16.04",
    "bseLowerPriceBand" : "4.63",
    "bseUpperPriceBand" : "5.65"
  },
  "nseData" : {
    "nsePrice" : "5.35",
    "nseVolume" : "21,115",
    "nsePrevClose" : "",
    "nseOpenPrice" : "",
    "nseTodaysLow" : "4.75",
    "nseTodaysHigh" : "5.40",
    "nse52WeekLow" : "4.55",
    "nse52WeekHigh" : "16.25",
    "nseLowerPriceBand" : "4.70",
    "nseUpperPriceBand" : "5.70"
  },
  "companyValuation" : {
    "marketCapital" : "113.84",
    "peRatio" : "-",
    "bookValue" : "9.60",
    "dividend" : "0.00",
    "marketLot" : "1",
    "industryPeRatio" : "6.86",
    "eps" : "-",
    "pcRatio" : "-",
    "bookPrice" : "0.57",
    "dividendYield" : "-",
    "faceValue" : "10.00",
    "deliverables" : "65.49"
  }
}