{
  "url" : "https://www.moneycontrol.com/india/stockpricequote/packaging/esselpropack/EP11",
  "companyName" : "Essel Propack Ltd.",
  "breadCrumb" : "Moneycontrol / Market / Share/Stock Price / Packaging",
  "bseNseNames" : "BSE: 500135 | NSE: ESSELPACK |",
  "seriesLink" : "EQ",
  "isinLink" : "INE255A01020",
  "sectorLink" : "Moneycontrol / Market / Share/Stock Price / Packaging",
  "sectorTitle" : "PACKAGING",
  "bseData" : {
    "bsePrice" : "170.55",
    "bseVolume" : "6,379",
    "bsePrevClose" : "164.10",
    "bseOpenPrice" : "",
    "bseTodaysLow" : "153.15",
    "bseTodaysHigh" : "172.65",
    "bse52WeekLow" : "78.85",
    "bse52WeekHigh" : "203.60",
    "bseLowerPriceBand" : "131.30",
    "bseUpperPriceBand" : "196.90"
  },
  "nseData" : {
    "nsePrice" : "170.15",
    "nseVolume" : "86,130",
    "nsePrevClose" : "",
    "nseOpenPrice" : "",
    "nseTodaysLow" : "157.55",
    "nseTodaysHigh" : "173.00",
    "nse52WeekLow" : "78.75",
    "nse52WeekHigh" : "225.90",
    "nseLowerPriceBand" : "131.75",
    "nseUpperPriceBand" : "197.55"
  },
  "companyValuation" : {
    "marketCapital" : "5,380.02",
    "peRatio" : "61.65",
    "bookValue" : "21.43",
    "dividend" : "62.50",
    "marketLot" : "1",
    "industryPeRatio" : "10.24",
    "eps" : "2.76",
    "pcRatio" : "33.1",
    "bookPrice" : "7.96",
    "dividendYield" : "0.73",
    "faceValue" : "2.00",
    "deliverables" : "72.96"
  }
}