{
  "url" : "https://www.moneycontrol.com/india/stockpricequote/ceramicsgranite/euroceramics/EC7",
  "companyName" : "Euro Ceramics Ltd.",
  "breadCrumb" : "Moneycontrol / Market / Share/Stock Price / Ceramics & Granite",
  "bseNseNames" : "BSE: 532823 | NSE: EUROCERA | SERIES: BZ | ISIN: INE649H01011 | SECTOR: CERAMICS & GRANITECERAMICS & GRANITE",
  "seriesLink" : "BZ",
  "isinLink" : "INE649H01011",
  "sectorLink" : "Moneycontrol / Market / Share/Stock Price / Ceramics & Granite",
  "sectorTitle" : "CERAMICS & GRANITE",
  "bseData" : {
    "bsePrice" : "0.62",
    "bseVolume" : "10,000",
    "bsePrevClose" : "0.65",
    "bseOpenPrice" : "",
    "bseTodaysLow" : "0.62",
    "bseTodaysHigh" : "0.62",
    "bse52WeekLow" : "0.59",
    "bse52WeekHigh" : "2.18",
    "bseLowerPriceBand" : "0.62",
    "bseUpperPriceBand" : "0.68"
  },
  "nseData" : {
    "nsePrice" : "0.40",
    "nseVolume" : "1,350",
    "nsePrevClose" : "",
    "nseOpenPrice" : "",
    "nseTodaysLow" : "0.40",
    "nseTodaysHigh" : "0.40",
    "nse52WeekLow" : "0.15",
    "nse52WeekHigh" : "1.90",
    "nseLowerPriceBand" : "0.35",
    "nseUpperPriceBand" : "0.45"
  },
  "companyValuation" : {
    "marketCapital" : "2.09",
    "peRatio" : "-",
    "bookValue" : "-146.28",
    "dividend" : "0.00",
    "marketLot" : "1",
    "industryPeRatio" : "19.83",
    "eps" : "-",
    "pcRatio" : "-",
    "bookPrice" : "-",
    "dividendYield" : "-",
    "faceValue" : "10.00",
    "deliverables" : "79.95"
  }
}