{
  "url" : "https://www.moneycontrol.com/india/stockpricequote/cement-productsbuilding-materials/everestindustries/EI19",
  "companyName" : "Everest Industries Ltd.",
  "breadCrumb" : "Moneycontrol / Market / Share/Stock Price / Cement - Products & Building Materials",
  "bseNseNames" : "BSE: 508906 | NSE: EVERESTIND |",
  "seriesLink" : "EQ",
  "isinLink" : "INE295A01018",
  "sectorLink" : "Moneycontrol / Market / Share/Stock Price / Cement - Products & Building Materials",
  "sectorTitle" : "CEMENT - PRODUCTS & BUILDING MATERIALS",
  "bseData" : {
    "bsePrice" : "141.80",
    "bseVolume" : "1,700",
    "bsePrevClose" : "137.00",
    "bseOpenPrice" : "",
    "bseTodaysLow" : "137.50",
    "bseTodaysHigh" : "145.10",
    "bse52WeekLow" : "120.00",
    "bse52WeekHigh" : "475.00",
    "bseLowerPriceBand" : "109.60",
    "bseUpperPriceBand" : "164.40"
  },
  "nseData" : {
    "nsePrice" : "140.85",
    "nseVolume" : "34,839",
    "nsePrevClose" : "",
    "nseOpenPrice" : "",
    "nseTodaysLow" : "136.05",
    "nseTodaysHigh" : "145.00",
    "nse52WeekLow" : "117.20",
    "nse52WeekHigh" : "474.40",
    "nseLowerPriceBand" : "108.95",
    "nseUpperPriceBand" : "163.35"
  },
  "companyValuation" : {
    "marketCapital" : "221.72",
    "peRatio" : "6.8",
    "bookValue" : "289.52",
    "dividend" : "75.00",
    "marketLot" : "1",
    "industryPeRatio" : "6.71",
    "eps" : "20.71",
    "pcRatio" : "4.16",
    "bookPrice" : "0.49",
    "dividendYield" : "5.29",
    "faceValue" : "10.00",
    "deliverables" : "51.44"
  }
}