{
  "url" : "https://www.moneycontrol.com/india/stockpricequote/dry-cells/evereadyindustriesindia/EII02",
  "companyName" : "Eveready Industries India Ltd.",
  "breadCrumb" : "Moneycontrol / Market / Share/Stock Price / Dry Cells",
  "bseNseNames" : "BSE: 531508 | NSE: EVEREADY |",
  "seriesLink" : "BE",
  "isinLink" : "INE128A01029",
  "sectorLink" : "Moneycontrol / Market / Share/Stock Price / Dry Cells",
  "sectorTitle" : "DRY CELLS",
  "bseData" : {
    "bsePrice" : "53.85",
    "bseVolume" : "4,514",
    "bsePrevClose" : "51.30",
    "bseOpenPrice" : "",
    "bseTodaysLow" : "48.75",
    "bseTodaysHigh" : "53.85",
    "bse52WeekLow" : "36.20",
    "bse52WeekHigh" : "206.20",
    "bseLowerPriceBand" : "48.75",
    "bseUpperPriceBand" : "53.85"
  },
  "nseData" : {
    "nsePrice" : "53.50",
    "nseVolume" : "90,417",
    "nsePrevClose" : "",
    "nseOpenPrice" : "",
    "nseTodaysLow" : "52.50",
    "nseTodaysHigh" : "54.20",
    "nse52WeekLow" : "34.30",
    "nse52WeekHigh" : "190.30",
    "nseLowerPriceBand" : "49.10",
    "nseUpperPriceBand" : "54.20"
  },
  "companyValuation" : {
    "marketCapital" : "391.42",
    "peRatio" : "3.24",
    "bookValue" : "51.82",
    "dividend" : "0.00",
    "marketLot" : "1",
    "industryPeRatio" : "6.92",
    "eps" : "16.49",
    "pcRatio" : "2.74",
    "bookPrice" : "1.04",
    "dividendYield" : "-",
    "faceValue" : "5.00",
    "deliverables" : "65.64"
  }
}