{
  "url" : "https://www.moneycontrol.com/india/stockpricequote/chemicals/fairchemspeciality/HKF",
  "companyName" : "Fairchem Speciality Ltd.",
  "breadCrumb" : "Moneycontrol / Market / Share/Stock Price / Chemicals",
  "bseNseNames" : "BSE: 530117 | NSE: FAIRCHEM |",
  "seriesLink" : "EQ",
  "isinLink" : "INE959A01019",
  "sectorLink" : "Moneycontrol / Market / Share/Stock Price / Chemicals",
  "sectorTitle" : "CHEMICALS",
  "bseData" : {
    "bsePrice" : "452.35",
    "bseVolume" : "1,994",
    "bsePrevClose" : "453.40",
    "bseOpenPrice" : "",
    "bseTodaysLow" : "437.00",
    "bseTodaysHigh" : "468.00",
    "bse52WeekLow" : "360.00",
    "bse52WeekHigh" : "747.80",
    "bseLowerPriceBand" : "362.75",
    "bseUpperPriceBand" : "544.05"
  },
  "nseData" : {
    "nsePrice" : "446.50",
    "nseVolume" : "32,330",
    "nsePrevClose" : "",
    "nseOpenPrice" : "",
    "nseTodaysLow" : "431.10",
    "nseTodaysHigh" : "474.00",
    "nse52WeekLow" : "355.05",
    "nse52WeekHigh" : "748.05",
    "nseLowerPriceBand" : "363.10",
    "nseUpperPriceBand" : "544.60"
  },
  "companyValuation" : {
    "marketCapital" : "1,767.00",
    "peRatio" : "63.33",
    "bookValue" : "26.27",
    "dividend" : "25.00",
    "marketLot" : "1",
    "industryPeRatio" : "39.12",
    "eps" : "7.05",
    "pcRatio" : "52.9",
    "bookPrice" : "17.22",
    "dividendYield" : "0.55",
    "faceValue" : "10.00",
    "deliverables" : "35.18"
  }
}