{
  "url" : "https://www.moneycontrol.com/india/stockpricequote/textiles-weaving/gardensilkmills/GSM",
  "companyName" : "Garden Silk Mills Ltd.",
  "breadCrumb" : "Moneycontrol / Market / Share/Stock Price / Textiles - Weaving",
  "bseNseNames" : "BSE: 500155 | NSE: GARDENSILK | SERIES: BZ | ISIN: INE526A01016 | SECTOR: TEXTILES - WEAVINGTEXTILES - WEAVING",
  "seriesLink" : "BZ",
  "isinLink" : "INE526A01016",
  "sectorLink" : "Moneycontrol / Market / Share/Stock Price / Textiles - Weaving",
  "sectorTitle" : "TEXTILES - WEAVING",
  "bseData" : {
    "bsePrice" : "4.83",
    "bseVolume" : "16,150",
    "bsePrevClose" : "5.00",
    "bseOpenPrice" : "",
    "bseTodaysLow" : "4.75",
    "bseTodaysHigh" : "5.25",
    "bse52WeekLow" : "4.75",
    "bse52WeekHigh" : "20.75",
    "bseLowerPriceBand" : "4.75",
    "bseUpperPriceBand" : "5.25"
  },
  "nseData" : {
    "nsePrice" : "5.15",
    "nseVolume" : "6,329",
    "nsePrevClose" : "",
    "nseOpenPrice" : "",
    "nseTodaysLow" : "5.00",
    "nseTodaysHigh" : "5.40",
    "nse52WeekLow" : "5.00",
    "nse52WeekHigh" : "20.85",
    "nseLowerPriceBand" : "4.90",
    "nseUpperPriceBand" : "5.40"
  },
  "companyValuation" : {
    "marketCapital" : "20.33",
    "peRatio" : "-",
    "bookValue" : "-72.00",
    "dividend" : "0.00",
    "marketLot" : "1",
    "industryPeRatio" : "1.04",
    "eps" : "-",
    "pcRatio" : "-",
    "bookPrice" : "-",
    "dividendYield" : "-",
    "faceValue" : "10.00",
    "deliverables" : "72.04"
  }
}