{
  "url" : "https://www.moneycontrol.com/india/stockpricequote/miscellaneous/geeceeventures/GCI05",
  "companyName" : "GeeCee Ventures Ltd.",
  "breadCrumb" : "Moneycontrol / Market / Share/Stock Price / Miscellaneous",
  "bseNseNames" : "BSE: 532764 | NSE: GEECEE |",
  "seriesLink" : "EQ",
  "isinLink" : "INE916G01016",
  "sectorLink" : "Moneycontrol / Market / Share/Stock Price / Miscellaneous",
  "sectorTitle" : "MISCELLANEOUS",
  "bseData" : {
    "bsePrice" : "50.65",
    "bseVolume" : "1,292",
    "bsePrevClose" : "51.45",
    "bseOpenPrice" : "",
    "bseTodaysLow" : "49.60",
    "bseTodaysHigh" : "52.00",
    "bse52WeekLow" : "40.30",
    "bse52WeekHigh" : "138.00",
    "bseLowerPriceBand" : "41.20",
    "bseUpperPriceBand" : "61.70"
  },
  "nseData" : {
    "nsePrice" : "49.90",
    "nseVolume" : "3,715",
    "nsePrevClose" : "",
    "nseOpenPrice" : "",
    "nseTodaysLow" : "49.10",
    "nseTodaysHigh" : "55.40",
    "nse52WeekLow" : "40.10",
    "nse52WeekHigh" : "131.80",
    "nseLowerPriceBand" : "42.80",
    "nseUpperPriceBand" : "64.10"
  },
  "companyValuation" : {
    "marketCapital" : "105.92",
    "peRatio" : "5.35",
    "bookValue" : "208.78",
    "dividend" : "0.00",
    "marketLot" : "1",
    "industryPeRatio" : "13.75",
    "eps" : "9.33",
    "pcRatio" : "4.97",
    "bookPrice" : "0.24",
    "dividendYield" : "-",
    "faceValue" : "10.00",
    "deliverables" : "47.19"
  }
}