{
  "url" : "https://www.moneycontrol.com/india/stockpricequote/paper/genuspaperboards/GPB",
  "companyName" : "Genus Paper & Boards Ltd.",
  "breadCrumb" : "Moneycontrol / Market / Share/Stock Price / Paper",
  "bseNseNames" : "BSE: 538961 | NSE: GENUSPAPER |",
  "seriesLink" : "EQ",
  "isinLink" : "INE949P01018",
  "sectorLink" : "Moneycontrol / Market / Share/Stock Price / Paper",
  "sectorTitle" : "PAPER",
  "bseData" : {
    "bsePrice" : "4.20",
    "bseVolume" : "19,991",
    "bsePrevClose" : "3.66",
    "bseOpenPrice" : "",
    "bseTodaysLow" : "3.50",
    "bseTodaysHigh" : "4.20",
    "bse52WeekLow" : "2.80",
    "bse52WeekHigh" : "8.00",
    "bseLowerPriceBand" : "2.93",
    "bseUpperPriceBand" : "4.39"
  },
  "nseData" : {
    "nsePrice" : "4.05",
    "nseVolume" : "159,968",
    "nsePrevClose" : "",
    "nseOpenPrice" : "",
    "nseTodaysLow" : "3.40",
    "nseTodaysHigh" : "4.25",
    "nse52WeekLow" : "2.70",
    "nse52WeekHigh" : "8.30",
    "nseLowerPriceBand" : "2.95",
    "nseUpperPriceBand" : "4.35"
  },
  "companyValuation" : {
    "marketCapital" : "107.99",
    "peRatio" : "12.27",
    "bookValue" : "13.79",
    "dividend" : "0.00",
    "marketLot" : "1",
    "industryPeRatio" : "3.99",
    "eps" : "0.33",
    "pcRatio" : "4.88",
    "bookPrice" : "0.30",
    "dividendYield" : "-",
    "faceValue" : "1.00",
    "deliverables" : "45.49"
  }
}