{
  "url" : "https://www.moneycontrol.com/india/stockpricequote/electricals/genuspowerinfrastructures/GPI08",
  "companyName" : "Genus Power Infrastructures Ltd.",
  "breadCrumb" : "Moneycontrol / Market / Share/Stock Price / Electricals",
  "bseNseNames" : "BSE: 530343 | NSE: GENUSPOWER |",
  "seriesLink" : "EQ",
  "isinLink" : "INE955D01029",
  "sectorLink" : "Moneycontrol / Market / Share/Stock Price / Electricals",
  "sectorTitle" : "ELECTRICALS",
  "bseData" : {
    "bsePrice" : "14.85",
    "bseVolume" : "2,131",
    "bsePrevClose" : "14.70",
    "bseOpenPrice" : "",
    "bseTodaysLow" : "14.70",
    "bseTodaysHigh" : "15.15",
    "bse52WeekLow" : "12.65",
    "bse52WeekHigh" : "31.70",
    "bseLowerPriceBand" : "13.23",
    "bseUpperPriceBand" : "16.17"
  },
  "nseData" : {
    "nsePrice" : "14.85",
    "nseVolume" : "144,780",
    "nsePrevClose" : "",
    "nseOpenPrice" : "",
    "nseTodaysLow" : "14.55",
    "nseTodaysHigh" : "15.20",
    "nse52WeekLow" : "12.50",
    "nse52WeekHigh" : "31.50",
    "nseLowerPriceBand" : "13.20",
    "nseUpperPriceBand" : "16.10"
  },
  "companyValuation" : {
    "marketCapital" : "382.18",
    "peRatio" : "4.07",
    "bookValue" : "31.49",
    "dividend" : "58.00",
    "marketLot" : "1",
    "industryPeRatio" : "8.55",
    "eps" : "3.65",
    "pcRatio" : "3.37",
    "bookPrice" : "0.47",
    "dividendYield" : "3.91",
    "faceValue" : "1.00",
    "deliverables" : "64.92"
  }
}