{
  "url" : "https://www.moneycontrol.com/india/stockpricequote/power-transmissionequipment/gepowerindia/AP29",
  "companyName" : "GE Power India Ltd.",
  "breadCrumb" : "",
  "bseNseNames" : "BSE: 532309 | NSE: GEPIL |",
  "seriesLink" : "EQ",
  "isinLink" : "INE878A01011",
  "sectorLink" : "",
  "sectorTitle" : "Power - Transmission & Equipment",
  "bseData" : {
    "bsePrice" : "455.75",
    "bseVolume" : "359",
    "bsePrevClose" : "463.00",
    "bseOpenPrice" : "",
    "bseTodaysLow" : "455.75",
    "bseTodaysHigh" : "470.00",
    "bse52WeekLow" : "420.00",
    "bse52WeekHigh" : "933.00",
    "bseLowerPriceBand" : "370.40",
    "bseUpperPriceBand" : "555.60"
  },
  "nseData" : {
    "nsePrice" : "458.00",
    "nseVolume" : "27,212",
    "nsePrevClose" : "",
    "nseOpenPrice" : "",
    "nseTodaysLow" : "453.10",
    "nseTodaysHigh" : "471.55",
    "nse52WeekLow" : "426.75",
    "nse52WeekHigh" : "938.00",
    "nseLowerPriceBand" : "368.05",
    "nseUpperPriceBand" : "552.05"
  },
  "companyValuation" : {
    "marketCapital" : "3,063.89",
    "peRatio" : "31.67",
    "bookValue" : "131.65",
    "dividend" : "60.00",
    "marketLot" : "1",
    "industryPeRatio" : "10.40",
    "eps" : "14.46",
    "pcRatio" : "23.93",
    "bookPrice" : "3.46",
    "dividendYield" : "1.32",
    "faceValue" : "10.00",
    "deliverables" : "DELIVERY AVERAGES (%)\n3-Day\n51.11\n5-Day\n56.42\n8-Day\n60.39\n70.13"
  }
}