{
  "url" : "https://www.moneycontrol.com/india/stockpricequote/shipping/greateasternshippingcompany/GES",
  "companyName" : "Great Eastern Shipping Company Ltd.",
  "breadCrumb" : "Moneycontrol / Market / Share/Stock Price / Shipping",
  "bseNseNames" : "BSE: 500620 | NSE: GESHIP |",
  "seriesLink" : "EQ",
  "isinLink" : "INE017A01032",
  "sectorLink" : "Moneycontrol / Market / Share/Stock Price / Shipping",
  "sectorTitle" : "SHIPPING",
  "bseData" : {
    "bsePrice" : "201.20",
    "bseVolume" : "912",
    "bsePrevClose" : "201.25",
    "bseOpenPrice" : "",
    "bseTodaysLow" : "195.50",
    "bseTodaysHigh" : "201.25",
    "bse52WeekLow" : "168.95",
    "bse52WeekHigh" : "369.35",
    "bseLowerPriceBand" : "161.00",
    "bseUpperPriceBand" : "241.50"
  },
  "nseData" : {
    "nsePrice" : "199.00",
    "nseVolume" : "127,099",
    "nsePrevClose" : "",
    "nseOpenPrice" : "",
    "nseTodaysLow" : "195.40",
    "nseTodaysHigh" : "204.00",
    "nse52WeekLow" : "162.00",
    "nse52WeekHigh" : "369.40",
    "nseLowerPriceBand" : "160.00",
    "nseUpperPriceBand" : "239.90"
  },
  "companyValuation" : {
    "marketCapital" : "2,956.97",
    "peRatio" : "6.82",
    "bookValue" : "344.43",
    "dividend" : "54.00",
    "marketLot" : "1",
    "industryPeRatio" : "6.86",
    "eps" : "29.18",
    "pcRatio" : "3.12",
    "bookPrice" : "0.58",
    "dividendYield" : "2.68",
    "faceValue" : "10.00",
    "deliverables" : "79.64"
  }
}