{
  "url" : "https://www.moneycontrol.com/india/stockpricequote/power-transmissionequipment/getdindia/ATD",
  "companyName" : "GE T&D India Ltd.",
  "breadCrumb" : "Moneycontrol / Market / Share/Stock Price / Power - Transmission & Equipment",
  "bseNseNames" : "BSE: 522275 | NSE: GET&D |",
  "seriesLink" : "EQ",
  "isinLink" : "INE200A01026",
  "sectorLink" : "Moneycontrol / Market / Share/Stock Price / Power - Transmission & Equipment",
  "sectorTitle" : "POWER - TRANSMISSION & EQUIPMENT",
  "bseData" : {
    "bsePrice" : "77.10",
    "bseVolume" : "4,929",
    "bsePrevClose" : "70.20",
    "bseOpenPrice" : "",
    "bseTodaysLow" : "69.90",
    "bseTodaysHigh" : "77.20",
    "bse52WeekLow" : "62.05",
    "bse52WeekHigh" : "284.90",
    "bseLowerPriceBand" : "63.20",
    "bseUpperPriceBand" : "77.20"
  },
  "nseData" : {
    "nsePrice" : "77.00",
    "nseVolume" : "48,198",
    "nsePrevClose" : "",
    "nseOpenPrice" : "",
    "nseTodaysLow" : "69.45",
    "nseTodaysHigh" : "77.00",
    "nse52WeekLow" : "59.30",
    "nse52WeekHigh" : "290.00",
    "nseLowerPriceBand" : "63.00",
    "nseUpperPriceBand" : "77.00"
  },
  "companyValuation" : {
    "marketCapital" : "1,974.12",
    "peRatio" : "-",
    "bookValue" : "55.77",
    "dividend" : "90.00",
    "marketLot" : "1",
    "industryPeRatio" : "10.40",
    "eps" : "-",
    "pcRatio" : "-",
    "bookPrice" : "1.38",
    "dividendYield" : "2.33",
    "faceValue" : "2.00",
    "deliverables" : "64.94"
  }
}