{
  "url" : "https://www.moneycontrol.com/india/stockpricequote/chemicals/gfl/GF07",
  "companyName" : "GFL Ltd.",
  "breadCrumb" : "Moneycontrol / Market / Share/Stock Price / Chemicals",
  "bseNseNames" : "BSE: 500173 | NSE: GFLLIMITED |",
  "seriesLink" : "EQ",
  "isinLink" : "INE538A01037",
  "sectorLink" : "Moneycontrol / Market / Share/Stock Price / Chemicals",
  "sectorTitle" : "CHEMICALS",
  "bseData" : {
    "bsePrice" : "88.70",
    "bseVolume" : "744",
    "bsePrevClose" : "84.95",
    "bseOpenPrice" : "",
    "bseTodaysLow" : "84.20",
    "bseTodaysHigh" : "88.95",
    "bse52WeekLow" : "49.95",
    "bse52WeekHigh" : "1140.95",
    "bseLowerPriceBand" : "80.75",
    "bseUpperPriceBand" : "89.15"
  },
  "nseData" : {
    "nsePrice" : "86.15",
    "nseVolume" : "23,861",
    "nsePrevClose" : "",
    "nseOpenPrice" : "",
    "nseTodaysLow" : "84.65",
    "nseTodaysHigh" : "88.00",
    "nse52WeekLow" : "39.95",
    "nse52WeekHigh" : "1144.00",
    "nseLowerPriceBand" : "80.65",
    "nseUpperPriceBand" : "89.05"
  },
  "companyValuation" : {
    "marketCapital" : "974.37",
    "peRatio" : "1.53",
    "bookValue" : "428.67",
    "dividend" : "350.00",
    "marketLot" : "1",
    "industryPeRatio" : "13.32",
    "eps" : "56.24",
    "pcRatio" : "1.21",
    "bookPrice" : "0.21",
    "dividendYield" : "3.95",
    "faceValue" : "1.00",
    "deliverables" : "74.31"
  }
}