{
  "url" : "https://www.moneycontrol.com/india/stockpricequote/steel-mediumsmall/grandfoundry/GF05",
  "companyName" : "Grand Foundry Ltd.",
  "breadCrumb" : "Moneycontrol / Market / Share/Stock Price / Steel - Medium & Small",
  "bseNseNames" : "BSE: 513343 | NSE: GFSTEELS |",
  "seriesLink" : "BE",
  "isinLink" : "INE534A01028",
  "sectorLink" : "Moneycontrol / Market / Share/Stock Price / Steel - Medium & Small",
  "sectorTitle" : "STEEL - MEDIUM & SMALL",
  "bseData" : {
    "bsePrice" : "3.96",
    "bseVolume" : "1",
    "bsePrevClose" : "4.16",
    "bseOpenPrice" : "",
    "bseTodaysLow" : "3.96",
    "bseTodaysHigh" : "3.96",
    "bse52WeekLow" : "1.25",
    "bse52WeekHigh" : "8.00",
    "bseLowerPriceBand" : "3.96",
    "bseUpperPriceBand" : "4.16"
  },
  "nseData" : {
    "nsePrice" : "1.25",
    "nseVolume" : "4,470",
    "nsePrevClose" : "",
    "nseOpenPrice" : "",
    "nseTodaysLow" : "1.25",
    "nseTodaysHigh" : "1.25",
    "nse52WeekLow" : "1.25",
    "nse52WeekHigh" : "7.60",
    "nseLowerPriceBand" : "1.25",
    "nseUpperPriceBand" : "1.35"
  },
  "companyValuation" : {
    "marketCapital" : "12.05",
    "peRatio" : "66",
    "bookValue" : "0.20",
    "dividend" : "0.00",
    "marketLot" : "1",
    "industryPeRatio" : "6.03",
    "eps" : "0.06",
    "pcRatio" : "44",
    "bookPrice" : "19.80",
    "dividendYield" : "-",
    "faceValue" : "4.00",
    "deliverables" : "0"
  }
}