{
  "url" : "https://www.moneycontrol.com/india/stockpricequote/chemicals/gujaratheavychemicals/GHC",
  "companyName" : "Gujarat Heavy Chemicals Ltd.",
  "breadCrumb" : "Moneycontrol / Market / Share/Stock Price / Chemicals",
  "bseNseNames" : "BSE: 500171 | NSE: GHCL |",
  "seriesLink" : "EQ",
  "isinLink" : "INE539A01019",
  "sectorLink" : "Moneycontrol / Market / Share/Stock Price / Chemicals",
  "sectorTitle" : "CHEMICALS",
  "bseData" : {
    "bsePrice" : "105.05",
    "bseVolume" : "20,191",
    "bsePrevClose" : "100.05",
    "bseOpenPrice" : "",
    "bseTodaysLow" : "101.00",
    "bseTodaysHigh" : "105.05",
    "bse52WeekLow" : "68.80",
    "bse52WeekHigh" : "277.20",
    "bseLowerPriceBand" : "95.05",
    "bseUpperPriceBand" : "105.05"
  },
  "nseData" : {
    "nsePrice" : "104.85",
    "nseVolume" : "73,614",
    "nsePrevClose" : "",
    "nseOpenPrice" : "",
    "nseTodaysLow" : "102.00",
    "nseTodaysHigh" : "104.85",
    "nse52WeekLow" : "69.05",
    "nse52WeekHigh" : "277.45",
    "nseLowerPriceBand" : "94.95",
    "nseUpperPriceBand" : "104.85"
  },
  "companyValuation" : {
    "marketCapital" : "998.11",
    "peRatio" : "2.24",
    "bookValue" : "205.12",
    "dividend" : "50.00",
    "marketLot" : "1",
    "industryPeRatio" : "4.37",
    "eps" : "46.85",
    "pcRatio" : "1.77",
    "bookPrice" : "0.51",
    "dividendYield" : "4.76",
    "faceValue" : "10.00",
    "deliverables" : "80.56"
  }
}