{
  "url" : "https://www.moneycontrol.com/india/stockpricequote/finance-housing/gichousingfinance/GIC",
  "companyName" : "GIC Housing Finance Ltd.",
  "breadCrumb" : "Moneycontrol / Market / Share/Stock Price / Finance - Housing",
  "bseNseNames" : "BSE: 511676 | NSE: GICHSGFIN |",
  "seriesLink" : "EQ",
  "isinLink" : "INE289B01019",
  "sectorLink" : "Moneycontrol / Market / Share/Stock Price / Finance - Housing",
  "sectorTitle" : "FINANCE - HOUSING",
  "bseData" : {
    "bsePrice" : "61.20",
    "bseVolume" : "17,929",
    "bsePrevClose" : "61.30",
    "bseOpenPrice" : "",
    "bseTodaysLow" : "60.90",
    "bseTodaysHigh" : "63.55",
    "bse52WeekLow" : "52.10",
    "bse52WeekHigh" : "281.90",
    "bseLowerPriceBand" : "55.20",
    "bseUpperPriceBand" : "67.40"
  },
  "nseData" : {
    "nsePrice" : "61.45",
    "nseVolume" : "124,600",
    "nsePrevClose" : "",
    "nseOpenPrice" : "",
    "nseTodaysLow" : "60.45",
    "nseTodaysHigh" : "63.55",
    "nse52WeekLow" : "51.10",
    "nse52WeekHigh" : "283.65",
    "nseLowerPriceBand" : "55.25",
    "nseUpperPriceBand" : "67.45"
  },
  "companyValuation" : {
    "marketCapital" : "329.57",
    "peRatio" : "4.72",
    "bookValue" : "232.86",
    "dividend" : "55.00",
    "marketLot" : "1",
    "industryPeRatio" : "16.05",
    "eps" : "13.03",
    "pcRatio" : "4.67",
    "bookPrice" : "0.26",
    "dividendYield" : "8.99",
    "faceValue" : "10.00",
    "deliverables" : "66.43"
  }
}