{
  "url" : "https://www.moneycontrol.com/india/stockpricequote/personal-care/gilletteindia/GI22",
  "companyName" : "Gillette India Ltd.",
  "breadCrumb" : "Moneycontrol / Market / Share/Stock Price / Personal Care",
  "bseNseNames" : "BSE: 507815 | NSE: GILLETTE |",
  "seriesLink" : "EQ",
  "isinLink" : "INE322A01010",
  "sectorLink" : "Moneycontrol / Market / Share/Stock Price / Personal Care",
  "sectorTitle" : "PERSONAL CARE",
  "bseData" : {
    "bsePrice" : "5209.70",
    "bseVolume" : "610",
    "bsePrevClose" : "5127.15",
    "bseOpenPrice" : "",
    "bseTodaysLow" : "5125.10",
    "bseTodaysHigh" : "5292.00",
    "bse52WeekLow" : "4420.00",
    "bse52WeekHigh" : "8145.00",
    "bseLowerPriceBand" : "4101.75",
    "bseUpperPriceBand" : "6152.55"
  },
  "nseData" : {
    "nsePrice" : "5205.25",
    "nseVolume" : "2,934",
    "nsePrevClose" : "",
    "nseOpenPrice" : "",
    "nseTodaysLow" : "5152.10",
    "nseTodaysHigh" : "5290.00",
    "nse52WeekLow" : "4450.00",
    "nse52WeekHigh" : "8140.00",
    "nseLowerPriceBand" : "4118.25",
    "nseUpperPriceBand" : "6177.35"
  },
  "companyValuation" : {
    "marketCapital" : "16,975.92",
    "peRatio" : "63.66",
    "bookValue" : "238.87",
    "dividend" : "440.00",
    "marketLot" : "1",
    "industryPeRatio" : "65.49",
    "eps" : "81.76",
    "pcRatio" : "54",
    "bookPrice" : "21.81",
    "dividendYield" : "0.84",
    "faceValue" : "10.00",
    "deliverables" : "55.99"
  }
}