{
  "url" : "https://www.moneycontrol.com/india/stockpricequote/power-generationdistribution/gujaratindustriespowerco/GIP",
  "companyName" : "Gujarat Industries Power Co. Ltd.",
  "breadCrumb" : "Moneycontrol / Market / Share/Stock Price / Power - Generation & Distribution",
  "bseNseNames" : "BSE: 517300 | NSE: GIPCL |",
  "seriesLink" : "EQ",
  "isinLink" : "INE162A01010",
  "sectorLink" : "Moneycontrol / Market / Share/Stock Price / Power - Generation & Distribution",
  "sectorTitle" : "POWER - GENERATION & DISTRIBUTION",
  "bseData" : {
    "bsePrice" : "53.95",
    "bseVolume" : "14,932",
    "bsePrevClose" : "53.60",
    "bseOpenPrice" : "",
    "bseTodaysLow" : "52.95",
    "bseTodaysHigh" : "55.20",
    "bse52WeekLow" : "42.50",
    "bse52WeekHigh" : "87.00",
    "bseLowerPriceBand" : "42.90",
    "bseUpperPriceBand" : "64.30"
  },
  "nseData" : {
    "nsePrice" : "53.55",
    "nseVolume" : "86,331",
    "nsePrevClose" : "",
    "nseOpenPrice" : "",
    "nseTodaysLow" : "52.90",
    "nseTodaysHigh" : "55.25",
    "nse52WeekLow" : "44.25",
    "nse52WeekHigh" : "86.90",
    "nseLowerPriceBand" : "42.85",
    "nseUpperPriceBand" : "64.25"
  },
  "companyValuation" : {
    "marketCapital" : "816.00",
    "peRatio" : "2.32",
    "bookValue" : "169.96",
    "dividend" : "29.00",
    "marketLot" : "1",
    "industryPeRatio" : "7.28",
    "eps" : "23.07",
    "pcRatio" : "1.57",
    "bookPrice" : "0.32",
    "dividendYield" : "5.38",
    "faceValue" : "10.00",
    "deliverables" : "73.91"
  }
}