{
  "url" : "https://www.moneycontrol.com/india/stockpricequote/pharmaceuticals/glenmarkpharma/GP08",
  "companyName" : "Glenmark Pharma Ltd.",
  "breadCrumb" : "Moneycontrol / Market / Share/Stock Price / Pharmaceuticals",
  "bseNseNames" : "BSE: 532296 | NSE: GLENMARK |",
  "seriesLink" : "EQ",
  "isinLink" : "INE935A01035",
  "sectorLink" : "Moneycontrol / Market / Share/Stock Price / Pharmaceuticals",
  "sectorTitle" : "PHARMACEUTICALS",
  "bseData" : {
    "bsePrice" : "233.55",
    "bseVolume" : "244,470",
    "bsePrevClose" : "227.95",
    "bseOpenPrice" : "",
    "bseTodaysLow" : "225.50",
    "bseTodaysHigh" : "244.00",
    "bse52WeekLow" : "168.00",
    "bse52WeekHigh" : "659.70",
    "bseLowerPriceBand" : "205.20",
    "bseUpperPriceBand" : "250.70"
  },
  "nseData" : {
    "nsePrice" : "233.60",
    "nseVolume" : "4,713,905",
    "nsePrevClose" : "",
    "nseOpenPrice" : "",
    "nseTodaysLow" : "225.05",
    "nseTodaysHigh" : "244.20",
    "nse52WeekLow" : "161.65",
    "nse52WeekHigh" : "659.30",
    "nseLowerPriceBand" : "205.20",
    "nseUpperPriceBand" : "250.70"
  },
  "companyValuation" : {
    "marketCapital" : "6,590.04",
    "peRatio" : "5.12",
    "bookValue" : "423.23",
    "dividend" : "200.00",
    "marketLot" : "1",
    "industryPeRatio" : "32.25",
    "eps" : "45.6",
    "pcRatio" : "4.73",
    "bookPrice" : "0.55",
    "dividendYield" : "0.86",
    "faceValue" : "1.00",
    "deliverables" : "21.46"
  }
}