{
  "url" : "https://www.moneycontrol.com/india/stockpricequote/finance-leasinghire-purchase/gujaratleasefinancing/GLF01",
  "companyName" : "Gujarat Lease Financing Ltd.",
  "breadCrumb" : "Moneycontrol / Market / Share/Stock Price / Finance - Leasing & Hire Purchase",
  "bseNseNames" : "BSE: 500174 | NSE: GLFL |",
  "seriesLink" : "BE",
  "isinLink" : "INE540A01017",
  "sectorLink" : "Moneycontrol / Market / Share/Stock Price / Finance - Leasing & Hire Purchase",
  "sectorTitle" : "FINANCE - LEASING & HIRE PURCHASE",
  "bseData" : {
    "bsePrice" : "1.47",
    "bseVolume" : "10",
    "bsePrevClose" : "1.40",
    "bseOpenPrice" : "",
    "bseTodaysLow" : "1.47",
    "bseTodaysHigh" : "1.47",
    "bse52WeekLow" : "1.06",
    "bse52WeekHigh" : "2.16",
    "bseLowerPriceBand" : "1.33",
    "bseUpperPriceBand" : "1.47"
  },
  "nseData" : {
    "nsePrice" : "1.20",
    "nseVolume" : "1,000",
    "nsePrevClose" : "",
    "nseOpenPrice" : "",
    "nseTodaysLow" : "1.20",
    "nseTodaysHigh" : "1.20",
    "nse52WeekLow" : "0.40",
    "nse52WeekHigh" : "1.65",
    "nseLowerPriceBand" : "1.20",
    "nseUpperPriceBand" : "1.30"
  },
  "companyValuation" : {
    "marketCapital" : "3.99",
    "peRatio" : "-",
    "bookValue" : "-2.31",
    "dividend" : "0.00",
    "marketLot" : "1",
    "industryPeRatio" : "23.58",
    "eps" : "-",
    "pcRatio" : "-",
    "bookPrice" : "-",
    "dividendYield" : "-",
    "faceValue" : "10.00",
    "deliverables" : "100.00"
  }
}