{
  "url" : "https://www.moneycontrol.com/india/stockpricequote/shipping/globaloffshoreservices/GOS",
  "companyName" : "Global Offshore Services Ltd.",
  "breadCrumb" : "Moneycontrol / Market / Share/Stock Price / Shipping",
  "bseNseNames" : "BSE: 501848 | NSE: GLOBOFFS |",
  "seriesLink" : "EQ",
  "isinLink" : "INE446C01013",
  "sectorLink" : "Moneycontrol / Market / Share/Stock Price / Shipping",
  "sectorTitle" : "SHIPPING",
  "bseData" : {
    "bsePrice" : "2.86",
    "bseVolume" : "264",
    "bsePrevClose" : "2.73",
    "bseOpenPrice" : "",
    "bseTodaysLow" : "2.86",
    "bseTodaysHigh" : "2.86",
    "bse52WeekLow" : "2.60",
    "bse52WeekHigh" : "12.35",
    "bseLowerPriceBand" : "2.60",
    "bseUpperPriceBand" : "2.86"
  },
  "nseData" : {
    "nsePrice" : "3.20",
    "nseVolume" : "1,382",
    "nsePrevClose" : "",
    "nseOpenPrice" : "",
    "nseTodaysLow" : "3.20",
    "nseTodaysHigh" : "3.20",
    "nse52WeekLow" : "2.65",
    "nse52WeekHigh" : "11.95",
    "nseLowerPriceBand" : "2.90",
    "nseUpperPriceBand" : "3.20"
  },
  "companyValuation" : {
    "marketCapital" : "7.07",
    "peRatio" : "-",
    "bookValue" : "77.42",
    "dividend" : "0.00",
    "marketLot" : "1",
    "industryPeRatio" : "6.86",
    "eps" : "-",
    "pcRatio" : "-",
    "bookPrice" : "0.04",
    "dividendYield" : "-",
    "faceValue" : "10.00",
    "deliverables" : "100.00"
  }
}