{
  "url" : "https://www.moneycontrol.com/india/stockpricequote/transportlogistics/globalvectrahelicorp/GVH",
  "companyName" : "Global Vectra Helicorp Ltd.",
  "breadCrumb" : "Moneycontrol / Market / Share/Stock Price / Transport & Logistics",
  "bseNseNames" : "BSE: 532773 | NSE: GLOBALVECT |",
  "seriesLink" : "EQ",
  "isinLink" : "INE792H01019",
  "sectorLink" : "Moneycontrol / Market / Share/Stock Price / Transport & Logistics",
  "sectorTitle" : "TRANSPORT & LOGISTICS",
  "bseData" : {
    "bsePrice" : "44.85",
    "bseVolume" : "15,729",
    "bsePrevClose" : "37.40",
    "bseOpenPrice" : "",
    "bseTodaysLow" : "37.40",
    "bseTodaysHigh" : "44.85",
    "bse52WeekLow" : "30.65",
    "bse52WeekHigh" : "127.00",
    "bseLowerPriceBand" : "29.95",
    "bseUpperPriceBand" : "44.85"
  },
  "nseData" : {
    "nsePrice" : "44.75",
    "nseVolume" : "97,669",
    "nsePrevClose" : "",
    "nseOpenPrice" : "",
    "nseTodaysLow" : "37.05",
    "nseTodaysHigh" : "44.75",
    "nse52WeekLow" : "28.95",
    "nse52WeekHigh" : "126.90",
    "nseLowerPriceBand" : "29.85",
    "nseUpperPriceBand" : "44.75"
  },
  "companyValuation" : {
    "marketCapital" : "62.79",
    "peRatio" : "5.7",
    "bookValue" : "47.36",
    "dividend" : "0.00",
    "marketLot" : "1",
    "industryPeRatio" : "209.45",
    "eps" : "7.85",
    "pcRatio" : "1.26",
    "bookPrice" : "0.95",
    "dividendYield" : "-",
    "faceValue" : "10.00",
    "deliverables" : "70.68"
  }
}