{
  "url" : "https://www.moneycontrol.com/india/stockpricequote/breweriesdistilleries/gmbreweries/GMB",
  "companyName" : "GM Breweries Ltd.",
  "breadCrumb" : "Moneycontrol / Market / Share/Stock Price / Breweries & Distilleries",
  "bseNseNames" : "BSE: 507488 | NSE: GMBREW |",
  "seriesLink" : "EQ",
  "isinLink" : "INE075D01018",
  "sectorLink" : "Moneycontrol / Market / Share/Stock Price / Breweries & Distilleries",
  "sectorTitle" : "BREWERIES & DISTILLERIES",
  "bseData" : {
    "bsePrice" : "347.60",
    "bseVolume" : "3,821",
    "bsePrevClose" : "349.80",
    "bseOpenPrice" : "",
    "bseTodaysLow" : "342.00",
    "bseTodaysHigh" : "364.00",
    "bse52WeekLow" : "220.00",
    "bse52WeekHigh" : "628.90",
    "bseLowerPriceBand" : "279.85",
    "bseUpperPriceBand" : "419.75"
  },
  "nseData" : {
    "nsePrice" : "345.05",
    "nseVolume" : "41,807",
    "nsePrevClose" : "",
    "nseOpenPrice" : "",
    "nseTodaysLow" : "340.00",
    "nseTodaysHigh" : "365.75",
    "nse52WeekLow" : "221.05",
    "nse52WeekHigh" : "627.85",
    "nseLowerPriceBand" : "280.80",
    "nseUpperPriceBand" : "421.10"
  },
  "companyValuation" : {
    "marketCapital" : "635.33",
    "peRatio" : "8.47",
    "bookValue" : "200.69",
    "dividend" : "30.00",
    "marketLot" : "1",
    "industryPeRatio" : "41.21",
    "eps" : "40.72",
    "pcRatio" : "7.71",
    "bookPrice" : "1.73",
    "dividendYield" : "0.86",
    "faceValue" : "10.00",
    "deliverables" : "14.75"
  }
}