{
  "url" : "https://www.moneycontrol.com/india/stockpricequote/infrastructure-general/gmrinfrastructure/GI27",
  "companyName" : "GMR Infrastructure Ltd.",
  "breadCrumb" : "Moneycontrol / Market / Share/Stock Price / Infrastructure - General",
  "bseNseNames" : "BSE: 532754 | NSE: GMRINFRA |",
  "seriesLink" : "EQ",
  "isinLink" : "INE776C01039",
  "sectorLink" : "Moneycontrol / Market / Share/Stock Price / Infrastructure - General",
  "sectorTitle" : "INFRASTRUCTURE - GENERAL",
  "bseData" : {
    "bsePrice" : "16.55",
    "bseVolume" : "444,285",
    "bsePrevClose" : "16.70",
    "bseOpenPrice" : "",
    "bseTodaysLow" : "16.40",
    "bseTodaysHigh" : "17.40",
    "bse52WeekLow" : "14.05",
    "bse52WeekHigh" : "26.55",
    "bseLowerPriceBand" : "15.05",
    "bseUpperPriceBand" : "18.35"
  },
  "nseData" : {
    "nsePrice" : "16.60",
    "nseVolume" : "15,755,865",
    "nsePrevClose" : "",
    "nseOpenPrice" : "",
    "nseTodaysLow" : "16.45",
    "nseTodaysHigh" : "17.45",
    "nse52WeekLow" : "14.05",
    "nse52WeekHigh" : "26.50",
    "nseLowerPriceBand" : "15.10",
    "nseUpperPriceBand" : "18.40"
  },
  "companyValuation" : {
    "marketCapital" : "9,989.49",
    "peRatio" : "-",
    "bookValue" : "19.39",
    "dividend" : "0.00",
    "marketLot" : "1",
    "industryPeRatio" : "10.40",
    "eps" : "-",
    "pcRatio" : "-",
    "bookPrice" : "0.85",
    "dividendYield" : "-",
    "faceValue" : "1.00",
    "deliverables" : "66.98"
  }
}