{
  "url" : "https://www.moneycontrol.com/india/stockpricequote/auto-ancillaries/gnaaxles/A03",
  "companyName" : "GNA Axles Ltd.",
  "breadCrumb" : "Moneycontrol / Market / Share/Stock Price / Auto Ancillaries",
  "bseNseNames" : "BSE: 540124 | NSE: GNA |",
  "seriesLink" : "EQ",
  "isinLink" : "INE934S01014",
  "sectorLink" : "Moneycontrol / Market / Share/Stock Price / Auto Ancillaries",
  "sectorTitle" : "AUTO ANCILLARIES",
  "bseData" : {
    "bsePrice" : "143.00",
    "bseVolume" : "2,724",
    "bsePrevClose" : "137.80",
    "bseOpenPrice" : "",
    "bseTodaysLow" : "135.85",
    "bseTodaysHigh" : "149.00",
    "bse52WeekLow" : "132.00",
    "bse52WeekHigh" : "332.85",
    "bseLowerPriceBand" : "110.25",
    "bseUpperPriceBand" : "165.35"
  },
  "nseData" : {
    "nsePrice" : "142.90",
    "nseVolume" : "41,422",
    "nsePrevClose" : "",
    "nseOpenPrice" : "",
    "nseTodaysLow" : "135.10",
    "nseTodaysHigh" : "148.45",
    "nse52WeekLow" : "126.15",
    "nse52WeekHigh" : "333.05",
    "nseLowerPriceBand" : "110.70",
    "nseUpperPriceBand" : "166.00"
  },
  "companyValuation" : {
    "marketCapital" : "306.96",
    "peRatio" : "4.65",
    "bookValue" : "187.16",
    "dividend" : "27.50",
    "marketLot" : "1",
    "industryPeRatio" : "14.30",
    "eps" : "30.76",
    "pcRatio" : "3.04",
    "bookPrice" : "0.76",
    "dividendYield" : "1.92",
    "faceValue" : "10.00",
    "deliverables" : "60.63"
  }
}