{
  "url" : "https://www.moneycontrol.com/india/stockpricequote/fertilisers/gujaratnarmadavalleyfertilizerschemicals/GNV",
  "companyName" : "Gujarat Narmada Valley Fertilizers & Chemicals Ltd.",
  "breadCrumb" : "Moneycontrol / Market / Share/Stock Price / Fertilisers",
  "bseNseNames" : "BSE: 500670 | NSE: GNFC |",
  "seriesLink" : "EQ",
  "isinLink" : "INE113A01013",
  "sectorLink" : "Moneycontrol / Market / Share/Stock Price / Fertilisers",
  "sectorTitle" : "FERTILISERS",
  "bseData" : {
    "bsePrice" : "121.75",
    "bseVolume" : "130,198",
    "bsePrevClose" : "116.45",
    "bseOpenPrice" : "",
    "bseTodaysLow" : "116.45",
    "bseTodaysHigh" : "127.55",
    "bse52WeekLow" : "95.70",
    "bse52WeekHigh" : "337.65",
    "bseLowerPriceBand" : "93.20",
    "bseUpperPriceBand" : "139.70"
  },
  "nseData" : {
    "nsePrice" : "121.85",
    "nseVolume" : "1,372,070",
    "nsePrevClose" : "",
    "nseOpenPrice" : "",
    "nseTodaysLow" : "116.00",
    "nseTodaysHigh" : "127.60",
    "nse52WeekLow" : "95.55",
    "nse52WeekHigh" : "337.80",
    "nseLowerPriceBand" : "93.30",
    "nseUpperPriceBand" : "139.90"
  },
  "companyValuation" : {
    "marketCapital" : "1,892.22",
    "peRatio" : "5.35",
    "bookValue" : "321.52",
    "dividend" : "70.00",
    "marketLot" : "1",
    "industryPeRatio" : "8.94",
    "eps" : "22.76",
    "pcRatio" : "3.07",
    "bookPrice" : "0.38",
    "dividendYield" : "5.75",
    "faceValue" : "10.00",
    "deliverables" : "29.92"
  }
}