{
  "url" : "https://www.moneycontrol.com/india/stockpricequote/petrochemicals/goacarbon/GC04",
  "companyName" : "Goa Carbon Ltd.",
  "breadCrumb" : "Moneycontrol / Market / Share/Stock Price / Petrochemicals",
  "bseNseNames" : "BSE: 509567 | NSE: GOACARBON |",
  "seriesLink" : "EQ",
  "isinLink" : "INE426D01013",
  "sectorLink" : "Moneycontrol / Market / Share/Stock Price / Petrochemicals",
  "sectorTitle" : "PETROCHEMICALS",
  "bseData" : {
    "bsePrice" : "149.30",
    "bseVolume" : "25",
    "bsePrevClose" : "142.20",
    "bseOpenPrice" : "",
    "bseTodaysLow" : "149.30",
    "bseTodaysHigh" : "149.30",
    "bse52WeekLow" : "109.25",
    "bse52WeekHigh" : "508.20",
    "bseLowerPriceBand" : "135.10",
    "bseUpperPriceBand" : "149.30"
  },
  "nseData" : {
    "nsePrice" : "150.85",
    "nseVolume" : "4,342",
    "nsePrevClose" : "",
    "nseOpenPrice" : "",
    "nseTodaysLow" : "150.85",
    "nseTodaysHigh" : "150.85",
    "nse52WeekLow" : "108.60",
    "nse52WeekHigh" : "508.00",
    "nseLowerPriceBand" : "136.55",
    "nseUpperPriceBand" : "150.85"
  },
  "companyValuation" : {
    "marketCapital" : "136.63",
    "peRatio" : "-",
    "bookValue" : "117.57",
    "dividend" : "0.00",
    "marketLot" : "1",
    "industryPeRatio" : "12.34",
    "eps" : "-",
    "pcRatio" : "-",
    "bookPrice" : "1.27",
    "dividendYield" : "-",
    "faceValue" : "10.00",
    "deliverables" : "99.96"
  }
}