{
  "url" : "https://www.moneycontrol.com/india/stockpricequote/chemicals/goclcorporation/GOC01",
  "companyName" : "GOCL Corporation Ltd.",
  "breadCrumb" : "Moneycontrol / Market / Share/Stock Price / Chemicals",
  "bseNseNames" : "BSE: 506480 | NSE: GOCLCORP |",
  "seriesLink" : "EQ",
  "isinLink" : "INE077F01035",
  "sectorLink" : "Moneycontrol / Market / Share/Stock Price / Chemicals",
  "sectorTitle" : "CHEMICALS",
  "bseData" : {
    "bsePrice" : "128.60",
    "bseVolume" : "303",
    "bsePrevClose" : "127.45",
    "bseOpenPrice" : "",
    "bseTodaysLow" : "128.60",
    "bseTodaysHigh" : "134.95",
    "bse52WeekLow" : "111.00",
    "bse52WeekHigh" : "349.80",
    "bseLowerPriceBand" : "114.75",
    "bseUpperPriceBand" : "140.15"
  },
  "nseData" : {
    "nsePrice" : "132.70",
    "nseVolume" : "4,390",
    "nsePrevClose" : "",
    "nseOpenPrice" : "",
    "nseTodaysLow" : "126.30",
    "nseTodaysHigh" : "134.50",
    "nse52WeekLow" : "107.95",
    "nse52WeekHigh" : "349.00",
    "nseLowerPriceBand" : "113.45",
    "nseUpperPriceBand" : "138.65"
  },
  "companyValuation" : {
    "marketCapital" : "637.50",
    "peRatio" : "40.33",
    "bookValue" : "77.81",
    "dividend" : "200.00",
    "marketLot" : "1",
    "industryPeRatio" : "13.34",
    "eps" : "3.29",
    "pcRatio" : "36.06",
    "bookPrice" : "1.65",
    "dividendYield" : "3.11",
    "faceValue" : "2.00",
    "deliverables" : "65.87"
  }
}