{
  "url" : "https://www.moneycontrol.com/india/stockpricequote/cigarettes/godfreyphillipsindia/GPI",
  "companyName" : "Godfrey Phillips India Ltd.",
  "breadCrumb" : "Moneycontrol / Market / Share/Stock Price / Cigarettes",
  "bseNseNames" : "BSE: 500163 | NSE: GODFRYPHLP |",
  "seriesLink" : "EQ",
  "isinLink" : "INE260B01028",
  "sectorLink" : "Moneycontrol / Market / Share/Stock Price / Cigarettes",
  "sectorTitle" : "CIGARETTES",
  "bseData" : {
    "bsePrice" : "981.85",
    "bseVolume" : "11,253",
    "bsePrevClose" : "982.25",
    "bseOpenPrice" : "",
    "bseTodaysLow" : "872.95",
    "bseTodaysHigh" : "1095.50",
    "bse52WeekLow" : "675.30",
    "bse52WeekHigh" : "1480.40",
    "bseLowerPriceBand" : "785.80",
    "bseUpperPriceBand" : "1178.70"
  },
  "nseData" : {
    "nsePrice" : "980.25",
    "nseVolume" : "163,204",
    "nsePrevClose" : "",
    "nseOpenPrice" : "",
    "nseTodaysLow" : "963.25",
    "nseTodaysHigh" : "1113.15",
    "nse52WeekLow" : "673.30",
    "nse52WeekHigh" : "1481.75",
    "nseLowerPriceBand" : "784.50",
    "nseUpperPriceBand" : "1176.70"
  },
  "companyValuation" : {
    "marketCapital" : "5,105.02",
    "peRatio" : "13.59",
    "bookValue" : "364.71",
    "dividend" : "500.00",
    "marketLot" : "1",
    "industryPeRatio" : "21.19",
    "eps" : "72.13",
    "pcRatio" : "10.82",
    "bookPrice" : "2.69",
    "dividendYield" : "1.02",
    "faceValue" : "2.00",
    "deliverables" : "23.30"
  }
}