{
  "url" : "https://www.moneycontrol.com/india/stockpricequote/personal-care/godrejconsumerproducts/GCP",
  "companyName" : "Godrej Consumer Products Ltd.",
  "breadCrumb" : "Moneycontrol / Market / Share/Stock Price / Personal Care",
  "bseNseNames" : "BSE: 532424 | NSE: GODREJCP |",
  "seriesLink" : "EQ",
  "isinLink" : "INE102D01028",
  "sectorLink" : "Moneycontrol / Market / Share/Stock Price / Personal Care",
  "sectorTitle" : "PERSONAL CARE",
  "bseData" : {
    "bsePrice" : "598.90",
    "bseVolume" : "86,290",
    "bsePrevClose" : "558.80",
    "bseOpenPrice" : "",
    "bseTodaysLow" : "564.10",
    "bseTodaysHigh" : "627.25",
    "bse52WeekLow" : "425.10",
    "bse52WeekHigh" : "771.75",
    "bseLowerPriceBand" : "502.95",
    "bseUpperPriceBand" : "642.60"
  },
  "nseData" : {
    "nsePrice" : "600.00",
    "nseVolume" : "2,526,948",
    "nsePrevClose" : "",
    "nseOpenPrice" : "",
    "nseTodaysLow" : "561.55",
    "nseTodaysHigh" : "628.95",
    "nse52WeekLow" : "425.10",
    "nse52WeekHigh" : "772.00",
    "nseLowerPriceBand" : "503.00",
    "nseUpperPriceBand" : "614.70"
  },
  "companyValuation" : {
    "marketCapital" : "61,226.53",
    "peRatio" : "33.22",
    "bookValue" : "48.19",
    "dividend" : "1500.00",
    "marketLot" : "1",
    "industryPeRatio" : "65.49",
    "eps" : "18.06",
    "pcRatio" : "32.02",
    "bookPrice" : "12.43",
    "dividendYield" : "2.50",
    "faceValue" : "1.00",
    "deliverables" : "52.55"
  }
}