{
  "url" : "https://www.moneycontrol.com/india/stockpricequote/constructioncontracting-real-estate/godrejproperties/GP11",
  "companyName" : "Godrej Properties Ltd.",
  "breadCrumb" : "Moneycontrol / Market / Share/Stock Price / Construction & Contracting - Real Estate",
  "bseNseNames" : "BSE: 533150 | NSE: GODREJPROP |",
  "seriesLink" : "EQ",
  "isinLink" : "INE484J01027",
  "sectorLink" : "Moneycontrol / Market / Share/Stock Price / Construction & Contracting - Real Estate",
  "sectorTitle" : "CONSTRUCTION & CONTRACTING - REAL ESTATE",
  "bseData" : {
    "bsePrice" : "686.80",
    "bseVolume" : "16,419",
    "bsePrevClose" : "701.90",
    "bseOpenPrice" : "",
    "bseTodaysLow" : "675.15",
    "bseTodaysHigh" : "725.00",
    "bse52WeekLow" : "505.95",
    "bse52WeekHigh" : "1188.00",
    "bseLowerPriceBand" : "631.75",
    "bseUpperPriceBand" : "772.05"
  },
  "nseData" : {
    "nsePrice" : "687.15",
    "nseVolume" : "643,468",
    "nsePrevClose" : "",
    "nseOpenPrice" : "",
    "nseTodaysLow" : "674.90",
    "nseTodaysHigh" : "724.90",
    "nse52WeekLow" : "505.00",
    "nse52WeekHigh" : "1189.25",
    "nseLowerPriceBand" : "631.25",
    "nseUpperPriceBand" : "771.45"
  },
  "companyValuation" : {
    "marketCapital" : "17,309.00",
    "peRatio" : "42.68",
    "bookValue" : "105.67",
    "dividend" : "0.00",
    "marketLot" : "1",
    "industryPeRatio" : "13.75",
    "eps" : "16.1",
    "pcRatio" : "41.34",
    "bookPrice" : "6.50",
    "dividendYield" : "-",
    "faceValue" : "5.00",
    "deliverables" : "43.88"
  }
}