{
  "url" : "https://www.moneycontrol.com/india/stockpricequote/personal-care/godrejindustries/GI23",
  "companyName" : "Godrej Industries Ltd.",
  "breadCrumb" : "Moneycontrol / Market / Share/Stock Price / Personal Care",
  "bseNseNames" : "BSE: 500164 | NSE: GODREJIND |",
  "seriesLink" : "EQ",
  "isinLink" : "INE233A01035",
  "sectorLink" : "Moneycontrol / Market / Share/Stock Price / Personal Care",
  "sectorTitle" : "PERSONAL CARE",
  "bseData" : {
    "bsePrice" : "278.75",
    "bseVolume" : "26,574",
    "bsePrevClose" : "281.60",
    "bseOpenPrice" : "",
    "bseTodaysLow" : "275.50",
    "bseTodaysHigh" : "284.75",
    "bse52WeekLow" : "273.05",
    "bse52WeekHigh" : "538.20",
    "bseLowerPriceBand" : "225.30",
    "bseUpperPriceBand" : "337.90"
  },
  "nseData" : {
    "nsePrice" : "278.40",
    "nseVolume" : "497,232",
    "nsePrevClose" : "",
    "nseOpenPrice" : "",
    "nseTodaysLow" : "275.30",
    "nseTodaysHigh" : "285.00",
    "nse52WeekLow" : "273.00",
    "nse52WeekHigh" : "538.55",
    "nseLowerPriceBand" : "225.15",
    "nseUpperPriceBand" : "337.65"
  },
  "companyValuation" : {
    "marketCapital" : "9,378.99",
    "peRatio" : "-",
    "bookValue" : "48.33",
    "dividend" : "115.00",
    "marketLot" : "1",
    "industryPeRatio" : "65.49",
    "eps" : "-",
    "pcRatio" : "-",
    "bookPrice" : "5.77",
    "dividendYield" : "0.41",
    "faceValue" : "1.00",
    "deliverables" : "42.22"
  }
}