{
  "url" : "https://www.moneycontrol.com/india/stockpricequote/miscellaneous/godrejagrovet/GA03",
  "companyName" : "Godrej Agrovet Ltd.",
  "breadCrumb" : "Moneycontrol / Market / Share/Stock Price / Miscellaneous",
  "bseNseNames" : "BSE: 540743 | NSE: GODREJAGRO |",
  "seriesLink" : "EQ",
  "isinLink" : "INE850D01014",
  "sectorLink" : "Moneycontrol / Market / Share/Stock Price / Miscellaneous",
  "sectorTitle" : "MISCELLANEOUS",
  "bseData" : {
    "bsePrice" : "380.50",
    "bseVolume" : "26,301",
    "bsePrevClose" : "361.15",
    "bseOpenPrice" : "",
    "bseTodaysLow" : "357.00",
    "bseTodaysHigh" : "405.00",
    "bse52WeekLow" : "265.05",
    "bse52WeekHigh" : "597.95",
    "bseLowerPriceBand" : "288.95",
    "bseUpperPriceBand" : "433.35"
  },
  "nseData" : {
    "nsePrice" : "387.20",
    "nseVolume" : "290,818",
    "nsePrevClose" : "",
    "nseOpenPrice" : "",
    "nseTodaysLow" : "355.00",
    "nseTodaysHigh" : "395.00",
    "nse52WeekLow" : "265.05",
    "nse52WeekHigh" : "598.00",
    "nseLowerPriceBand" : "289.30",
    "nseUpperPriceBand" : "433.90"
  },
  "companyValuation" : {
    "marketCapital" : "7,307.19",
    "peRatio" : "32.05",
    "bookValue" : "72.43",
    "dividend" : "45.00",
    "marketLot" : "1",
    "industryPeRatio" : "57.44",
    "eps" : "12.08",
    "pcRatio" : "25.59",
    "bookPrice" : "5.25",
    "dividendYield" : "1.18",
    "faceValue" : "10.00",
    "deliverables" : "65.78"
  }
}