{
  "url" : "https://www.moneycontrol.com/india/stockpricequote/textiles-readymade-apparels/gokaldasexports/GE05",
  "companyName" : "Gokaldas Exports Ltd.",
  "breadCrumb" : "Moneycontrol / Market / Share/Stock Price / Textiles - Readymade Apparels",
  "bseNseNames" : "BSE: 532630 | NSE: GOKEX |",
  "seriesLink" : "EQ",
  "isinLink" : "INE887G01027",
  "sectorLink" : "Moneycontrol / Market / Share/Stock Price / Textiles - Readymade Apparels",
  "sectorTitle" : "TEXTILES - READYMADE APPARELS",
  "bseData" : {
    "bsePrice" : "34.70",
    "bseVolume" : "3,682",
    "bsePrevClose" : "34.55",
    "bseOpenPrice" : "",
    "bseTodaysLow" : "33.55",
    "bseTodaysHigh" : "35.80",
    "bse52WeekLow" : "30.20",
    "bse52WeekHigh" : "118.80",
    "bseLowerPriceBand" : "31.10",
    "bseUpperPriceBand" : "38.00"
  },
  "nseData" : {
    "nsePrice" : "34.30",
    "nseVolume" : "48,545",
    "nsePrevClose" : "",
    "nseOpenPrice" : "",
    "nseTodaysLow" : "33.60",
    "nseTodaysHigh" : "35.80",
    "nse52WeekLow" : "28.70",
    "nse52WeekHigh" : "119.05",
    "nseLowerPriceBand" : "31.25",
    "nseUpperPriceBand" : "38.15"
  },
  "companyValuation" : {
    "marketCapital" : "148.59",
    "peRatio" : "4",
    "bookValue" : "55.94",
    "dividend" : "0.00",
    "marketLot" : "1",
    "industryPeRatio" : "25.51",
    "eps" : "8.57",
    "pcRatio" : "2.63",
    "bookPrice" : "0.62",
    "dividendYield" : "-",
    "faceValue" : "5.00",
    "deliverables" : "70.63"
  }
}