{
  "url" : "https://www.moneycontrol.com/india/stockpricequote/edible-oilssolvent-extraction/gokulagroresources/GAR",
  "companyName" : "Gokul Agro Resources Ltd.",
  "breadCrumb" : "Moneycontrol / Market / Share/Stock Price / Edible Oils & Solvent Extraction",
  "bseNseNames" : "BSE: 539725 | NSE: GOKULAGRO |",
  "seriesLink" : "EQ",
  "isinLink" : "INE314T01025",
  "sectorLink" : "Moneycontrol / Market / Share/Stock Price / Edible Oils & Solvent Extraction",
  "sectorTitle" : "EDIBLE OILS & SOLVENT EXTRACTION",
  "bseData" : {
    "bsePrice" : "8.73",
    "bseVolume" : "300",
    "bsePrevClose" : "8.32",
    "bseOpenPrice" : "",
    "bseTodaysLow" : "8.23",
    "bseTodaysHigh" : "8.73",
    "bse52WeekLow" : "7.99",
    "bse52WeekHigh" : "18.78",
    "bseLowerPriceBand" : "7.91",
    "bseUpperPriceBand" : "8.73"
  },
  "nseData" : {
    "nsePrice" : "9.55",
    "nseVolume" : "21,408",
    "nsePrevClose" : "",
    "nseOpenPrice" : "",
    "nseTodaysLow" : "9.00",
    "nseTodaysHigh" : "9.55",
    "nse52WeekLow" : "7.60",
    "nse52WeekHigh" : "18.45",
    "nseLowerPriceBand" : "8.65",
    "nseUpperPriceBand" : "9.55"
  },
  "companyValuation" : {
    "marketCapital" : "115.14",
    "peRatio" : "7.76",
    "bookValue" : "15.89",
    "dividend" : "0.00",
    "marketLot" : "1",
    "industryPeRatio" : "14.77",
    "eps" : "1.23",
    "pcRatio" : "2.74",
    "bookPrice" : "0.55",
    "dividendYield" : "-",
    "faceValue" : "2.00",
    "deliverables" : "70.71"
  }
}