{
  "url" : "https://www.moneycontrol.com/india/stockpricequote/computers-software-mediumsmall/goldstonetechnologies/GT04",
  "companyName" : "Goldstone Technologies Ltd.",
  "breadCrumb" : "Moneycontrol / Market / Share/Stock Price / Computers - Software Medium & Small",
  "bseNseNames" : "BSE: 531439 | NSE: GOLDTECH |",
  "seriesLink" : "EQ",
  "isinLink" : "INE805A01014",
  "sectorLink" : "Moneycontrol / Market / Share/Stock Price / Computers - Software Medium & Small",
  "sectorTitle" : "COMPUTERS - SOFTWARE MEDIUM & SMALL",
  "bseData" : {
    "bsePrice" : "8.23",
    "bseVolume" : "969",
    "bsePrevClose" : "7.77",
    "bseOpenPrice" : "",
    "bseTodaysLow" : "7.00",
    "bseTodaysHigh" : "8.23",
    "bse52WeekLow" : "5.50",
    "bse52WeekHigh" : "15.45",
    "bseLowerPriceBand" : "7.00",
    "bseUpperPriceBand" : "8.54"
  },
  "nseData" : {
    "nsePrice" : "7.75",
    "nseVolume" : "82,402",
    "nsePrevClose" : "",
    "nseOpenPrice" : "",
    "nseTodaysLow" : "7.25",
    "nseTodaysHigh" : "7.85",
    "nse52WeekLow" : "5.10",
    "nse52WeekHigh" : "15.50",
    "nseLowerPriceBand" : "6.65",
    "nseUpperPriceBand" : "8.05"
  },
  "companyValuation" : {
    "marketCapital" : "15.46",
    "peRatio" : "-",
    "bookValue" : "15.16",
    "dividend" : "0.00",
    "marketLot" : "1",
    "industryPeRatio" : "18.30",
    "eps" : "-",
    "pcRatio" : "-",
    "bookPrice" : "0.54",
    "dividendYield" : "-",
    "faceValue" : "10.00",
    "deliverables" : "77.57"
  }
}