{
  "url" : "https://www.moneycontrol.com/india/stockpricequote/banks-public-sector/utigoldexchangetradedfund/UTI18",
  "companyName" : "UTI Gold Exchange Traded Fund",
  "breadCrumb" : "Moneycontrol / Market / Share/Stock Price / Banks - Public Sector",
  "bseNseNames" : "BSE: 590101 | NSE: GOLDSHARE |",
  "seriesLink" : "EQ",
  "isinLink" : "INF789F01059",
  "sectorLink" : "Moneycontrol / Market / Share/Stock Price / Banks - Public Sector",
  "sectorTitle" : "BANKS - PUBLIC SECTOR",
  "bseData" : {
    "bsePrice" : "3963.00",
    "bseVolume" : "160",
    "bsePrevClose" : "3928.61",
    "bseOpenPrice" : "",
    "bseTodaysLow" : "3940.00",
    "bseTodaysHigh" : "3963.00",
    "bse52WeekLow" : "2784.02",
    "bse52WeekHigh" : "4070.00",
    "bseLowerPriceBand" : "3135.80",
    "bseUpperPriceBand" : "4703.71"
  },
  "nseData" : {
    "nsePrice" : "3967.00",
    "nseVolume" : "1,858",
    "nsePrevClose" : "",
    "nseOpenPrice" : "",
    "nseTodaysLow" : "3922.15",
    "nseTodaysHigh" : "3990.00",
    "nse52WeekLow" : "2783.00",
    "nse52WeekHigh" : "3999.95",
    "nseLowerPriceBand" : "3135.80",
    "nseUpperPriceBand" : "4703.70"
  },
  "companyValuation" : {
    "marketCapital" : "550.15",
    "peRatio" : "-",
    "bookValue" : "0",
    "dividend" : "0",
    "marketLot" : "0",
    "industryPeRatio" : "0",
    "eps" : "-",
    "pcRatio" : "-",
    "bookPrice" : "-",
    "dividendYield" : "-",
    "faceValue" : "0",
    "deliverables" : "73.50"
  }
}