{
  "url" : "https://www.moneycontrol.com/india/stockpricequote/banks-private-sector/nipponindiaetfgoldbees/GBE",
  "companyName" : "Nippon India ETF Gold BeES",
  "breadCrumb" : "Moneycontrol / Market / Share/Stock Price / Banks - Private Sector",
  "bseNseNames" : "BSE: 590095 | NSE: GOLDBEES |",
  "seriesLink" : "EQ",
  "isinLink" : "INF732E01102",
  "sectorLink" : "Moneycontrol / Market / Share/Stock Price / Banks - Private Sector",
  "sectorTitle" : "BANKS - PRIVATE SECTOR",
  "bseData" : {
    "bsePrice" : "39.71",
    "bseVolume" : "181,414",
    "bsePrevClose" : "39.67",
    "bseOpenPrice" : "",
    "bseTodaysLow" : "39.45",
    "bseTodaysHigh" : "39.89",
    "bse52WeekLow" : "27.73",
    "bse52WeekHigh" : "42.00",
    "bseLowerPriceBand" : "31.12",
    "bseUpperPriceBand" : "46.69"
  },
  "nseData" : {
    "nsePrice" : "39.79",
    "nseVolume" : "2,555,213",
    "nsePrevClose" : "",
    "nseOpenPrice" : "",
    "nseTodaysLow" : "39.21",
    "nseTodaysHigh" : "39.90",
    "nse52WeekLow" : "27.74",
    "nse52WeekHigh" : "43.70",
    "nseLowerPriceBand" : "31.13",
    "nseUpperPriceBand" : "46.69"
  },
  "companyValuation" : {
    "marketCapital" : "4.07",
    "peRatio" : "-",
    "bookValue" : "0",
    "dividend" : "0",
    "marketLot" : "0",
    "industryPeRatio" : "0",
    "eps" : "-",
    "pcRatio" : "-",
    "bookPrice" : "-",
    "dividendYield" : "-",
    "faceValue" : "0",
    "deliverables" : "61.69"
  }
}