{
  "url" : "https://www.moneycontrol.com/india/stockpricequote/diamond-cuttingjewelleryprecious-metals/goldiaminternational/GI10",
  "companyName" : "Goldiam International Ltd.",
  "breadCrumb" : "Moneycontrol / Market / Share/Stock Price / Diamond Cutting & Jewellery & Precious Metals",
  "bseNseNames" : "BSE: 526729 | NSE: GOLDIAM |",
  "seriesLink" : "EQ",
  "isinLink" : "INE025B01017",
  "sectorLink" : "Moneycontrol / Market / Share/Stock Price / Diamond Cutting & Jewellery & Precious Metals",
  "sectorTitle" : "DIAMOND CUTTING & JEWELLERY & PRECIOUS METALS",
  "bseData" : {
    "bsePrice" : "86.50",
    "bseVolume" : "1,078",
    "bsePrevClose" : "87.90",
    "bseOpenPrice" : "",
    "bseTodaysLow" : "85.10",
    "bseTodaysHigh" : "89.25",
    "bse52WeekLow" : "73.10",
    "bse52WeekHigh" : "184.10",
    "bseLowerPriceBand" : "79.15",
    "bseUpperPriceBand" : "96.65"
  },
  "nseData" : {
    "nsePrice" : "86.20",
    "nseVolume" : "25,669",
    "nsePrevClose" : "",
    "nseOpenPrice" : "",
    "nseTodaysLow" : "85.05",
    "nseTodaysHigh" : "91.00",
    "nse52WeekLow" : "72.20",
    "nse52WeekHigh" : "184.80",
    "nseLowerPriceBand" : "79.80",
    "nseUpperPriceBand" : "97.50"
  },
  "companyValuation" : {
    "marketCapital" : "191.81",
    "peRatio" : "9.23",
    "bookValue" : "103.24",
    "dividend" : "30.00",
    "marketLot" : "1",
    "industryPeRatio" : "52.86",
    "eps" : "9.34",
    "pcRatio" : "8.43",
    "bookPrice" : "0.84",
    "dividendYield" : "3.47",
    "faceValue" : "10.00",
    "deliverables" : "51.59"
  }
}