{
  "url" : "https://www.moneycontrol.com/india/stockpricequote/steel-tubespipes/goodluckindia/GLS",
  "companyName" : "Good Luck India Ltd.",
  "breadCrumb" : "Moneycontrol / Market / Share/Stock Price / Steel - Tubes & Pipes",
  "bseNseNames" : "BSE: 530655 | NSE: GOODLUCK |",
  "seriesLink" : "EQ",
  "isinLink" : "INE127I01024",
  "sectorLink" : "Moneycontrol / Market / Share/Stock Price / Steel - Tubes & Pipes",
  "sectorTitle" : "STEEL - TUBES & PIPES",
  "bseData" : {
    "bsePrice" : "26.45",
    "bseVolume" : "385",
    "bsePrevClose" : "25.60",
    "bseOpenPrice" : "",
    "bseTodaysLow" : "26.45",
    "bseTodaysHigh" : "28.15",
    "bse52WeekLow" : "20.65",
    "bse52WeekHigh" : "77.65",
    "bseLowerPriceBand" : "23.05",
    "bseUpperPriceBand" : "28.15"
  },
  "nseData" : {
    "nsePrice" : "26.25",
    "nseVolume" : "25,662",
    "nsePrevClose" : "",
    "nseOpenPrice" : "",
    "nseTodaysLow" : "25.00",
    "nseTodaysHigh" : "27.40",
    "nse52WeekLow" : "20.65",
    "nse52WeekHigh" : "77.50",
    "nseLowerPriceBand" : "22.95",
    "nseUpperPriceBand" : "28.05"
  },
  "companyValuation" : {
    "marketCapital" : "60.85",
    "peRatio" : "1.97",
    "bookValue" : "123.61",
    "dividend" : "0.00",
    "marketLot" : "1",
    "industryPeRatio" : "8.59",
    "eps" : "13.33",
    "pcRatio" : "1.11",
    "bookPrice" : "0.21",
    "dividendYield" : "-",
    "faceValue" : "2.00",
    "deliverables" : "85.43"
  }
}