{
  "url" : "https://www.moneycontrol.com/india/stockpricequote/steel-sponge-iron/godawaripowerispat/GPI7",
  "companyName" : "Godawari Power & Ispat Ltd.",
  "breadCrumb" : "Moneycontrol / Market / Share/Stock Price / Steel - Sponge Iron",
  "bseNseNames" : "BSE: 532734 | NSE: GPIL |",
  "seriesLink" : "EQ",
  "isinLink" : "INE177H01013",
  "sectorLink" : "Moneycontrol / Market / Share/Stock Price / Steel - Sponge Iron",
  "sectorTitle" : "STEEL - SPONGE IRON",
  "bseData" : {
    "bsePrice" : "123.40",
    "bseVolume" : "6,675",
    "bsePrevClose" : "117.85",
    "bseOpenPrice" : "",
    "bseTodaysLow" : "117.00",
    "bseTodaysHigh" : "123.50",
    "bse52WeekLow" : "81.00",
    "bse52WeekHigh" : "278.90",
    "bseLowerPriceBand" : "112.00",
    "bseUpperPriceBand" : "123.70"
  },
  "nseData" : {
    "nsePrice" : "123.15",
    "nseVolume" : "55,925",
    "nsePrevClose" : "",
    "nseOpenPrice" : "",
    "nseTodaysLow" : "116.00",
    "nseTodaysHigh" : "123.60",
    "nse52WeekLow" : "80.50",
    "nse52WeekHigh" : "279.00",
    "nseLowerPriceBand" : "111.90",
    "nseUpperPriceBand" : "123.60"
  },
  "companyValuation" : {
    "marketCapital" : "434.82",
    "peRatio" : "3.09",
    "bookValue" : "306.11",
    "dividend" : "0.00",
    "marketLot" : "1",
    "industryPeRatio" : "3.29",
    "eps" : "39.83",
    "pcRatio" : "1.88",
    "bookPrice" : "0.40",
    "dividendYield" : "-",
    "faceValue" : "10.00",
    "deliverables" : "89.75"
  }
}