{
  "url" : "https://www.moneycontrol.com/india/stockpricequote/shipping/gujaratpipavavport/GPP03",
  "companyName" : "Gujarat Pipavav Port Ltd.",
  "breadCrumb" : "Moneycontrol / Market / Share/Stock Price / Shipping",
  "bseNseNames" : "BSE: 533248 | NSE: GPPL |",
  "seriesLink" : "EQ",
  "isinLink" : "INE517F01014",
  "sectorLink" : "Moneycontrol / Market / Share/Stock Price / Shipping",
  "sectorTitle" : "SHIPPING",
  "bseData" : {
    "bsePrice" : "54.25",
    "bseVolume" : "14,032",
    "bsePrevClose" : "55.65",
    "bseOpenPrice" : "",
    "bseTodaysLow" : "53.80",
    "bseTodaysHigh" : "57.30",
    "bse52WeekLow" : "45.50",
    "bse52WeekHigh" : "101.00",
    "bseLowerPriceBand" : "44.55",
    "bseUpperPriceBand" : "66.75"
  },
  "nseData" : {
    "nsePrice" : "54.00",
    "nseVolume" : "438,748",
    "nsePrevClose" : "",
    "nseOpenPrice" : "",
    "nseTodaysLow" : "53.80",
    "nseTodaysHigh" : "57.10",
    "nse52WeekLow" : "45.50",
    "nse52WeekHigh" : "101.20",
    "nseLowerPriceBand" : "44.20",
    "nseUpperPriceBand" : "66.20"
  },
  "companyValuation" : {
    "marketCapital" : "2,622.66",
    "peRatio" : "8.84",
    "bookValue" : "41.80",
    "dividend" : "35.00",
    "marketLot" : "1",
    "industryPeRatio" : "9.62",
    "eps" : "6.11",
    "pcRatio" : "6.39",
    "bookPrice" : "1.30",
    "dividendYield" : "6.45",
    "faceValue" : "10.00",
    "deliverables" : "71.24"
  }
}