{
  "url" : "https://www.moneycontrol.com/india/stockpricequote/pharmaceuticals/granulesindia/GI25",
  "companyName" : "Granules India Ltd.",
  "breadCrumb" : "Moneycontrol / Market / Share/Stock Price / Pharmaceuticals",
  "bseNseNames" : "BSE: 532482 | NSE: GRANULES |",
  "seriesLink" : "EQ",
  "isinLink" : "INE101D01020",
  "sectorLink" : "Moneycontrol / Market / Share/Stock Price / Pharmaceuticals",
  "sectorTitle" : "PHARMACEUTICALS",
  "bseData" : {
    "bsePrice" : "172.50",
    "bseVolume" : "296,439",
    "bsePrevClose" : "155.95",
    "bseOpenPrice" : "",
    "bseTodaysLow" : "154.70",
    "bseTodaysHigh" : "174.95",
    "bse52WeekLow" : "84.25",
    "bse52WeekHigh" : "188.85",
    "bseLowerPriceBand" : "124.80",
    "bseUpperPriceBand" : "187.10"
  },
  "nseData" : {
    "nsePrice" : "172.50",
    "nseVolume" : "3,800,730",
    "nsePrevClose" : "",
    "nseOpenPrice" : "",
    "nseTodaysLow" : "154.10",
    "nseTodaysHigh" : "175.00",
    "nse52WeekLow" : "84.00",
    "nse52WeekHigh" : "189.00",
    "nseLowerPriceBand" : "124.70",
    "nseUpperPriceBand" : "187.00"
  },
  "companyValuation" : {
    "marketCapital" : "4,385.77",
    "peRatio" : "15.46",
    "bookValue" : "55.98",
    "dividend" : "100.00",
    "marketLot" : "1",
    "industryPeRatio" : "32.25",
    "eps" : "11.16",
    "pcRatio" : "11.71",
    "bookPrice" : "3.08",
    "dividendYield" : "0.58",
    "faceValue" : "1.00",
    "deliverables" : "33.66"
  }
}