{
  "url" : "https://www.moneycontrol.com/india/stockpricequote/diversified/grasimindustries/GI01",
  "companyName" : "Grasim Industries Ltd.",
  "breadCrumb" : "Moneycontrol / Market / Share/Stock Price / Diversified",
  "bseNseNames" : "BSE: 500300 | NSE: GRASIM |",
  "seriesLink" : "EQ",
  "isinLink" : "INE047A01021",
  "sectorLink" : "Moneycontrol / Market / Share/Stock Price / Diversified",
  "sectorTitle" : "DIVERSIFIED",
  "bseData" : {
    "bsePrice" : "511.00",
    "bseVolume" : "76,555",
    "bsePrevClose" : "517.00",
    "bseOpenPrice" : "",
    "bseTodaysLow" : "500.55",
    "bseTodaysHigh" : "532.00",
    "bse52WeekLow" : "380.00",
    "bse52WeekHigh" : "958.55",
    "bseLowerPriceBand" : "465.30",
    "bseUpperPriceBand" : "568.70"
  },
  "nseData" : {
    "nsePrice" : "512.60",
    "nseVolume" : "2,402,047",
    "nsePrevClose" : "",
    "nseOpenPrice" : "",
    "nseTodaysLow" : "500.40",
    "nseTodaysHigh" : "532.50",
    "nse52WeekLow" : "385.05",
    "nse52WeekHigh" : "959.80",
    "nseLowerPriceBand" : "466.70",
    "nseUpperPriceBand" : "570.40"
  },
  "companyValuation" : {
    "marketCapital" : "33,613.53",
    "peRatio" : "24.72",
    "bookValue" : "637.42",
    "dividend" : "350.00",
    "marketLot" : "1",
    "industryPeRatio" : "30.97",
    "eps" : "20.74",
    "pcRatio" : "15.87",
    "bookPrice" : "0.80",
    "dividendYield" : "1.37",
    "faceValue" : "2.00",
    "deliverables" : "37.67"
  }
}