{
  "url" : "https://www.moneycontrol.com/india/stockpricequote/metals-non-ferrous/gravitaindia/GI09",
  "companyName" : "Gravita India Ltd.",
  "breadCrumb" : "Moneycontrol / Market / Share/Stock Price / Metals - Non Ferrous",
  "bseNseNames" : "BSE: 533282 | NSE: GRAVITA |",
  "seriesLink" : "EQ",
  "isinLink" : "INE024L01027",
  "sectorLink" : "Moneycontrol / Market / Share/Stock Price / Metals - Non Ferrous",
  "sectorTitle" : "METALS - NON FERROUS",
  "bseData" : {
    "bsePrice" : "34.20",
    "bseVolume" : "4,965",
    "bsePrevClose" : "34.70",
    "bseOpenPrice" : "",
    "bseTodaysLow" : "34.10",
    "bseTodaysHigh" : "35.90",
    "bse52WeekLow" : "30.10",
    "bse52WeekHigh" : "100.00",
    "bseLowerPriceBand" : "27.80",
    "bseUpperPriceBand" : "41.60"
  },
  "nseData" : {
    "nsePrice" : "34.95",
    "nseVolume" : "65,806",
    "nsePrevClose" : "",
    "nseOpenPrice" : "",
    "nseTodaysLow" : "34.05",
    "nseTodaysHigh" : "36.25",
    "nse52WeekLow" : "32.05",
    "nse52WeekHigh" : "96.15",
    "nseLowerPriceBand" : "27.90",
    "nseUpperPriceBand" : "41.80"
  },
  "companyValuation" : {
    "marketCapital" : "236.11",
    "peRatio" : "6.23",
    "bookValue" : "21.65",
    "dividend" : "15.00",
    "marketLot" : "1",
    "industryPeRatio" : "12.85",
    "eps" : "5.61",
    "pcRatio" : "5.3",
    "bookPrice" : "1.58",
    "dividendYield" : "0.88",
    "faceValue" : "2.00",
    "deliverables" : "72.38"
  }
}