{
  "url" : "https://www.moneycontrol.com/india/stockpricequote/engines/greavescotton/GC20",
  "companyName" : "Greaves Cotton Ltd.",
  "breadCrumb" : "Moneycontrol / Market / Share/Stock Price / Engines",
  "bseNseNames" : "BSE: 501455 | NSE: GREAVESCOT |",
  "seriesLink" : "EQ",
  "isinLink" : "INE224A01026",
  "sectorLink" : "Moneycontrol / Market / Share/Stock Price / Engines",
  "sectorTitle" : "ENGINES",
  "bseData" : {
    "bsePrice" : "68.80",
    "bseVolume" : "34,520",
    "bsePrevClose" : "67.00",
    "bseOpenPrice" : "",
    "bseTodaysLow" : "67.40",
    "bseTodaysHigh" : "70.50",
    "bse52WeekLow" : "66.25",
    "bse52WeekHigh" : "157.25",
    "bseLowerPriceBand" : "60.30",
    "bseUpperPriceBand" : "73.70"
  },
  "nseData" : {
    "nsePrice" : "68.75",
    "nseVolume" : "407,202",
    "nsePrevClose" : "",
    "nseOpenPrice" : "",
    "nseTodaysLow" : "67.00",
    "nseTodaysHigh" : "71.00",
    "nse52WeekLow" : "66.05",
    "nse52WeekHigh" : "156.85",
    "nseLowerPriceBand" : "60.30",
    "nseUpperPriceBand" : "73.70"
  },
  "companyValuation" : {
    "marketCapital" : "1,590.70",
    "peRatio" : "9.09",
    "bookValue" : "41.81",
    "dividend" : "200.00",
    "marketLot" : "1",
    "industryPeRatio" : "9.93",
    "eps" : "7.56",
    "pcRatio" : "7.1",
    "bookPrice" : "1.65",
    "dividendYield" : "5.81",
    "faceValue" : "2.00",
    "deliverables" : "74.90"
  }
}