{
  "url" : "https://www.moneycontrol.com/india/stockpricequote/miscellaneous/greenpanelindustrieslimited/GREEN54285",
  "companyName" : "Greenpanel Industries Ltd.",
  "breadCrumb" : "Moneycontrol / Market / Share/Stock Price / Miscellaneous",
  "bseNseNames" : "BSE: 542857 | NSE: GREENPANEL |",
  "seriesLink" : "EQ",
  "isinLink" : "INE08ZM01014",
  "sectorLink" : "Moneycontrol / Market / Share/Stock Price / Miscellaneous",
  "sectorTitle" : "MISCELLANEOUS",
  "bseData" : {
    "bsePrice" : "28.85",
    "bseVolume" : "6,932",
    "bsePrevClose" : "30.15",
    "bseOpenPrice" : "",
    "bseTodaysLow" : "28.65",
    "bseTodaysHigh" : "30.00",
    "bse52WeekLow" : "0.00",
    "bse52WeekHigh" : "61.45",
    "bseLowerPriceBand" : "28.65",
    "bseUpperPriceBand" : "31.65"
  },
  "nseData" : {
    "nsePrice" : "28.95",
    "nseVolume" : "89,564",
    "nsePrevClose" : "",
    "nseOpenPrice" : "",
    "nseTodaysLow" : "28.60",
    "nseTodaysHigh" : "30.15",
    "nse52WeekLow" : "0.00",
    "nse52WeekHigh" : "61.10",
    "nseLowerPriceBand" : "28.15",
    "nseUpperPriceBand" : "31.05"
  },
  "companyValuation" : {
    "marketCapital" : "353.78",
    "peRatio" : "16.36",
    "bookValue" : "55.48",
    "dividend" : "0",
    "marketLot" : "1",
    "industryPeRatio" : "12.60",
    "eps" : "1.77",
    "pcRatio" : "4.93",
    "bookPrice" : "0.52",
    "dividendYield" : "-",
    "faceValue" : "1.00",
    "deliverables" : "91.60"
  }
}