{
  "url" : "https://www.moneycontrol.com/india/stockpricequote/miscellaneous/greenlamindustries/GI31",
  "companyName" : "Greenlam Industries Ltd.",
  "breadCrumb" : "Moneycontrol / Market / Share/Stock Price / Miscellaneous",
  "bseNseNames" : "BSE: 538979 | NSE: GREENLAM |",
  "seriesLink" : "EQ",
  "isinLink" : "INE544R01013",
  "sectorLink" : "Moneycontrol / Market / Share/Stock Price / Miscellaneous",
  "sectorTitle" : "MISCELLANEOUS",
  "bseData" : {
    "bsePrice" : "494.85",
    "bseVolume" : "380",
    "bsePrevClose" : "505.75",
    "bseOpenPrice" : "",
    "bseTodaysLow" : "485.00",
    "bseTodaysHigh" : "515.00",
    "bse52WeekLow" : "450.00",
    "bse52WeekHigh" : "1054.95",
    "bseLowerPriceBand" : "480.50",
    "bseUpperPriceBand" : "531.00"
  },
  "nseData" : {
    "nsePrice" : "489.95",
    "nseVolume" : "4,631",
    "nsePrevClose" : "",
    "nseOpenPrice" : "",
    "nseTodaysLow" : "482.00",
    "nseTodaysHigh" : "521.20",
    "nse52WeekLow" : "441.90",
    "nse52WeekHigh" : "1049.00",
    "nseLowerPriceBand" : "481.50",
    "nseUpperPriceBand" : "532.10"
  },
  "companyValuation" : {
    "marketCapital" : "1,194.39",
    "peRatio" : "13.74",
    "bookValue" : "172.43",
    "dividend" : "60.00",
    "marketLot" : "1",
    "industryPeRatio" : "13.61",
    "eps" : "35.66",
    "pcRatio" : "9.84",
    "bookPrice" : "2.87",
    "dividendYield" : "0.61",
    "faceValue" : "5.00",
    "deliverables" : "82.67"
  }
}