{
  "url" : "https://www.moneycontrol.com/india/stockpricequote/miscellaneous/greenplyindustries/GI19",
  "companyName" : "Greenply Industries Ltd.",
  "breadCrumb" : "Moneycontrol / Market / Share/Stock Price / Miscellaneous",
  "bseNseNames" : "BSE: 526797 | NSE: GREENPLY |",
  "seriesLink" : "EQ",
  "isinLink" : "INE461C01038",
  "sectorLink" : "Moneycontrol / Market / Share/Stock Price / Miscellaneous",
  "sectorTitle" : "MISCELLANEOUS",
  "bseData" : {
    "bsePrice" : "86.40",
    "bseVolume" : "3,291",
    "bsePrevClose" : "86.65",
    "bseOpenPrice" : "",
    "bseTodaysLow" : "82.40",
    "bseTodaysHigh" : "90.20",
    "bse52WeekLow" : "70.20",
    "bse52WeekHigh" : "195.25",
    "bseLowerPriceBand" : "69.35",
    "bseUpperPriceBand" : "103.95"
  },
  "nseData" : {
    "nsePrice" : "85.20",
    "nseVolume" : "45,233",
    "nsePrevClose" : "",
    "nseOpenPrice" : "",
    "nseTodaysLow" : "81.45",
    "nseTodaysHigh" : "91.75",
    "nse52WeekLow" : "72.90",
    "nse52WeekHigh" : "194.90",
    "nseLowerPriceBand" : "69.85",
    "nseUpperPriceBand" : "104.75"
  },
  "companyValuation" : {
    "marketCapital" : "1,059.50",
    "peRatio" : "12.4",
    "bookValue" : "27.02",
    "dividend" : "40.00",
    "marketLot" : "1",
    "industryPeRatio" : "14.23",
    "eps" : "6.87",
    "pcRatio" : "10.15",
    "bookPrice" : "3.20",
    "dividendYield" : "0.46",
    "faceValue" : "1.00",
    "deliverables" : "31.13"
  }
}