{
  "url" : "https://www.moneycontrol.com/india/stockpricequote/power-generationdistribution/orientgreenpowercompany/OGP",
  "companyName" : "Orient Green Power Company Ltd.",
  "breadCrumb" : "Moneycontrol / Market / Share/Stock Price / Power - Generation & Distribution",
  "bseNseNames" : "BSE: 533263 | NSE: GREENPOWER |",
  "seriesLink" : "EQ",
  "isinLink" : "INE999K01014",
  "sectorLink" : "Moneycontrol / Market / Share/Stock Price / Power - Generation & Distribution",
  "sectorTitle" : "POWER - GENERATION & DISTRIBUTION",
  "bseData" : {
    "bsePrice" : "1.71",
    "bseVolume" : "61,593",
    "bsePrevClose" : "1.63",
    "bseOpenPrice" : "",
    "bseTodaysLow" : "1.70",
    "bseTodaysHigh" : "1.71",
    "bse52WeekLow" : "1.20",
    "bse52WeekHigh" : "5.79",
    "bseLowerPriceBand" : "1.55",
    "bseUpperPriceBand" : "1.71"
  },
  "nseData" : {
    "nsePrice" : "1.65",
    "nseVolume" : "52,749",
    "nsePrevClose" : "",
    "nseOpenPrice" : "",
    "nseTodaysLow" : "1.65",
    "nseTodaysHigh" : "1.65",
    "nse52WeekLow" : "1.20",
    "nse52WeekHigh" : "5.80",
    "nseLowerPriceBand" : "1.55",
    "nseUpperPriceBand" : "1.65"
  },
  "companyValuation" : {
    "marketCapital" : "128.37",
    "peRatio" : "7.17",
    "bookValue" : "9.80",
    "dividend" : "0.00",
    "marketLot" : "1",
    "industryPeRatio" : "7.28",
    "eps" : "0.23",
    "pcRatio" : "7.17",
    "bookPrice" : "0.17",
    "dividendYield" : "-",
    "faceValue" : "10.00",
    "deliverables" : "99.92"
  }
}