{
  "url" : "https://www.moneycontrol.com/india/stockpricequote/abrasives/grindwellnorton/GN",
  "companyName" : "Grindwell Norton Ltd.",
  "breadCrumb" : "Moneycontrol / Market / Share/Stock Price / Abrasives",
  "bseNseNames" : "BSE: 506076 | NSE: GRINDWELL |",
  "seriesLink" : "EQ",
  "isinLink" : "INE536A01023",
  "sectorLink" : "Moneycontrol / Market / Share/Stock Price / Abrasives",
  "sectorTitle" : "ABRASIVES",
  "bseData" : {
    "bsePrice" : "453.85",
    "bseVolume" : "142",
    "bsePrevClose" : "461.15",
    "bseOpenPrice" : "",
    "bseTodaysLow" : "453.85",
    "bseTodaysHigh" : "471.00",
    "bse52WeekLow" : "369.20",
    "bse52WeekHigh" : "699.00",
    "bseLowerPriceBand" : "368.95",
    "bseUpperPriceBand" : "553.35"
  },
  "nseData" : {
    "nsePrice" : "457.40",
    "nseVolume" : "4,742",
    "nsePrevClose" : "",
    "nseOpenPrice" : "",
    "nseTodaysLow" : "455.05",
    "nseTodaysHigh" : "473.35",
    "nse52WeekLow" : "373.55",
    "nse52WeekHigh" : "698.00",
    "nseLowerPriceBand" : "369.20",
    "nseUpperPriceBand" : "553.70"
  },
  "companyValuation" : {
    "marketCapital" : "5,025.03",
    "peRatio" : "28.29",
    "bookValue" : "98.16",
    "dividend" : "120.00",
    "marketLot" : "1",
    "industryPeRatio" : "27.28",
    "eps" : "16.17",
    "pcRatio" : "22.89",
    "bookPrice" : "4.62",
    "dividendYield" : "1.32",
    "faceValue" : "5.00",
    "deliverables" : "58.13"
  }
}