{
  "url" : "https://www.moneycontrol.com/india/stockpricequote/engineering-heavy/gardenreachshipbuildersengineers/GRS01",
  "companyName" : "Garden Reach Shipbuilders & Engineers Ltd.",
  "breadCrumb" : "Moneycontrol / Market / Share/Stock Price / Engineering - Heavy",
  "bseNseNames" : "BSE: 542011 | NSE: GRSE |",
  "seriesLink" : "EQ",
  "isinLink" : "INE382Z01011",
  "sectorLink" : "Moneycontrol / Market / Share/Stock Price / Engineering - Heavy",
  "sectorTitle" : "ENGINEERING - HEAVY",
  "bseData" : {
    "bsePrice" : "149.95",
    "bseVolume" : "13,529",
    "bsePrevClose" : "154.75",
    "bseOpenPrice" : "",
    "bseTodaysLow" : "149.65",
    "bseTodaysHigh" : "166.35",
    "bse52WeekLow" : "92.20",
    "bse52WeekHigh" : "249.40",
    "bseLowerPriceBand" : "123.80",
    "bseUpperPriceBand" : "185.70"
  },
  "nseData" : {
    "nsePrice" : "152.60",
    "nseVolume" : "174,262",
    "nsePrevClose" : "",
    "nseOpenPrice" : "",
    "nseTodaysLow" : "149.35",
    "nseTodaysHigh" : "166.60",
    "nse52WeekLow" : "95.10",
    "nse52WeekHigh" : "249.00",
    "nseLowerPriceBand" : "124.30",
    "nseUpperPriceBand" : "186.40"
  },
  "companyValuation" : {
    "marketCapital" : "1,717.71",
    "peRatio" : "11.86",
    "bookValue" : "90.64",
    "dividend" : "69.50",
    "marketLot" : "1",
    "industryPeRatio" : "9.62",
    "eps" : "12.87",
    "pcRatio" : "10.02",
    "bookPrice" : "1.65",
    "dividendYield" : "4.63",
    "faceValue" : "10.00",
    "deliverables" : "48.44"
  }
}