{
  "url" : "https://www.moneycontrol.com/india/stockpricequote/cement-major/gujaratsidheecement/GSC02",
  "companyName" : "Gujarat Sidhee Cement Ltd.",
  "breadCrumb" : "Moneycontrol / Market / Share/Stock Price / Cement - Major",
  "bseNseNames" : "BSE: 518029 | NSE: GSCLCEMENT |",
  "seriesLink" : "EQ",
  "isinLink" : "INE542A01039",
  "sectorLink" : "Moneycontrol / Market / Share/Stock Price / Cement - Major",
  "sectorTitle" : "CEMENT - MAJOR",
  "bseData" : {
    "bsePrice" : "15.00",
    "bseVolume" : "1,611",
    "bsePrevClose" : "15.29",
    "bseOpenPrice" : "",
    "bseTodaysLow" : "15.00",
    "bseTodaysHigh" : "16.00",
    "bse52WeekLow" : "13.10",
    "bse52WeekHigh" : "26.90",
    "bseLowerPriceBand" : "12.24",
    "bseUpperPriceBand" : "18.34"
  },
  "nseData" : {
    "nsePrice" : "15.35",
    "nseVolume" : "27,987",
    "nsePrevClose" : "",
    "nseOpenPrice" : "",
    "nseTodaysLow" : "15.15",
    "nseTodaysHigh" : "16.20",
    "nse52WeekLow" : "12.50",
    "nse52WeekHigh" : "26.90",
    "nseLowerPriceBand" : "12.25",
    "nseUpperPriceBand" : "18.35"
  },
  "companyValuation" : {
    "marketCapital" : "131.12",
    "peRatio" : "4.15",
    "bookValue" : "42.89",
    "dividend" : "0.00",
    "marketLot" : "1",
    "industryPeRatio" : "28.37",
    "eps" : "3.7",
    "pcRatio" : "3.18",
    "bookPrice" : "0.35",
    "dividendYield" : "-",
    "faceValue" : "10.00",
    "deliverables" : "55.54"
  }
}