{
  "url" : "https://www.moneycontrol.com/india/stockpricequote/fertilisers/gujaratstatefertilizerschemicals/GSF",
  "companyName" : "Gujarat State Fertilizers & Chemicals Ltd.",
  "breadCrumb" : "Moneycontrol / Market / Share/Stock Price / Fertilisers",
  "bseNseNames" : "BSE: 500690 | NSE: GSFC |",
  "seriesLink" : "EQ",
  "isinLink" : "INE026A01025",
  "sectorLink" : "Moneycontrol / Market / Share/Stock Price / Fertilisers",
  "sectorTitle" : "FERTILISERS",
  "bseData" : {
    "bsePrice" : "40.25",
    "bseVolume" : "135,745",
    "bsePrevClose" : "40.80",
    "bseOpenPrice" : "",
    "bseTodaysLow" : "39.60",
    "bseTodaysHigh" : "44.85",
    "bse52WeekLow" : "29.90",
    "bse52WeekHigh" : "110.70",
    "bseLowerPriceBand" : "36.75",
    "bseUpperPriceBand" : "44.85"
  },
  "nseData" : {
    "nsePrice" : "40.20",
    "nseVolume" : "1,098,099",
    "nsePrevClose" : "",
    "nseOpenPrice" : "",
    "nseTodaysLow" : "39.35",
    "nseTodaysHigh" : "44.70",
    "nse52WeekLow" : "29.80",
    "nse52WeekHigh" : "110.65",
    "nseLowerPriceBand" : "36.60",
    "nseUpperPriceBand" : "44.70"
  },
  "companyValuation" : {
    "marketCapital" : "1,603.87",
    "peRatio" : "10.98",
    "bookValue" : "182.39",
    "dividend" : "110.00",
    "marketLot" : "1",
    "industryPeRatio" : "8.94",
    "eps" : "3.66",
    "pcRatio" : "5.9",
    "bookPrice" : "0.22",
    "dividendYield" : "5.47",
    "faceValue" : "2.00",
    "deliverables" : "61.25"
  }
}