{
  "url" : "https://www.moneycontrol.com/india/stockpricequote/food-processing/glaxosmithklineconsumerhealthcare/GSC04",
  "companyName" : "GlaxoSmithKline Consumer Healthcare Ltd.",
  "breadCrumb" : "Moneycontrol / Market / Share/Stock Price / Food Processing",
  "bseNseNames" : "BSE: 500676 | NSE: GSKCONS |",
  "seriesLink" : "EQ",
  "isinLink" : "INE264A01014",
  "sectorLink" : "Moneycontrol / Market / Share/Stock Price / Food Processing",
  "sectorTitle" : "FOOD PROCESSING",
  "bseData" : {
    "bsePrice" : "10600.00",
    "bseVolume" : "1,276",
    "bsePrevClose" : "10590.70",
    "bseOpenPrice" : "",
    "bseTodaysLow" : "10500.00",
    "bseTodaysHigh" : "11290.00",
    "bse52WeekLow" : "6905.00",
    "bse52WeekHigh" : "11290.00",
    "bseLowerPriceBand" : "8472.60",
    "bseUpperPriceBand" : "12708.80"
  },
  "nseData" : {
    "nsePrice" : "10639.30",
    "nseVolume" : "97,773",
    "nsePrevClose" : "",
    "nseOpenPrice" : "",
    "nseTodaysLow" : "10504.55",
    "nseTodaysHigh" : "11296.30",
    "nse52WeekLow" : "6890.90",
    "nse52WeekHigh" : "11296.30",
    "nseLowerPriceBand" : "8474.75",
    "nseUpperPriceBand" : "12712.05"
  },
  "companyValuation" : {
    "marketCapital" : "44,578.87",
    "peRatio" : "38.71",
    "bookValue" : "973.64",
    "dividend" : "1050.00",
    "marketLot" : "1",
    "industryPeRatio" : "57.44",
    "eps" : "274.83",
    "pcRatio" : "36.79",
    "bookPrice" : "10.89",
    "dividendYield" : "0.99",
    "faceValue" : "10.00",
    "deliverables" : "47.68"
  }
}