{
  "url" : "https://www.moneycontrol.com/india/stockpricequote/computers-software-mediumsmall/gssinfotech/GAI05",
  "companyName" : "GSS Infotech Ltd.",
  "breadCrumb" : "Moneycontrol / Market / Share/Stock Price / Computers - Software Medium & Small",
  "bseNseNames" : "BSE: 532951 | NSE: GSS |",
  "seriesLink" : "EQ",
  "isinLink" : "INE871H01011",
  "sectorLink" : "Moneycontrol / Market / Share/Stock Price / Computers - Software Medium & Small",
  "sectorTitle" : "COMPUTERS - SOFTWARE MEDIUM & SMALL",
  "bseData" : {
    "bsePrice" : "21.90",
    "bseVolume" : "85",
    "bsePrevClose" : "20.90",
    "bseOpenPrice" : "",
    "bseTodaysLow" : "21.90",
    "bseTodaysHigh" : "21.90",
    "bse52WeekLow" : "19.00",
    "bse52WeekHigh" : "145.00",
    "bseLowerPriceBand" : "19.90",
    "bseUpperPriceBand" : "21.90"
  },
  "nseData" : {
    "nsePrice" : "22.10",
    "nseVolume" : "5,757",
    "nsePrevClose" : "",
    "nseOpenPrice" : "",
    "nseTodaysLow" : "21.05",
    "nseTodaysHigh" : "22.10",
    "nse52WeekLow" : "18.50",
    "nse52WeekHigh" : "144.80",
    "nseLowerPriceBand" : "20.00",
    "nseUpperPriceBand" : "22.10"
  },
  "companyValuation" : {
    "marketCapital" : "37.09",
    "peRatio" : "20.28",
    "bookValue" : "68.03",
    "dividend" : "0.00",
    "marketLot" : "1",
    "industryPeRatio" : "18.30",
    "eps" : "1.09",
    "pcRatio" : "18.42",
    "bookPrice" : "0.32",
    "dividendYield" : "-",
    "faceValue" : "10.00",
    "deliverables" : "96.97"
  }
}