{
  "url" : "https://www.moneycontrol.com/india/stockpricequote/telecommunications-equipment/gtlinfrastructure/GTL02",
  "companyName" : "GTL Infrastructure Ltd.",
  "breadCrumb" : "Moneycontrol / Market / Share/Stock Price / Telecommunications - Equipment",
  "bseNseNames" : "BSE: 532775 | NSE: GTLINFRA |",
  "seriesLink" : "EQ",
  "isinLink" : "INE221H01019",
  "sectorLink" : "Moneycontrol / Market / Share/Stock Price / Telecommunications - Equipment",
  "sectorTitle" : "TELECOMMUNICATIONS - EQUIPMENT",
  "bseData" : {
    "bsePrice" : "0.24",
    "bseVolume" : "2,832,195",
    "bsePrevClose" : "0.25",
    "bseOpenPrice" : "",
    "bseTodaysLow" : "0.24",
    "bseTodaysHigh" : "0.26",
    "bse52WeekLow" : "0.21",
    "bse52WeekHigh" : "1.20",
    "bseLowerPriceBand" : "0.24",
    "bseUpperPriceBand" : "0.26"
  },
  "nseData" : {
    "nsePrice" : "0.25",
    "nseVolume" : "4,762,313",
    "nsePrevClose" : "",
    "nseOpenPrice" : "",
    "nseTodaysLow" : "0.20",
    "nseTodaysHigh" : "0.25",
    "nse52WeekLow" : "0.15",
    "nse52WeekHigh" : "1.30",
    "nseLowerPriceBand" : "0.20",
    "nseUpperPriceBand" : "0.30"
  },
  "companyValuation" : {
    "marketCapital" : "295.66",
    "peRatio" : "-",
    "bookValue" : "1.02",
    "dividend" : "0.00",
    "marketLot" : "1",
    "industryPeRatio" : "15.68",
    "eps" : "-",
    "pcRatio" : "-",
    "bookPrice" : "0.24",
    "dividendYield" : "-",
    "faceValue" : "10.00",
    "deliverables" : "95.90"
  }
}