{
  "url" : "https://www.moneycontrol.com/india/stockpricequote/textiles-spinning-cotton-blended/gtnindustries/GTN01",
  "companyName" : "GTN Industries Ltd.",
  "breadCrumb" : "Moneycontrol / Market / Share/Stock Price / Textiles - Spinning - Cotton Blended",
  "bseNseNames" : "BSE: 500170 | NSE: GTNIND |",
  "seriesLink" : "EQ",
  "isinLink" : "INE537A01013",
  "sectorLink" : "Moneycontrol / Market / Share/Stock Price / Textiles - Spinning - Cotton Blended",
  "sectorTitle" : "TEXTILES - SPINNING - COTTON BLENDED",
  "bseData" : {
    "bsePrice" : "5.36",
    "bseVolume" : "601",
    "bsePrevClose" : "5.58",
    "bseOpenPrice" : "",
    "bseTodaysLow" : "5.31",
    "bseTodaysHigh" : "5.85",
    "bse52WeekLow" : "5.31",
    "bse52WeekHigh" : "12.49",
    "bseLowerPriceBand" : "5.31",
    "bseUpperPriceBand" : "5.85"
  },
  "nseData" : {
    "nsePrice" : "5.25",
    "nseVolume" : "124",
    "nsePrevClose" : "",
    "nseOpenPrice" : "",
    "nseTodaysLow" : "5.25",
    "nseTodaysHigh" : "5.25",
    "nse52WeekLow" : "4.90",
    "nse52WeekHigh" : "11.95",
    "nseLowerPriceBand" : "4.95",
    "nseUpperPriceBand" : "5.45"
  },
  "companyValuation" : {
    "marketCapital" : "9.40",
    "peRatio" : "-",
    "bookValue" : "32.74",
    "dividend" : "0.00",
    "marketLot" : "1",
    "industryPeRatio" : "5.97",
    "eps" : "-",
    "pcRatio" : "1.19",
    "bookPrice" : "0.16",
    "dividendYield" : "-",
    "faceValue" : "10.00",
    "deliverables" : "100.00"
  }
}