{
  "url" : "https://www.moneycontrol.com/india/stockpricequote/mediaentertainment/gtplhathway/GH02",
  "companyName" : "GTPL Hathway Ltd.",
  "breadCrumb" : "Moneycontrol / Market / Share/Stock Price / Media & Entertainment",
  "bseNseNames" : "BSE: 540602 | NSE: GTPL |",
  "seriesLink" : "EQ",
  "isinLink" : "INE869I01013",
  "sectorLink" : "Moneycontrol / Market / Share/Stock Price / Media & Entertainment",
  "sectorTitle" : "MEDIA & ENTERTAINMENT",
  "bseData" : {
    "bsePrice" : "48.20",
    "bseVolume" : "4,324",
    "bsePrevClose" : "47.80",
    "bseOpenPrice" : "",
    "bseTodaysLow" : "47.00",
    "bseTodaysHigh" : "48.85",
    "bse52WeekLow" : "33.00",
    "bse52WeekHigh" : "95.80",
    "bseLowerPriceBand" : "38.25",
    "bseUpperPriceBand" : "57.35"
  },
  "nseData" : {
    "nsePrice" : "48.55",
    "nseVolume" : "116,972",
    "nsePrevClose" : "",
    "nseOpenPrice" : "",
    "nseTodaysLow" : "46.80",
    "nseTodaysHigh" : "49.95",
    "nse52WeekLow" : "32.35",
    "nse52WeekHigh" : "95.80",
    "nseLowerPriceBand" : "38.30",
    "nseUpperPriceBand" : "57.40"
  },
  "companyValuation" : {
    "marketCapital" : "542.07",
    "peRatio" : "8.16",
    "bookValue" : "59.01",
    "dividend" : "10.00",
    "marketLot" : "1",
    "industryPeRatio" : "10.82",
    "eps" : "5.95",
    "pcRatio" : "2.84",
    "bookPrice" : "0.82",
    "dividendYield" : "2.07",
    "faceValue" : "10.00",
    "deliverables" : "77.84"
  }
}