{
  "url" : "https://www.moneycontrol.com/india/stockpricequote/pharmaceuticals/guficbiosciences/GB04",
  "companyName" : "Gufic Biosciences Ltd.",
  "breadCrumb" : "Moneycontrol / Market / Share/Stock Price / Pharmaceuticals",
  "bseNseNames" : "BSE: 509079 | NSE: GUFICBIO |",
  "seriesLink" : "EQ",
  "isinLink" : "INE742B01025",
  "sectorLink" : "Moneycontrol / Market / Share/Stock Price / Pharmaceuticals",
  "sectorTitle" : "PHARMACEUTICALS",
  "bseData" : {
    "bsePrice" : "61.90",
    "bseVolume" : "13,866",
    "bsePrevClose" : "53.75",
    "bseOpenPrice" : "",
    "bseTodaysLow" : "54.90",
    "bseTodaysHigh" : "62.90",
    "bse52WeekLow" : "37.55",
    "bse52WeekHigh" : "93.90",
    "bseLowerPriceBand" : "43.00",
    "bseUpperPriceBand" : "64.50"
  },
  "nseData" : {
    "nsePrice" : "61.65",
    "nseVolume" : "173,164",
    "nsePrevClose" : "",
    "nseOpenPrice" : "",
    "nseTodaysLow" : "54.45",
    "nseTodaysHigh" : "62.50",
    "nse52WeekLow" : "37.00",
    "nse52WeekHigh" : "93.95",
    "nseLowerPriceBand" : "43.00",
    "nseUpperPriceBand" : "64.40"
  },
  "companyValuation" : {
    "marketCapital" : "481.77",
    "peRatio" : "19.89",
    "bookValue" : "9.68",
    "dividend" : "5.00",
    "marketLot" : "1",
    "industryPeRatio" : "32.25",
    "eps" : "3.1",
    "pcRatio" : "16.66",
    "bookPrice" : "6.39",
    "dividendYield" : "0.08",
    "faceValue" : "1.00",
    "deliverables" : "49.19"
  }
}