{
  "url" : "https://www.moneycontrol.com/india/stockpricequote/engineering-heavy/gujaratapolloindustries/GAI03",
  "companyName" : "Gujarat Apollo Industries Ltd.",
  "breadCrumb" : "Moneycontrol / Market / Share/Stock Price / Engineering - Heavy",
  "bseNseNames" : "BSE: 522217 | NSE: GUJAPOLLO |",
  "seriesLink" : "EQ",
  "isinLink" : "INE826C01016",
  "sectorLink" : "Moneycontrol / Market / Share/Stock Price / Engineering - Heavy",
  "sectorTitle" : "ENGINEERING - HEAVY",
  "bseData" : {
    "bsePrice" : "124.00",
    "bseVolume" : "380",
    "bsePrevClose" : "130.60",
    "bseOpenPrice" : "",
    "bseTodaysLow" : "119.10",
    "bseTodaysHigh" : "133.15",
    "bse52WeekLow" : "100.00",
    "bse52WeekHigh" : "166.60",
    "bseLowerPriceBand" : "104.50",
    "bseUpperPriceBand" : "156.70"
  },
  "nseData" : {
    "nsePrice" : "124.95",
    "nseVolume" : "2,201",
    "nsePrevClose" : "",
    "nseOpenPrice" : "",
    "nseTodaysLow" : "123.00",
    "nseTodaysHigh" : "132.50",
    "nse52WeekLow" : "95.00",
    "nse52WeekHigh" : "168.00",
    "nseLowerPriceBand" : "102.30",
    "nseUpperPriceBand" : "153.40"
  },
  "companyValuation" : {
    "marketCapital" : "157.01",
    "peRatio" : "15.46",
    "bookValue" : "198.99",
    "dividend" : "30.00",
    "marketLot" : "1",
    "industryPeRatio" : "9.29",
    "eps" : "8.08",
    "pcRatio" : "12.6",
    "bookPrice" : "0.62",
    "dividendYield" : "2.42",
    "faceValue" : "10.00",
    "deliverables" : "56.91"
  }
}