{
  "url" : "https://www.moneycontrol.com/india/stockpricequote/chemicals/gujaratalkalieschemicals/GAC01",
  "companyName" : "Gujarat Alkalies and Chemicals Ltd.",
  "breadCrumb" : "Moneycontrol / Market / Share/Stock Price / Chemicals",
  "bseNseNames" : "BSE: 530001 | NSE: GUJALKALI |",
  "seriesLink" : "EQ",
  "isinLink" : "INE186A01019",
  "sectorLink" : "Moneycontrol / Market / Share/Stock Price / Chemicals",
  "sectorTitle" : "CHEMICALS",
  "bseData" : {
    "bsePrice" : "314.30",
    "bseVolume" : "51,965",
    "bsePrevClose" : "303.60",
    "bseOpenPrice" : "",
    "bseTodaysLow" : "307.60",
    "bseTodaysHigh" : "333.95",
    "bse52WeekLow" : "165.00",
    "bse52WeekHigh" : "595.80",
    "bseLowerPriceBand" : "273.25",
    "bseUpperPriceBand" : "333.95"
  },
  "nseData" : {
    "nsePrice" : "314.00",
    "nseVolume" : "370,964",
    "nsePrevClose" : "",
    "nseOpenPrice" : "",
    "nseTodaysLow" : "306.05",
    "nseTodaysHigh" : "333.15",
    "nse52WeekLow" : "180.10",
    "nse52WeekHigh" : "595.00",
    "nseLowerPriceBand" : "272.65",
    "nseUpperPriceBand" : "333.15"
  },
  "companyValuation" : {
    "marketCapital" : "2,308.12",
    "peRatio" : "4.7",
    "bookValue" : "585.08",
    "dividend" : "80.00",
    "marketLot" : "1",
    "industryPeRatio" : "4.37",
    "eps" : "66.83",
    "pcRatio" : "3.66",
    "bookPrice" : "0.54",
    "dividendYield" : "2.55",
    "faceValue" : "10.00",
    "deliverables" : "20.57"
  }
}