{
  "url" : "https://www.moneycontrol.com/india/stockpricequote/packaging/gujaratraffiaindustries/GRI",
  "companyName" : "Gujarat Raffia Industries Ltd.",
  "breadCrumb" : "Moneycontrol / Market / Share/Stock Price / Packaging",
  "bseNseNames" : "BSE: 523836 | NSE: GUJRAFFIA |",
  "seriesLink" : "BE",
  "isinLink" : "INE610B01024",
  "sectorLink" : "Moneycontrol / Market / Share/Stock Price / Packaging",
  "sectorTitle" : "PACKAGING",
  "bseData" : {
    "bsePrice" : "7.06",
    "bseVolume" : "1,209",
    "bsePrevClose" : "7.40",
    "bseOpenPrice" : "",
    "bseTodaysLow" : "7.06",
    "bseTodaysHigh" : "7.06",
    "bse52WeekLow" : "7.06",
    "bse52WeekHigh" : "15.50",
    "bseLowerPriceBand" : "7.03",
    "bseUpperPriceBand" : "7.77"
  },
  "nseData" : {
    "nsePrice" : "7.60",
    "nseVolume" : "199",
    "nsePrevClose" : "",
    "nseOpenPrice" : "",
    "nseTodaysLow" : "7.60",
    "nseTodaysHigh" : "7.60",
    "nse52WeekLow" : "6.60",
    "nse52WeekHigh" : "18.20",
    "nseLowerPriceBand" : "7.25",
    "nseUpperPriceBand" : "7.95"
  },
  "companyValuation" : {
    "marketCapital" : "3.82",
    "peRatio" : "4.63",
    "bookValue" : "30.44",
    "dividend" : "0.00",
    "marketLot" : "1",
    "industryPeRatio" : "10.24",
    "eps" : "1.64",
    "pcRatio" : "2.11",
    "bookPrice" : "0.23",
    "dividendYield" : "-",
    "faceValue" : "10.00",
    "deliverables" : "0"
  }
}