{
  "url" : "https://www.moneycontrol.com/india/stockpricequote/lubricants/gulfoillubricantsindia/GOL01",
  "companyName" : "Gulf Oil Lubricants India Ltd.",
  "breadCrumb" : "Moneycontrol / Market / Share/Stock Price / Lubricants",
  "bseNseNames" : "BSE: 538567 | NSE: GULFOILLUB |",
  "seriesLink" : "EQ",
  "isinLink" : "INE635Q01029",
  "sectorLink" : "Moneycontrol / Market / Share/Stock Price / Lubricants",
  "sectorTitle" : "LUBRICANTS",
  "bseData" : {
    "bsePrice" : "559.50",
    "bseVolume" : "361",
    "bsePrevClose" : "541.10",
    "bseOpenPrice" : "",
    "bseTodaysLow" : "550.00",
    "bseTodaysHigh" : "586.35",
    "bse52WeekLow" : "450.00",
    "bse52WeekHigh" : "909.00",
    "bseLowerPriceBand" : "432.90",
    "bseUpperPriceBand" : "649.30"
  },
  "nseData" : {
    "nsePrice" : "559.70",
    "nseVolume" : "10,153",
    "nsePrevClose" : "",
    "nseOpenPrice" : "",
    "nseTodaysLow" : "551.00",
    "nseTodaysHigh" : "597.80",
    "nse52WeekLow" : "455.00",
    "nse52WeekHigh" : "917.90",
    "nseLowerPriceBand" : "443.60",
    "nseUpperPriceBand" : "665.40"
  },
  "companyValuation" : {
    "marketCapital" : "2,803.41",
    "peRatio" : "13.1",
    "bookValue" : "117.11",
    "dividend" : "575.00",
    "marketLot" : "1",
    "industryPeRatio" : "13.34",
    "eps" : "42.74",
    "pcRatio" : "11.86",
    "bookPrice" : "4.78",
    "dividendYield" : "2.06",
    "faceValue" : "2.00",
    "deliverables" : "83.94"
  }
}