{
  "url" : "https://www.moneycontrol.com/india/stockpricequote/chemicals/gulshanpolyols/GP9",
  "companyName" : "Gulshan Polyols Ltd.",
  "breadCrumb" : "Moneycontrol / Market / Share/Stock Price / Chemicals",
  "bseNseNames" : "BSE: 532457 | NSE: GULPOLY |",
  "seriesLink" : "EQ",
  "isinLink" : "INE255D01024",
  "sectorLink" : "Moneycontrol / Market / Share/Stock Price / Chemicals",
  "sectorTitle" : "CHEMICALS",
  "bseData" : {
    "bsePrice" : "22.10",
    "bseVolume" : "1",
    "bsePrevClose" : "21.05",
    "bseOpenPrice" : "",
    "bseTodaysLow" : "22.10",
    "bseTodaysHigh" : "22.10",
    "bse52WeekLow" : "19.90",
    "bse52WeekHigh" : "55.95",
    "bseLowerPriceBand" : "20.00",
    "bseUpperPriceBand" : "22.10"
  },
  "nseData" : {
    "nsePrice" : "25.50",
    "nseVolume" : "12,145",
    "nsePrevClose" : "",
    "nseOpenPrice" : "",
    "nseTodaysLow" : "25.00",
    "nseTodaysHigh" : "25.80",
    "nse52WeekLow" : "19.60",
    "nse52WeekHigh" : "58.00",
    "nseLowerPriceBand" : "23.40",
    "nseUpperPriceBand" : "25.80"
  },
  "companyValuation" : {
    "marketCapital" : "103.69",
    "peRatio" : "5.07",
    "bookValue" : "61.93",
    "dividend" : "70.00",
    "marketLot" : "1",
    "industryPeRatio" : "39.12",
    "eps" : "5.03",
    "pcRatio" : "1.76",
    "bookPrice" : "0.36",
    "dividendYield" : "3.17",
    "faceValue" : "1.00",
    "deliverables" : "99.96"
  }
}