{
  "url" : "https://www.moneycontrol.com/india/stockpricequote/power-generationdistribution/gvkpowerinfrastructure/GVK",
  "companyName" : "GVK Power & Infrastructure Ltd.",
  "breadCrumb" : "Moneycontrol / Market / Share/Stock Price / Power - Generation & Distribution",
  "bseNseNames" : "BSE: 532708 | NSE: GVKPIL |",
  "seriesLink" : "EQ",
  "isinLink" : "INE251H01024",
  "sectorLink" : "Moneycontrol / Market / Share/Stock Price / Power - Generation & Distribution",
  "sectorTitle" : "POWER - GENERATION & DISTRIBUTION",
  "bseData" : {
    "bsePrice" : "3.02",
    "bseVolume" : "774,426",
    "bsePrevClose" : "2.52",
    "bseOpenPrice" : "",
    "bseTodaysLow" : "2.55",
    "bseTodaysHigh" : "3.02",
    "bse52WeekLow" : "2.00",
    "bse52WeekHigh" : "8.20",
    "bseLowerPriceBand" : "2.02",
    "bseUpperPriceBand" : "3.02"
  },
  "nseData" : {
    "nsePrice" : "3.05",
    "nseVolume" : "6,364,833",
    "nsePrevClose" : "",
    "nseOpenPrice" : "",
    "nseTodaysLow" : "2.55",
    "nseTodaysHigh" : "3.05",
    "nse52WeekLow" : "2.00",
    "nse52WeekHigh" : "8.25",
    "nseLowerPriceBand" : "2.05",
    "nseUpperPriceBand" : "3.05"
  },
  "companyValuation" : {
    "marketCapital" : "476.92",
    "peRatio" : "4.12",
    "bookValue" : "11.68",
    "dividend" : "0.00",
    "marketLot" : "1",
    "industryPeRatio" : "7.28",
    "eps" : "0.74",
    "pcRatio" : "4.12",
    "bookPrice" : "0.26",
    "dividendYield" : "-",
    "faceValue" : "1.00",
    "deliverables" : "69.57"
  }
}