{
  "url" : "https://www.moneycontrol.com/india/stockpricequote/auto-ancillaries/haritaseatingsystems/HSS02",
  "companyName" : "Harita Seating Systems Ltd.",
  "breadCrumb" : "Moneycontrol / Market / Share/Stock Price / Auto Ancillaries",
  "bseNseNames" : "BSE: 590043 | NSE: HARITASEAT |",
  "seriesLink" : "EQ",
  "isinLink" : "INE939D01015",
  "sectorLink" : "Moneycontrol / Market / Share/Stock Price / Auto Ancillaries",
  "sectorTitle" : "AUTO ANCILLARIES",
  "bseData" : {
    "bsePrice" : "338.20",
    "bseVolume" : "105",
    "bsePrevClose" : "341.40",
    "bseOpenPrice" : "",
    "bseTodaysLow" : "337.00",
    "bseTodaysHigh" : "355.95",
    "bse52WeekLow" : "291.00",
    "bse52WeekHigh" : "525.20",
    "bseLowerPriceBand" : "273.15",
    "bseUpperPriceBand" : "409.65"
  },
  "nseData" : {
    "nsePrice" : "339.95",
    "nseVolume" : "4,728",
    "nsePrevClose" : "",
    "nseOpenPrice" : "",
    "nseTodaysLow" : "337.00",
    "nseTodaysHigh" : "349.95",
    "nse52WeekLow" : "285.60",
    "nse52WeekHigh" : "533.85",
    "nseLowerPriceBand" : "272.45",
    "nseUpperPriceBand" : "408.65"
  },
  "companyValuation" : {
    "marketCapital" : "262.75",
    "peRatio" : "26.87",
    "bookValue" : "172.40",
    "dividend" : "60.00",
    "marketLot" : "1",
    "industryPeRatio" : "12.63",
    "eps" : "12.65",
    "pcRatio" : "13.75",
    "bookPrice" : "1.96",
    "dividendYield" : "1.77",
    "faceValue" : "10.00",
    "deliverables" : "91.16"
  }
}