{
  "url" : "https://www.moneycontrol.com/india/stockpricequote/plantations-teacoffee/harrisonsmalyalam/HM02",
  "companyName" : "Harrisons Malyalam Ltd.",
  "breadCrumb" : "Moneycontrol / Market / Share/Stock Price / Plantations - Tea & Coffee",
  "bseNseNames" : "BSE: 500467 | NSE: HARRMALAYA |",
  "seriesLink" : "EQ",
  "isinLink" : "INE544A01019",
  "sectorLink" : "Moneycontrol / Market / Share/Stock Price / Plantations - Tea & Coffee",
  "sectorTitle" : "PLANTATIONS - TEA & COFFEE",
  "bseData" : {
    "bsePrice" : "55.25",
    "bseVolume" : "2,927",
    "bsePrevClose" : "55.30",
    "bseOpenPrice" : "",
    "bseTodaysLow" : "55.25",
    "bseTodaysHigh" : "59.00",
    "bse52WeekLow" : "44.10",
    "bse52WeekHigh" : "75.95",
    "bseLowerPriceBand" : "44.25",
    "bseUpperPriceBand" : "66.35"
  },
  "nseData" : {
    "nsePrice" : "55.80",
    "nseVolume" : "36,507",
    "nsePrevClose" : "",
    "nseOpenPrice" : "",
    "nseTodaysLow" : "54.40",
    "nseTodaysHigh" : "58.80",
    "nse52WeekLow" : "44.00",
    "nse52WeekHigh" : "75.80",
    "nseLowerPriceBand" : "44.35",
    "nseUpperPriceBand" : "66.45"
  },
  "companyValuation" : {
    "marketCapital" : "101.97",
    "peRatio" : "14.72",
    "bookValue" : "42.62",
    "dividend" : "0.00",
    "marketLot" : "1",
    "industryPeRatio" : "29.71",
    "eps" : "3.79",
    "pcRatio" : "9.24",
    "bookPrice" : "1.30",
    "dividendYield" : "-",
    "faceValue" : "10.00",
    "deliverables" : "47.20"
  }
}