{
  "url" : "https://www.moneycontrol.com/india/stockpricequote/constructioncontracting-civil/hindustanconstructioncompany/HCC",
  "companyName" : "Hindustan Construction Company Ltd.",
  "breadCrumb" : "Moneycontrol / Market / Share/Stock Price / Construction & Contracting - Civil",
  "bseNseNames" : "BSE: 500185 | NSE: HCC |",
  "seriesLink" : "EQ",
  "isinLink" : "INE549A01026",
  "sectorLink" : "Moneycontrol / Market / Share/Stock Price / Construction & Contracting - Civil",
  "sectorTitle" : "CONSTRUCTION & CONTRACTING - CIVIL",
  "bseData" : {
    "bsePrice" : "4.11",
    "bseVolume" : "2,546,515",
    "bsePrevClose" : "3.98",
    "bseOpenPrice" : "",
    "bseTodaysLow" : "3.94",
    "bseTodaysHigh" : "4.17",
    "bse52WeekLow" : "3.60",
    "bse52WeekHigh" : "14.80",
    "bseLowerPriceBand" : "3.79",
    "bseUpperPriceBand" : "4.17"
  },
  "nseData" : {
    "nsePrice" : "4.10",
    "nseVolume" : "1,199,666",
    "nsePrevClose" : "",
    "nseOpenPrice" : "",
    "nseTodaysLow" : "3.90",
    "nseTodaysHigh" : "4.10",
    "nse52WeekLow" : "3.60",
    "nse52WeekHigh" : "14.80",
    "nseLowerPriceBand" : "3.80",
    "nseUpperPriceBand" : "4.10"
  },
  "companyValuation" : {
    "marketCapital" : "621.85",
    "peRatio" : "-",
    "bookValue" : "8.55",
    "dividend" : "0.00",
    "marketLot" : "1",
    "industryPeRatio" : "13.75",
    "eps" : "-",
    "pcRatio" : "-",
    "bookPrice" : "0.48",
    "dividendYield" : "-",
    "faceValue" : "1.00",
    "deliverables" : "65.43"
  }
}