{
  "url" : "https://www.moneycontrol.com/india/stockpricequote/hospitalsmedical-services/healthcareglobalenterprises/HGE",
  "companyName" : "Healthcare Global Enterprises Ltd.",
  "breadCrumb" : "Moneycontrol / Market / Share/Stock Price / Hospitals & Medical Services",
  "bseNseNames" : "BSE: 539787 | NSE: HCG |",
  "seriesLink" : "EQ",
  "isinLink" : "INE075I01017",
  "sectorLink" : "Moneycontrol / Market / Share/Stock Price / Hospitals & Medical Services",
  "sectorTitle" : "HOSPITALS & MEDICAL SERVICES",
  "bseData" : {
    "bsePrice" : "70.00",
    "bseVolume" : "26,016",
    "bsePrevClose" : "73.45",
    "bseOpenPrice" : "",
    "bseTodaysLow" : "70.00",
    "bseTodaysHigh" : "75.25",
    "bse52WeekLow" : "65.85",
    "bse52WeekHigh" : "248.80",
    "bseLowerPriceBand" : "58.80",
    "bseUpperPriceBand" : "88.10"
  },
  "nseData" : {
    "nsePrice" : "70.25",
    "nseVolume" : "182,864",
    "nsePrevClose" : "",
    "nseOpenPrice" : "",
    "nseTodaysLow" : "69.85",
    "nseTodaysHigh" : "75.60",
    "nse52WeekLow" : "65.00",
    "nse52WeekHigh" : "210.00",
    "nseLowerPriceBand" : "59.60",
    "nseUpperPriceBand" : "89.30"
  },
  "companyValuation" : {
    "marketCapital" : "620.66",
    "peRatio" : "-",
    "bookValue" : "72.17",
    "dividend" : "0.00",
    "marketLot" : "1",
    "industryPeRatio" : "53.14",
    "eps" : "-",
    "pcRatio" : "15.41",
    "bookPrice" : "0.97",
    "dividendYield" : "-",
    "faceValue" : "10.00",
    "deliverables" : "62.51"
  }
}