{
  "url" : "https://www.moneycontrol.com/india/stockpricequote/computers-hardware/hclinfosystems/HCL",
  "companyName" : "HCL Infosystems Ltd.",
  "breadCrumb" : "Moneycontrol / Market / Share/Stock Price / Computers - Hardware",
  "bseNseNames" : "BSE: 500179 | NSE: HCL-INSYS |",
  "seriesLink" : "EQ",
  "isinLink" : "INE236A01020",
  "sectorLink" : "Moneycontrol / Market / Share/Stock Price / Computers - Hardware",
  "sectorTitle" : "COMPUTERS - HARDWARE",
  "bseData" : {
    "bsePrice" : "4.39",
    "bseVolume" : "45,919",
    "bsePrevClose" : "4.19",
    "bseOpenPrice" : "",
    "bseTodaysLow" : "4.25",
    "bseTodaysHigh" : "4.39",
    "bse52WeekLow" : "3.20",
    "bse52WeekHigh" : "19.00",
    "bseLowerPriceBand" : "3.99",
    "bseUpperPriceBand" : "4.39"
  },
  "nseData" : {
    "nsePrice" : "4.30",
    "nseVolume" : "82,741",
    "nsePrevClose" : "",
    "nseOpenPrice" : "",
    "nseTodaysLow" : "4.30",
    "nseTodaysHigh" : "4.30",
    "nse52WeekLow" : "3.20",
    "nse52WeekHigh" : "18.95",
    "nseLowerPriceBand" : "3.90",
    "nseUpperPriceBand" : "4.30"
  },
  "companyValuation" : {
    "marketCapital" : "144.52",
    "peRatio" : "-",
    "bookValue" : "8.47",
    "dividend" : "0.00",
    "marketLot" : "1",
    "industryPeRatio" : "17.66",
    "eps" : "-",
    "pcRatio" : "-",
    "bookPrice" : "0.52",
    "dividendYield" : "-",
    "faceValue" : "2.00",
    "deliverables" : "97.81"
  }
}