{
  "url" : "https://www.moneycontrol.com/india/stockpricequote/banks-private-sector/hdfcbank/HDF01",
  "companyName" : "HDFC Bank Ltd.",
  "breadCrumb" : "Moneycontrol / Market / Share/Stock Price / Banks - Private Sector",
  "bseNseNames" : "BSE: 500180 | NSE: HDFCBANK |",
  "seriesLink" : "EQ",
  "isinLink" : "INE040A01034",
  "sectorLink" : "Moneycontrol / Market / Share/Stock Price / Banks - Private Sector",
  "sectorTitle" : "BANKS - PRIVATE SECTOR",
  "bseData" : {
    "bsePrice" : "888.95",
    "bseVolume" : "1,022,837",
    "bsePrevClose" : "896.35",
    "bseOpenPrice" : "",
    "bseTodaysLow" : "866.70",
    "bseTodaysHigh" : "945.00",
    "bse52WeekLow" : "738.90",
    "bse52WeekHigh" : "1304.10",
    "bseLowerPriceBand" : "806.75",
    "bseUpperPriceBand" : "985.95"
  },
  "nseData" : {
    "nsePrice" : "888.90",
    "nseVolume" : "28,109,877",
    "nsePrevClose" : "",
    "nseOpenPrice" : "",
    "nseTodaysLow" : "866.10",
    "nseTodaysHigh" : "945.00",
    "nse52WeekLow" : "738.75",
    "nse52WeekHigh" : "1305.50",
    "nseLowerPriceBand" : "806.50",
    "nseUpperPriceBand" : "985.70"
  },
  "companyValuation" : {
    "marketCapital" : "487,436.75",
    "peRatio" : "19.33",
    "bookValue" : "272.12",
    "dividend" : "750.00",
    "marketLot" : "1",
    "industryPeRatio" : "25.53",
    "eps" : "45.98",
    "pcRatio" : "18.5",
    "bookPrice" : "3.27",
    "dividendYield" : "0.84",
    "faceValue" : "1.00",
    "deliverables" : "56.55"
  }
}