{
  "url" : "https://www.moneycontrol.com/india/stockpricequote/finance-investments/hdfcmutualfund-goldexchangetradedfund/HDF02",
  "companyName" : "HDFC Mutual Fund - Gold Exchange Traded Fund Ltd.",
  "breadCrumb" : "Moneycontrol / Market / Share/Stock Price / Finance - Investments",
  "bseNseNames" : "BSE: 533230 | NSE: HDFCMFGETF |",
  "seriesLink" : "EQ",
  "isinLink" : "INF179K01CN1",
  "sectorLink" : "Moneycontrol / Market / Share/Stock Price / Finance - Investments",
  "sectorTitle" : "FINANCE - INVESTMENTS",
  "bseData" : {
    "bsePrice" : "4065.00",
    "bseVolume" : "1,111",
    "bsePrevClose" : "4054.48",
    "bseOpenPrice" : "",
    "bseTodaysLow" : "4010.00",
    "bseTodaysHigh" : "4150.00",
    "bse52WeekLow" : "2850.00",
    "bse52WeekHigh" : "4150.00",
    "bseLowerPriceBand" : "3184.28",
    "bseUpperPriceBand" : "4776.43"
  },
  "nseData" : {
    "nsePrice" : "4089.55",
    "nseVolume" : "7,501",
    "nsePrevClose" : "",
    "nseOpenPrice" : "",
    "nseTodaysLow" : "4035.00",
    "nseTodaysHigh" : "4095.00",
    "nse52WeekLow" : "2841.00",
    "nse52WeekHigh" : "4187.50",
    "nseLowerPriceBand" : "3184.30",
    "nseUpperPriceBand" : "4776.40"
  },
  "companyValuation" : {
    "marketCapital" : "625.71",
    "peRatio" : "-",
    "bookValue" : "0",
    "dividend" : "0",
    "marketLot" : "0",
    "industryPeRatio" : "0",
    "eps" : "-",
    "pcRatio" : "-",
    "bookPrice" : "-",
    "dividendYield" : "-",
    "faceValue" : "0",
    "deliverables" : "63.82"
  }
}