{
  "url" : "https://www.moneycontrol.com/india/stockpricequote/finance-investments/hdfcassetmanagementcompany/HAM02",
  "companyName" : "HDFC Asset Management Company Ltd.",
  "breadCrumb" : "Moneycontrol / Market / Share/Stock Price / Finance - Investments",
  "bseNseNames" : "BSE: 541729 | NSE: HDFCAMC |",
  "seriesLink" : "EQ",
  "isinLink" : "INE127D01025",
  "sectorLink" : "Moneycontrol / Market / Share/Stock Price / Finance - Investments",
  "sectorTitle" : "FINANCE - INVESTMENTS",
  "bseData" : {
    "bsePrice" : "2318.50",
    "bseVolume" : "43,062",
    "bsePrevClose" : "2241.65",
    "bseOpenPrice" : "",
    "bseTodaysLow" : "2214.05",
    "bseTodaysHigh" : "2438.35",
    "bse52WeekLow" : "1510.00",
    "bse52WeekHigh" : "3844.00",
    "bseLowerPriceBand" : "1793.35",
    "bseUpperPriceBand" : "2689.95"
  },
  "nseData" : {
    "nsePrice" : "2318.75",
    "nseVolume" : "601,036",
    "nsePrevClose" : "",
    "nseOpenPrice" : "",
    "nseTodaysLow" : "2214.05",
    "nseTodaysHigh" : "2440.00",
    "nse52WeekLow" : "1502.65",
    "nse52WeekHigh" : "3844.00",
    "nseLowerPriceBand" : "1794.45",
    "nseUpperPriceBand" : "2691.65"
  },
  "companyValuation" : {
    "marketCapital" : "49,338.45",
    "peRatio" : "38.29",
    "bookValue" : "143.86",
    "dividend" : "480.00",
    "marketLot" : "1",
    "industryPeRatio" : "23.58",
    "eps" : "60.56",
    "pcRatio" : "37.91",
    "bookPrice" : "16.12",
    "dividendYield" : "1.04",
    "faceValue" : "5.00",
    "deliverables" : "57.88"
  }
}