{
  "url" : "https://www.moneycontrol.com/india/stockpricequote/miscellaneous/hdfclifeinsurancecompanylimited/HSL01",
  "companyName" : "HDFC Life Insurance Company Ltd.",
  "breadCrumb" : "Moneycontrol / Market / Share/Stock Price / Miscellaneous",
  "bseNseNames" : "BSE: 540777 | NSE: HDFCLIFE |",
  "seriesLink" : "EQ",
  "isinLink" : "INE795G01014",
  "sectorLink" : "Moneycontrol / Market / Share/Stock Price / Miscellaneous",
  "sectorTitle" : "MISCELLANEOUS",
  "bseData" : {
    "bsePrice" : "476.15",
    "bseVolume" : "287,895",
    "bsePrevClose" : "470.35",
    "bseOpenPrice" : "",
    "bseTodaysLow" : "458.30",
    "bseTodaysHigh" : "500.35",
    "bse52WeekLow" : "339.15",
    "bse52WeekHigh" : "646.40",
    "bseLowerPriceBand" : "423.35",
    "bseUpperPriceBand" : "517.35"
  },
  "nseData" : {
    "nsePrice" : "476.60",
    "nseVolume" : "7,175,340",
    "nsePrevClose" : "",
    "nseOpenPrice" : "",
    "nseTodaysLow" : "457.40",
    "nseTodaysHigh" : "500.55",
    "nse52WeekLow" : "340.00",
    "nse52WeekHigh" : "646.40",
    "nseLowerPriceBand" : "423.45",
    "nseUpperPriceBand" : "517.55"
  },
  "companyValuation" : {
    "marketCapital" : "96,125.09",
    "peRatio" : "71.35",
    "bookValue" : "28.02",
    "dividend" : "16.30",
    "marketLot" : "1",
    "industryPeRatio" : "58.71",
    "eps" : "6.68",
    "pcRatio" : "71.35",
    "bookPrice" : "16.99",
    "dividendYield" : "0.34",
    "faceValue" : "10.00",
    "deliverables" : "48.29"
  }
}