{
  "url" : "https://www.moneycontrol.com/india/stockpricequote/finance-general/hdfcsensexetf/HDF05",
  "companyName" : "HDFC SENSEX ETF",
  "breadCrumb" : "Moneycontrol / Market / Share/Stock Price / Finance - General",
  "bseNseNames" : "BSE: 539517 | NSE: HDFCSENETF |",
  "seriesLink" : "EQ",
  "isinLink" : "INF179KB1KQ1",
  "sectorLink" : "Moneycontrol / Market / Share/Stock Price / Finance - General",
  "sectorTitle" : "FINANCE - GENERAL",
  "bseData" : {
    "bsePrice" : "3180.00",
    "bseVolume" : "231",
    "bsePrevClose" : "3200.00",
    "bseOpenPrice" : "",
    "bseTodaysLow" : "3180.00",
    "bseTodaysHigh" : "3250.00",
    "bse52WeekLow" : "2940.00",
    "bse52WeekHigh" : "4900.03",
    "bseLowerPriceBand" : "2331.34",
    "bseUpperPriceBand" : "3497.01"
  },
  "nseData" : {
    "nsePrice" : "3183.43",
    "nseVolume" : "249",
    "nsePrevClose" : "",
    "nseOpenPrice" : "",
    "nseTodaysLow" : "3165.01",
    "nseTodaysHigh" : "3260.00",
    "nse52WeekLow" : "2940.00",
    "nse52WeekHigh" : "4966.03",
    "nseLowerPriceBand" : "2331.35",
    "nseUpperPriceBand" : "3497.01"
  },
  "companyValuation" : {
    "marketCapital" : "0.00",
    "peRatio" : "-",
    "bookValue" : "0",
    "dividend" : "0",
    "marketLot" : "0",
    "industryPeRatio" : "0",
    "eps" : "-",
    "pcRatio" : "-",
    "bookPrice" : "-",
    "dividendYield" : "-",
    "faceValue" : "0",
    "deliverables" : "60.64"
  }
}