{
  "url" : "https://www.moneycontrol.com/india/stockpricequote/constructioncontracting-real-estate/housingdevelopmentinfrastructure/HDI",
  "companyName" : "Housing Development and Infrastructure Ltd.",
  "breadCrumb" : "Moneycontrol / Market / Share/Stock Price / Construction & Contracting - Real Estate",
  "bseNseNames" : "BSE: 532873 | NSE: HDIL | SERIES: BZ | ISIN: INE191I01012 | SECTOR: CONSTRUCTION & CONTRACTING - REAL ESTATECONSTRUCTION & CONTRACTING - REAL ESTATE",
  "seriesLink" : "BZ",
  "isinLink" : "INE191I01012",
  "sectorLink" : "Moneycontrol / Market / Share/Stock Price / Construction & Contracting - Real Estate",
  "sectorTitle" : "CONSTRUCTION & CONTRACTING - REAL ESTATE",
  "bseData" : {
    "bsePrice" : "1.65",
    "bseVolume" : "116,839",
    "bsePrevClose" : "1.58",
    "bseOpenPrice" : "",
    "bseTodaysLow" : "1.58",
    "bseTodaysHigh" : "1.65",
    "bse52WeekLow" : "1.24",
    "bse52WeekHigh" : "27.90",
    "bseLowerPriceBand" : "1.51",
    "bseUpperPriceBand" : "1.65"
  },
  "nseData" : {
    "nsePrice" : "1.60",
    "nseVolume" : "156,654",
    "nsePrevClose" : "",
    "nseOpenPrice" : "",
    "nseTodaysLow" : "1.60",
    "nseTodaysHigh" : "1.60",
    "nse52WeekLow" : "1.25",
    "nse52WeekHigh" : "27.90",
    "nseLowerPriceBand" : "1.50",
    "nseUpperPriceBand" : "1.60"
  },
  "companyValuation" : {
    "marketCapital" : "78.21",
    "peRatio" : "0.95",
    "bookValue" : "246.27",
    "dividend" : "0.00",
    "marketLot" : "1",
    "industryPeRatio" : "13.75",
    "eps" : "1.68",
    "pcRatio" : "0.89",
    "bookPrice" : "0.01",
    "dividendYield" : "-",
    "faceValue" : "10.00",
    "deliverables" : "100.00"
  }
}