{
  "url" : "https://www.moneycontrol.com/india/stockpricequote/electrodesgraphite/heg/HEG",
  "companyName" : "HEG Ltd.",
  "breadCrumb" : "Moneycontrol / Market / Share/Stock Price / Electrodes & Graphite",
  "bseNseNames" : "BSE: 509631 | NSE: HEG |",
  "seriesLink" : "EQ",
  "isinLink" : "INE545A01016",
  "sectorLink" : "Moneycontrol / Market / Share/Stock Price / Electrodes & Graphite",
  "sectorTitle" : "ELECTRODES & GRAPHITE",
  "bseData" : {
    "bsePrice" : "559.05",
    "bseVolume" : "29,069",
    "bsePrevClose" : "508.25",
    "bseOpenPrice" : "",
    "bseTodaysLow" : "498.70",
    "bseTodaysHigh" : "559.05",
    "bse52WeekLow" : "413.20",
    "bse52WeekHigh" : "2158.00",
    "bseLowerPriceBand" : "457.45",
    "bseUpperPriceBand" : "559.05"
  },
  "nseData" : {
    "nsePrice" : "559.55",
    "nseVolume" : "231,696",
    "nsePrevClose" : "",
    "nseOpenPrice" : "",
    "nseTodaysLow" : "495.70",
    "nseTodaysHigh" : "559.55",
    "nse52WeekLow" : "409.60",
    "nse52WeekHigh" : "2159.45",
    "nseLowerPriceBand" : "457.85",
    "nseUpperPriceBand" : "559.55"
  },
  "companyValuation" : {
    "marketCapital" : "2,157.68",
    "peRatio" : "2.29",
    "bookValue" : "963.58",
    "dividend" : "800.00",
    "marketLot" : "1",
    "industryPeRatio" : "0.85",
    "eps" : "244.53",
    "pcRatio" : "2.13",
    "bookPrice" : "0.58",
    "dividendYield" : "14.31",
    "faceValue" : "10.00",
    "deliverables" : "50.89"
  }
}