{
  "url" : "https://www.moneycontrol.com/india/stockpricequote/cement-major/heidelbergcementindia/HCI02",
  "companyName" : "HeidelbergCement India Ltd.",
  "breadCrumb" : "Moneycontrol / Market / Share/Stock Price / Cement - Major",
  "bseNseNames" : "BSE: 500292 | NSE: HEIDELBERG |",
  "seriesLink" : "EQ",
  "isinLink" : "INE578A01017",
  "sectorLink" : "Moneycontrol / Market / Share/Stock Price / Cement - Major",
  "sectorTitle" : "CEMENT - MAJOR",
  "bseData" : {
    "bsePrice" : "147.50",
    "bseVolume" : "27,215",
    "bsePrevClose" : "141.40",
    "bseOpenPrice" : "",
    "bseTodaysLow" : "140.00",
    "bseTodaysHigh" : "152.55",
    "bse52WeekLow" : "120.00",
    "bse52WeekHigh" : "217.80",
    "bseLowerPriceBand" : "113.15",
    "bseUpperPriceBand" : "169.65"
  },
  "nseData" : {
    "nsePrice" : "146.70",
    "nseVolume" : "422,316",
    "nsePrevClose" : "",
    "nseOpenPrice" : "",
    "nseTodaysLow" : "138.10",
    "nseTodaysHigh" : "152.40",
    "nse52WeekLow" : "122.00",
    "nse52WeekHigh" : "217.75",
    "nseLowerPriceBand" : "112.90",
    "nseUpperPriceBand" : "169.30"
  },
  "companyValuation" : {
    "marketCapital" : "3,342.54",
    "peRatio" : "12.66",
    "bookValue" : "51.68",
    "dividend" : "40.00",
    "marketLot" : "1",
    "industryPeRatio" : "28.37",
    "eps" : "11.59",
    "pcRatio" : "9.12",
    "bookPrice" : "2.85",
    "dividendYield" : "2.71",
    "faceValue" : "10.00",
    "deliverables" : "65.39"
  }
}