{
  "url" : "https://www.moneycontrol.com/india/stockpricequote/engineering/herculeshoists/HH01",
  "companyName" : "Hercules Hoists Ltd.",
  "breadCrumb" : "Moneycontrol / Market / Share/Stock Price / Engineering",
  "bseNseNames" : "BSE: 505720 | NSE: HERCULES |",
  "seriesLink" : "EQ",
  "isinLink" : "INE688E01024",
  "sectorLink" : "Moneycontrol / Market / Share/Stock Price / Engineering",
  "sectorTitle" : "ENGINEERING",
  "bseData" : {
    "bsePrice" : "54.50",
    "bseVolume" : "1,441",
    "bsePrevClose" : "55.35",
    "bseOpenPrice" : "",
    "bseTodaysLow" : "54.50",
    "bseTodaysHigh" : "57.25",
    "bse52WeekLow" : "47.90",
    "bse52WeekHigh" : "126.90",
    "bseLowerPriceBand" : "44.30",
    "bseUpperPriceBand" : "66.40"
  },
  "nseData" : {
    "nsePrice" : "54.90",
    "nseVolume" : "11,546",
    "nsePrevClose" : "",
    "nseOpenPrice" : "",
    "nseTodaysLow" : "54.00",
    "nseTodaysHigh" : "58.00",
    "nse52WeekLow" : "46.00",
    "nse52WeekHigh" : "126.00",
    "nseLowerPriceBand" : "43.90",
    "nseUpperPriceBand" : "65.80"
  },
  "companyValuation" : {
    "marketCapital" : "174.40",
    "peRatio" : "17.82",
    "bookValue" : "133.37",
    "dividend" : "150.00",
    "marketLot" : "1",
    "industryPeRatio" : "11.59",
    "eps" : "3.08",
    "pcRatio" : "13.66",
    "bookPrice" : "0.41",
    "dividendYield" : "2.75",
    "faceValue" : "1.00",
    "deliverables" : "54.85"
  }
}