{
  "url" : "https://www.moneycontrol.com/india/stockpricequote/food-processing/heritagefoods/HFI",
  "companyName" : "Heritage Foods Ltd.",
  "breadCrumb" : "Moneycontrol / Market / Share/Stock Price / Food Processing",
  "bseNseNames" : "BSE: 519552 | NSE: HERITGFOOD |",
  "seriesLink" : "EQ",
  "isinLink" : "INE978A01027",
  "sectorLink" : "Moneycontrol / Market / Share/Stock Price / Food Processing",
  "sectorTitle" : "FOOD PROCESSING",
  "bseData" : {
    "bsePrice" : "249.15",
    "bseVolume" : "6",
    "bsePrevClose" : "237.30",
    "bseOpenPrice" : "",
    "bseTodaysLow" : "249.15",
    "bseTodaysHigh" : "249.15",
    "bse52WeekLow" : "146.70",
    "bse52WeekHigh" : "545.00",
    "bseLowerPriceBand" : "225.45",
    "bseUpperPriceBand" : "249.15"
  },
  "nseData" : {
    "nsePrice" : "250.00",
    "nseVolume" : "36,164",
    "nsePrevClose" : "",
    "nseOpenPrice" : "",
    "nseTodaysLow" : "250.00",
    "nseTodaysHigh" : "250.00",
    "nse52WeekLow" : "145.50",
    "nse52WeekHigh" : "544.65",
    "nseLowerPriceBand" : "226.20",
    "nseUpperPriceBand" : "250.00"
  },
  "companyValuation" : {
    "marketCapital" : "1,156.01",
    "peRatio" : "15.61",
    "bookValue" : "172.80",
    "dividend" : "40.00",
    "marketLot" : "1",
    "industryPeRatio" : "57.44",
    "eps" : "16.02",
    "pcRatio" : "9.83",
    "bookPrice" : "1.44",
    "dividendYield" : "0.80",
    "faceValue" : "5.00",
    "deliverables" : "76.85"
  }
}