{
  "url" : "https://www.moneycontrol.com/india/stockpricequote/auto-23-wheelers/heromotocorp/HHM",
  "companyName" : "Hero Motocorp Ltd.",
  "breadCrumb" : "Moneycontrol / Market / Share/Stock Price / Auto - 2 & 3 Wheelers",
  "bseNseNames" : "BSE: 500182 | NSE: HEROMOTOCO |",
  "seriesLink" : "EQ",
  "isinLink" : "INE158A01026",
  "sectorLink" : "Moneycontrol / Market / Share/Stock Price / Auto - 2 & 3 Wheelers",
  "sectorTitle" : "AUTO - 2 & 3 WHEELERS",
  "bseData" : {
    "bsePrice" : "1825.00",
    "bseVolume" : "44,846",
    "bsePrevClose" : "1771.00",
    "bseOpenPrice" : "",
    "bseTodaysLow" : "1702.40",
    "bseTodaysHigh" : "1882.65",
    "bse52WeekLow" : "1475.00",
    "bse52WeekHigh" : "3021.15",
    "bseLowerPriceBand" : "1593.90",
    "bseUpperPriceBand" : "1948.10"
  },
  "nseData" : {
    "nsePrice" : "1821.65",
    "nseVolume" : "1,376,706",
    "nsePrevClose" : "",
    "nseOpenPrice" : "",
    "nseTodaysLow" : "1700.00",
    "nseTodaysHigh" : "1883.80",
    "nse52WeekLow" : "1475.00",
    "nse52WeekHigh" : "3022.90",
    "nseLowerPriceBand" : "1592.30",
    "nseUpperPriceBand" : "1946.10"
  },
  "companyValuation" : {
    "marketCapital" : "36,452.43",
    "peRatio" : "9.72",
    "bookValue" : "643.69",
    "dividend" : "4350.00",
    "marketLot" : "1",
    "industryPeRatio" : "13.13",
    "eps" : "187.39",
    "pcRatio" : "8.37",
    "bookPrice" : "2.84",
    "dividendYield" : "4.77",
    "faceValue" : "2.00",
    "deliverables" : "37.60"
  }
}