{
  "url" : "https://www.moneycontrol.com/india/stockpricequote/pharmaceuticals/hesterbiosciences/HB01",
  "companyName" : "Hester Biosciences Ltd.",
  "breadCrumb" : "Moneycontrol / Market / Share/Stock Price / Pharmaceuticals",
  "bseNseNames" : "BSE: 524669 | NSE: HESTERBIO |",
  "seriesLink" : "EQ",
  "isinLink" : "INE782E01017",
  "sectorLink" : "Moneycontrol / Market / Share/Stock Price / Pharmaceuticals",
  "sectorTitle" : "PHARMACEUTICALS",
  "bseData" : {
    "bsePrice" : "997.00",
    "bseVolume" : "170",
    "bsePrevClose" : "987.40",
    "bseOpenPrice" : "",
    "bseTodaysLow" : "997.00",
    "bseTodaysHigh" : "1077.15",
    "bse52WeekLow" : "870.00",
    "bse52WeekHigh" : "2005.00",
    "bseLowerPriceBand" : "789.95",
    "bseUpperPriceBand" : "1184.85"
  },
  "nseData" : {
    "nsePrice" : "998.70",
    "nseVolume" : "6,551",
    "nsePrevClose" : "",
    "nseOpenPrice" : "",
    "nseTodaysLow" : "970.05",
    "nseTodaysHigh" : "1076.40",
    "nse52WeekLow" : "864.00",
    "nse52WeekHigh" : "2048.00",
    "nseLowerPriceBand" : "781.30",
    "nseUpperPriceBand" : "1171.90"
  },
  "companyValuation" : {
    "marketCapital" : "848.13",
    "peRatio" : "22.01",
    "bookValue" : "210.93",
    "dividend" : "110.00",
    "marketLot" : "1",
    "industryPeRatio" : "32.25",
    "eps" : "45.37",
    "pcRatio" : "18.4",
    "bookPrice" : "4.73",
    "dividendYield" : "1.10",
    "faceValue" : "10.00",
    "deliverables" : "84.92"
  }
}