{
  "url" : "https://www.moneycontrol.com/india/stockpricequote/finance-investments/hexatradex/HT03",
  "companyName" : "Hexa Tradex Ltd.",
  "breadCrumb" : "Moneycontrol / Market / Share/Stock Price / Finance - Investments",
  "bseNseNames" : "BSE: 534328 | NSE: HEXATRADEX |",
  "seriesLink" : "BE",
  "isinLink" : "INE750M01017",
  "sectorLink" : "Moneycontrol / Market / Share/Stock Price / Finance - Investments",
  "sectorTitle" : "FINANCE - INVESTMENTS",
  "bseData" : {
    "bsePrice" : "6.90",
    "bseVolume" : "5,089",
    "bsePrevClose" : "6.62",
    "bseOpenPrice" : "",
    "bseTodaysLow" : "6.29",
    "bseTodaysHigh" : "6.94",
    "bse52WeekLow" : "5.23",
    "bse52WeekHigh" : "24.80",
    "bseLowerPriceBand" : "6.29",
    "bseUpperPriceBand" : "6.95"
  },
  "nseData" : {
    "nsePrice" : "6.30",
    "nseVolume" : "23,284",
    "nsePrevClose" : "",
    "nseOpenPrice" : "",
    "nseTodaysLow" : "5.70",
    "nseTodaysHigh" : "6.30",
    "nse52WeekLow" : "4.60",
    "nse52WeekHigh" : "22.95",
    "nseLowerPriceBand" : "5.70",
    "nseUpperPriceBand" : "6.30"
  },
  "companyValuation" : {
    "marketCapital" : "38.12",
    "peRatio" : "-",
    "bookValue" : "46.23",
    "dividend" : "0.00",
    "marketLot" : "1",
    "industryPeRatio" : "26.52",
    "eps" : "-",
    "pcRatio" : "-",
    "bookPrice" : "0.15",
    "dividendYield" : "-",
    "faceValue" : "2.00",
    "deliverables" : "100.00"
  }
}