{
  "url" : "https://www.moneycontrol.com/india/stockpricequote/computers-software/hexawaretechnologies/HT02",
  "companyName" : "Hexaware Technologies Ltd.",
  "breadCrumb" : "Moneycontrol / Market / Share/Stock Price / Computers - Software",
  "bseNseNames" : "BSE: 532129 | NSE: HEXAWARE |",
  "seriesLink" : "EQ",
  "isinLink" : "INE093A01033",
  "sectorLink" : "Moneycontrol / Market / Share/Stock Price / Computers - Software",
  "sectorTitle" : "COMPUTERS - SOFTWARE",
  "bseData" : {
    "bsePrice" : "250.35",
    "bseVolume" : "176,564",
    "bsePrevClose" : "235.55",
    "bseOpenPrice" : "",
    "bseTodaysLow" : "233.60",
    "bseTodaysHigh" : "264.40",
    "bse52WeekLow" : "201.70",
    "bse52WeekHigh" : "439.00",
    "bseLowerPriceBand" : "188.45",
    "bseUpperPriceBand" : "282.65"
  },
  "nseData" : {
    "nsePrice" : "249.35",
    "nseVolume" : "539,857",
    "nsePrevClose" : "",
    "nseOpenPrice" : "",
    "nseTodaysLow" : "232.00",
    "nseTodaysHigh" : "264.80",
    "nse52WeekLow" : "202.25",
    "nse52WeekHigh" : "455.70",
    "nseLowerPriceBand" : "188.60",
    "nseUpperPriceBand" : "282.80"
  },
  "companyValuation" : {
    "marketCapital" : "7,470.05",
    "peRatio" : "14.66",
    "bookValue" : "65.40",
    "dividend" : "425.00",
    "marketLot" : "1",
    "industryPeRatio" : "18.30",
    "eps" : "17.01",
    "pcRatio" : "13.09",
    "bookPrice" : "3.83",
    "dividendYield" : "3.40",
    "faceValue" : "2.00",
    "deliverables" : "82.84"
  }
}