{
  "url" : "https://www.moneycontrol.com/india/stockpricequote/infrastructure-general/hginfraengineeringltd/HIE",
  "companyName" : "HG Infra Engineering Ltd.",
  "breadCrumb" : "Moneycontrol / Market / Share/Stock Price / Infrastructure - General",
  "bseNseNames" : "BSE: 541019 | NSE: HGINFRA |",
  "seriesLink" : "EQ",
  "isinLink" : "INE926X01010",
  "sectorLink" : "Moneycontrol / Market / Share/Stock Price / Infrastructure - General",
  "sectorTitle" : "INFRASTRUCTURE - GENERAL",
  "bseData" : {
    "bsePrice" : "156.30",
    "bseVolume" : "645",
    "bsePrevClose" : "163.35",
    "bseOpenPrice" : "",
    "bseTodaysLow" : "156.05",
    "bseTodaysHigh" : "166.25",
    "bse52WeekLow" : "135.00",
    "bse52WeekHigh" : "307.00",
    "bseLowerPriceBand" : "130.70",
    "bseUpperPriceBand" : "196.00"
  },
  "nseData" : {
    "nsePrice" : "156.90",
    "nseVolume" : "10,318",
    "nsePrevClose" : "",
    "nseOpenPrice" : "",
    "nseTodaysLow" : "156.00",
    "nseTodaysHigh" : "167.60",
    "nse52WeekLow" : "126.35",
    "nse52WeekHigh" : "307.85",
    "nseLowerPriceBand" : "130.10",
    "nseUpperPriceBand" : "195.10"
  },
  "companyValuation" : {
    "marketCapital" : "1,018.62",
    "peRatio" : "6.76",
    "bookValue" : "101.15",
    "dividend" : "5.00",
    "marketLot" : "1",
    "industryPeRatio" : "13.75",
    "eps" : "23.2",
    "pcRatio" : "4.51",
    "bookPrice" : "1.55",
    "dividendYield" : "0.32",
    "faceValue" : "10.00",
    "deliverables" : "55.19"
  }
}