{
  "url" : "https://www.moneycontrol.com/india/stockpricequote/computers-software/hindujaglobalsolutions/HGS01",
  "companyName" : "Hinduja Global Solutions Ltd.",
  "breadCrumb" : "Moneycontrol / Market / Share/Stock Price / Computers - Software",
  "bseNseNames" : "BSE: 532859 | NSE: HGS |",
  "seriesLink" : "EQ",
  "isinLink" : "INE170I01016",
  "sectorLink" : "Moneycontrol / Market / Share/Stock Price / Computers - Software",
  "sectorTitle" : "COMPUTERS - SOFTWARE",
  "bseData" : {
    "bsePrice" : "506.95",
    "bseVolume" : "487",
    "bsePrevClose" : "514.55",
    "bseOpenPrice" : "",
    "bseTodaysLow" : "494.05",
    "bseTodaysHigh" : "540.00",
    "bse52WeekLow" : "412.20",
    "bse52WeekHigh" : "1008.00",
    "bseLowerPriceBand" : "463.10",
    "bseUpperPriceBand" : "566.00"
  },
  "nseData" : {
    "nsePrice" : "504.95",
    "nseVolume" : "3,846",
    "nsePrevClose" : "",
    "nseOpenPrice" : "",
    "nseTodaysLow" : "486.50",
    "nseTodaysHigh" : "523.90",
    "nse52WeekLow" : "412.00",
    "nse52WeekHigh" : "1009.90",
    "nseLowerPriceBand" : "459.35",
    "nseUpperPriceBand" : "561.35"
  },
  "companyValuation" : {
    "marketCapital" : "1,057.80",
    "peRatio" : "4.15",
    "bookValue" : "754.73",
    "dividend" : "100.00",
    "marketLot" : "1",
    "industryPeRatio" : "7.08",
    "eps" : "121.72",
    "pcRatio" : "3",
    "bookPrice" : "0.67",
    "dividendYield" : "1.97",
    "faceValue" : "10.00",
    "deliverables" : "55.05"
  }
}