{
  "url" : "https://www.moneycontrol.com/india/stockpricequote/pharmaceuticals/hikal/H05",
  "companyName" : "Hikal Ltd.",
  "breadCrumb" : "Moneycontrol / Market / Share/Stock Price / Pharmaceuticals",
  "bseNseNames" : "BSE: 524735 | NSE: HIKAL |",
  "seriesLink" : "EQ",
  "isinLink" : "INE475B01022",
  "sectorLink" : "Moneycontrol / Market / Share/Stock Price / Pharmaceuticals",
  "sectorTitle" : "PHARMACEUTICALS",
  "bseData" : {
    "bsePrice" : "89.15",
    "bseVolume" : "41,007",
    "bsePrevClose" : "81.05",
    "bseOpenPrice" : "",
    "bseTodaysLow" : "85.50",
    "bseTodaysHigh" : "89.15",
    "bse52WeekLow" : "57.00",
    "bse52WeekHigh" : "187.15",
    "bseLowerPriceBand" : "72.95",
    "bseUpperPriceBand" : "89.15"
  },
  "nseData" : {
    "nsePrice" : "89.55",
    "nseVolume" : "242,030",
    "nsePrevClose" : "",
    "nseOpenPrice" : "",
    "nseTodaysLow" : "85.00",
    "nseTodaysHigh" : "89.55",
    "nse52WeekLow" : "56.90",
    "nse52WeekHigh" : "187.70",
    "nseLowerPriceBand" : "73.35",
    "nseUpperPriceBand" : "89.55"
  },
  "companyValuation" : {
    "marketCapital" : "1,099.23",
    "peRatio" : "11.83",
    "bookValue" : "61.33",
    "dividend" : "60.00",
    "marketLot" : "1",
    "industryPeRatio" : "32.25",
    "eps" : "7.57",
    "pcRatio" : "5.93",
    "bookPrice" : "1.45",
    "dividendYield" : "1.35",
    "faceValue" : "2.00",
    "deliverables" : "66.48"
  }
}