{
  "url" : "https://www.moneycontrol.com/india/stockpricequote/metals-non-ferrous/hindustanzinc/HZ",
  "companyName" : "Hindustan Zinc Ltd.",
  "breadCrumb" : "Moneycontrol / Market / Share/Stock Price / Metals - Non Ferrous",
  "bseNseNames" : "BSE: 500188 | NSE: HINDZINC |",
  "seriesLink" : "EQ",
  "isinLink" : "INE267A01025",
  "sectorLink" : "Moneycontrol / Market / Share/Stock Price / Metals - Non Ferrous",
  "sectorTitle" : "METALS - NON FERROUS",
  "bseData" : {
    "bsePrice" : "166.55",
    "bseVolume" : "44,459",
    "bsePrevClose" : "164.45",
    "bseOpenPrice" : "",
    "bseTodaysLow" : "164.10",
    "bseTodaysHigh" : "170.00",
    "bse52WeekLow" : "122.00",
    "bse52WeekHigh" : "291.80",
    "bseLowerPriceBand" : "131.60",
    "bseUpperPriceBand" : "197.30"
  },
  "nseData" : {
    "nsePrice" : "165.95",
    "nseVolume" : "382,642",
    "nsePrevClose" : "",
    "nseOpenPrice" : "",
    "nseTodaysLow" : "164.00",
    "nseTodaysHigh" : "169.95",
    "nse52WeekLow" : "116.05",
    "nse52WeekHigh" : "291.65",
    "nseLowerPriceBand" : "131.60",
    "nseUpperPriceBand" : "197.40"
  },
  "companyValuation" : {
    "marketCapital" : "70,372.69",
    "peRatio" : "9.38",
    "bookValue" : "79.53",
    "dividend" : "1000.00",
    "marketLot" : "1",
    "industryPeRatio" : "8.73",
    "eps" : "17.7",
    "pcRatio" : "7.49",
    "bookPrice" : "2.09",
    "dividendYield" : "12.01",
    "faceValue" : "2.00",
    "deliverables" : "58.86"
  }
}