{
  "url" : "https://www.moneycontrol.com/india/stockpricequote/personal-care/hindustanunilever/HU",
  "companyName" : "Hindustan Unilever Ltd.",
  "breadCrumb" : "Moneycontrol / Market / Share/Stock Price / Personal Care",
  "bseNseNames" : "BSE: 500696 | NSE: HINDUNILVR |",
  "seriesLink" : "EQ",
  "isinLink" : "INE030A01027",
  "sectorLink" : "Moneycontrol / Market / Share/Stock Price / Personal Care",
  "sectorTitle" : "PERSONAL CARE",
  "bseData" : {
    "bsePrice" : "2458.70",
    "bseVolume" : "183,038",
    "bsePrevClose" : "2444.60",
    "bseOpenPrice" : "",
    "bseTodaysLow" : "2401.00",
    "bseTodaysHigh" : "2614.00",
    "bse52WeekLow" : "1655.10",
    "bse52WeekHigh" : "2614.00",
    "bseLowerPriceBand" : "2200.15",
    "bseUpperPriceBand" : "2689.05"
  },
  "nseData" : {
    "nsePrice" : "2460.85",
    "nseVolume" : "9,791,892",
    "nsePrevClose" : "",
    "nseOpenPrice" : "",
    "nseTodaysLow" : "2417.40",
    "nseTodaysHigh" : "2614.30",
    "nse52WeekLow" : "1656.00",
    "nse52WeekHigh" : "2614.30",
    "nseLowerPriceBand" : "2200.45",
    "nseUpperPriceBand" : "2689.35"
  },
  "companyValuation" : {
    "marketCapital" : "532,270.24",
    "peRatio" : "78.85",
    "bookValue" : "35.27",
    "dividend" : "2200.00",
    "marketLot" : "1",
    "industryPeRatio" : "65.49",
    "eps" : "31.21",
    "pcRatio" : "73.17",
    "bookPrice" : "69.71",
    "dividendYield" : "0.89",
    "faceValue" : "1.00",
    "deliverables" : "53.03"
  }
}