{
  "url" : "https://www.moneycontrol.com/india/stockpricequote/electricals/hindrectifiers/HR01",
  "companyName" : "Hind Rectifiers Ltd.",
  "breadCrumb" : "Moneycontrol / Market / Share/Stock Price / Electricals",
  "bseNseNames" : "BSE: 504036 | NSE: HIRECT |",
  "seriesLink" : "EQ",
  "isinLink" : "INE835D01023",
  "sectorLink" : "Moneycontrol / Market / Share/Stock Price / Electricals",
  "sectorTitle" : "ELECTRICALS",
  "bseData" : {
    "bsePrice" : "138.05",
    "bseVolume" : "3,794",
    "bsePrevClose" : "135.00",
    "bseOpenPrice" : "",
    "bseTodaysLow" : "136.00",
    "bseTodaysHigh" : "141.75",
    "bse52WeekLow" : "89.65",
    "bse52WeekHigh" : "269.95",
    "bseLowerPriceBand" : "128.25",
    "bseUpperPriceBand" : "141.75"
  },
  "nseData" : {
    "nsePrice" : "139.30",
    "nseVolume" : "15,906",
    "nsePrevClose" : "",
    "nseOpenPrice" : "",
    "nseTodaysLow" : "134.50",
    "nseTodaysHigh" : "139.75",
    "nse52WeekLow" : "89.00",
    "nse52WeekHigh" : "269.00",
    "nseLowerPriceBand" : "126.45",
    "nseUpperPriceBand" : "139.75"
  },
  "companyValuation" : {
    "marketCapital" : "228.66",
    "peRatio" : "10.8",
    "bookValue" : "47.17",
    "dividend" : "20.00",
    "marketLot" : "1",
    "industryPeRatio" : "8.55",
    "eps" : "12.9",
    "pcRatio" : "9.58",
    "bookPrice" : "2.93",
    "dividendYield" : "0.29",
    "faceValue" : "2.00",
    "deliverables" : "82.62"
  }
}