{
  "url" : "https://www.moneycontrol.com/india/stockpricequote/steel-mediumsmall/hisarmetal/HM05",
  "companyName" : "Hisar Metal Ltd.",
  "breadCrumb" : "Moneycontrol / Market / Share/Stock Price / Steel - Medium & Small",
  "bseNseNames" : "BSE: 590018 | NSE: HISARMETAL |",
  "seriesLink" : "EQ",
  "isinLink" : "INE598C01011",
  "sectorLink" : "Moneycontrol / Market / Share/Stock Price / Steel - Medium & Small",
  "sectorTitle" : "STEEL - MEDIUM & SMALL",
  "bseData" : {
    "bsePrice" : "49.05",
    "bseVolume" : "2,231",
    "bsePrevClose" : "46.30",
    "bseOpenPrice" : "",
    "bseTodaysLow" : "42.25",
    "bseTodaysHigh" : "50.60",
    "bse52WeekLow" : "36.20",
    "bse52WeekHigh" : "74.80",
    "bseLowerPriceBand" : "37.05",
    "bseUpperPriceBand" : "55.55"
  },
  "nseData" : {
    "nsePrice" : "49.20",
    "nseVolume" : "6,709",
    "nsePrevClose" : "",
    "nseOpenPrice" : "",
    "nseTodaysLow" : "45.10",
    "nseTodaysHigh" : "50.80",
    "nse52WeekLow" : "35.20",
    "nse52WeekHigh" : "77.90",
    "nseLowerPriceBand" : "36.40",
    "nseUpperPriceBand" : "54.60"
  },
  "companyValuation" : {
    "marketCapital" : "26.49",
    "peRatio" : "4.88",
    "bookValue" : "44.60",
    "dividend" : "10.00",
    "marketLot" : "1",
    "industryPeRatio" : "4.61",
    "eps" : "10.09",
    "pcRatio" : "3.52",
    "bookPrice" : "1.10",
    "dividendYield" : "2.04",
    "faceValue" : "10.00",
    "deliverables" : "67.39"
  }
}