{
  "url" : "https://www.moneycontrol.com/india/stockpricequote/auto-ancillaries/thehi-techgears/HTG",
  "companyName" : "The Hi-Tech Gears Ltd.",
  "breadCrumb" : "Moneycontrol / Market / Share/Stock Price / Auto Ancillaries",
  "bseNseNames" : "BSE: 522073 | NSE: HITECHGEAR |",
  "seriesLink" : "EQ",
  "isinLink" : "INE127B01011",
  "sectorLink" : "Moneycontrol / Market / Share/Stock Price / Auto Ancillaries",
  "sectorTitle" : "AUTO ANCILLARIES",
  "bseData" : {
    "bsePrice" : "81.20",
    "bseVolume" : "150",
    "bsePrevClose" : "73.85",
    "bseOpenPrice" : "",
    "bseTodaysLow" : "81.20",
    "bseTodaysHigh" : "81.20",
    "bse52WeekLow" : "64.00",
    "bse52WeekHigh" : "295.95",
    "bseLowerPriceBand" : "66.50",
    "bseUpperPriceBand" : "81.20"
  },
  "nseData" : {
    "nsePrice" : "81.60",
    "nseVolume" : "2,533",
    "nsePrevClose" : "",
    "nseOpenPrice" : "",
    "nseTodaysLow" : "77.00",
    "nseTodaysHigh" : "82.05",
    "nse52WeekLow" : "63.10",
    "nse52WeekHigh" : "294.80",
    "nseLowerPriceBand" : "67.15",
    "nseUpperPriceBand" : "82.05"
  },
  "companyValuation" : {
    "marketCapital" : "152.40",
    "peRatio" : "7.45",
    "bookValue" : "142.89",
    "dividend" : "35.00",
    "marketLot" : "1",
    "industryPeRatio" : "10.40",
    "eps" : "10.95",
    "pcRatio" : "3.22",
    "bookPrice" : "0.57",
    "dividendYield" : "4.31",
    "faceValue" : "10.00",
    "deliverables" : "80.82"
  }
}