{
  "url" : "https://www.moneycontrol.com/india/stockpricequote/plastics/hitechcorporation/HP08",
  "companyName" : "Hitech Corporation Ltd.",
  "breadCrumb" : "Moneycontrol / Market / Share/Stock Price / Plastics",
  "bseNseNames" : "BSE: 526217 | NSE: HITECHCORP |",
  "seriesLink" : "EQ",
  "isinLink" : "INE120D01012",
  "sectorLink" : "Moneycontrol / Market / Share/Stock Price / Plastics",
  "sectorTitle" : "PLASTICS",
  "bseData" : {
    "bsePrice" : "48.00",
    "bseVolume" : "2,718",
    "bsePrevClose" : "48.00",
    "bseOpenPrice" : "",
    "bseTodaysLow" : "43.00",
    "bseTodaysHigh" : "51.40",
    "bse52WeekLow" : "41.40",
    "bse52WeekHigh" : "110.00",
    "bseLowerPriceBand" : "38.40",
    "bseUpperPriceBand" : "57.60"
  },
  "nseData" : {
    "nsePrice" : "48.95",
    "nseVolume" : "11,345",
    "nsePrevClose" : "",
    "nseOpenPrice" : "",
    "nseTodaysLow" : "42.00",
    "nseTodaysHigh" : "55.95",
    "nse52WeekLow" : "40.05",
    "nse52WeekHigh" : "108.60",
    "nseLowerPriceBand" : "42.00",
    "nseUpperPriceBand" : "63.00"
  },
  "companyValuation" : {
    "marketCapital" : "82.44",
    "peRatio" : "49.44",
    "bookValue" : "95.73",
    "dividend" : "9.00",
    "marketLot" : "1",
    "industryPeRatio" : "15.34",
    "eps" : "0.99",
    "pcRatio" : "3.63",
    "bookPrice" : "0.50",
    "dividendYield" : "1.88",
    "faceValue" : "10.00",
    "deliverables" : "81.25"
  }
}