{
  "url" : "https://www.moneycontrol.com/india/stockpricequote/auto-tractors/hmt/HMT",
  "companyName" : "HMT Ltd.",
  "breadCrumb" : "Moneycontrol / Market / Share/Stock Price / Auto - Tractors",
  "bseNseNames" : "BSE: 500191 | NSE: HMT | SERIES: BZ | ISIN: INE262A01018 | SECTOR: AUTO - TRACTORSAUTO - TRACTORS",
  "seriesLink" : "BZ",
  "isinLink" : "INE262A01018",
  "sectorLink" : "Moneycontrol / Market / Share/Stock Price / Auto - Tractors",
  "sectorTitle" : "AUTO - TRACTORS",
  "bseData" : {
    "bsePrice" : "10.10",
    "bseVolume" : "1,401",
    "bsePrevClose" : "9.70",
    "bseOpenPrice" : "",
    "bseTodaysLow" : "9.22",
    "bseTodaysHigh" : "10.18",
    "bse52WeekLow" : "7.50",
    "bse52WeekHigh" : "19.55",
    "bseLowerPriceBand" : "9.22",
    "bseUpperPriceBand" : "10.18"
  },
  "nseData" : {
    "nsePrice" : "9.60",
    "nseVolume" : "705",
    "nsePrevClose" : "",
    "nseOpenPrice" : "",
    "nseTodaysLow" : "9.30",
    "nseTodaysHigh" : "9.60",
    "nse52WeekLow" : "7.40",
    "nse52WeekHigh" : "19.90",
    "nseLowerPriceBand" : "8.70",
    "nseUpperPriceBand" : "9.60"
  },
  "companyValuation" : {
    "marketCapital" : "1,216.13",
    "peRatio" : "50.53",
    "bookValue" : "8.02",
    "dividend" : "0.00",
    "marketLot" : "1",
    "industryPeRatio" : "18.00",
    "eps" : "0.19",
    "pcRatio" : "48",
    "bookPrice" : "1.26",
    "dividendYield" : "-",
    "faceValue" : "10.00",
    "deliverables" : "100.00"
  }
}