{
  "url" : "https://www.moneycontrol.com/india/stockpricequote/mediaentertainment/hindustanmediaventures/HMV",
  "companyName" : "Hindustan Media Ventures Ltd.",
  "breadCrumb" : "Moneycontrol / Market / Share/Stock Price / Media & Entertainment",
  "bseNseNames" : "BSE: 533217 | NSE: HMVL |",
  "seriesLink" : "EQ",
  "isinLink" : "INE871K01015",
  "sectorLink" : "Moneycontrol / Market / Share/Stock Price / Media & Entertainment",
  "sectorTitle" : "MEDIA & ENTERTAINMENT",
  "bseData" : {
    "bsePrice" : "41.60",
    "bseVolume" : "81",
    "bsePrevClose" : "41.60",
    "bseOpenPrice" : "",
    "bseTodaysLow" : "41.60",
    "bseTodaysHigh" : "43.05",
    "bse52WeekLow" : "35.50",
    "bse52WeekHigh" : "120.15",
    "bseLowerPriceBand" : "33.30",
    "bseUpperPriceBand" : "49.90"
  },
  "nseData" : {
    "nsePrice" : "41.55",
    "nseVolume" : "14,260",
    "nsePrevClose" : "",
    "nseOpenPrice" : "",
    "nseTodaysLow" : "38.40",
    "nseTodaysHigh" : "44.75",
    "nse52WeekLow" : "35.00",
    "nse52WeekHigh" : "121.00",
    "nseLowerPriceBand" : "32.80",
    "nseUpperPriceBand" : "49.20"
  },
  "companyValuation" : {
    "marketCapital" : "306.47",
    "peRatio" : "2.8",
    "bookValue" : "188.72",
    "dividend" : "12.00",
    "marketLot" : "1",
    "industryPeRatio" : "7.36",
    "eps" : "14.85",
    "pcRatio" : "2.35",
    "bookPrice" : "0.22",
    "dividendYield" : "2.88",
    "faceValue" : "10.00",
    "deliverables" : "65.87"
  }
}