{
  "url" : "https://www.moneycontrol.com/india/stockpricequote/finance-investments/nipponindiaetfhangsengbees/BMF01",
  "companyName" : "Nippon India ETF Hang Seng BeES",
  "breadCrumb" : "Moneycontrol / Market / Share/Stock Price / Finance - Investments",
  "bseNseNames" : "BSE: 590113 | NSE: HNGSNGBEES |",
  "seriesLink" : "EQ",
  "isinLink" : "INF732E01227",
  "sectorLink" : "Moneycontrol / Market / Share/Stock Price / Finance - Investments",
  "sectorTitle" : "FINANCE - INVESTMENTS",
  "bseData" : {
    "bsePrice" : "340.00",
    "bseVolume" : "290",
    "bsePrevClose" : "340.00",
    "bseOpenPrice" : "",
    "bseTodaysLow" : "340.00",
    "bseTodaysHigh" : "350.06",
    "bse52WeekLow" : "280.00",
    "bse52WeekHigh" : "391.60",
    "bseLowerPriceBand" : "233.37",
    "bseUpperPriceBand" : "350.06"
  },
  "nseData" : {
    "nsePrice" : "340.00",
    "nseVolume" : "517",
    "nsePrevClose" : "",
    "nseOpenPrice" : "",
    "nseTodaysLow" : "335.00",
    "nseTodaysHigh" : "340.00",
    "nse52WeekLow" : "252.50",
    "nse52WeekHigh" : "391.60",
    "nseLowerPriceBand" : "230.69",
    "nseUpperPriceBand" : "346.03"
  },
  "companyValuation" : {
    "marketCapital" : "15.00",
    "peRatio" : "-",
    "bookValue" : "0",
    "dividend" : "0",
    "marketLot" : "0",
    "industryPeRatio" : "0",
    "eps" : "-",
    "pcRatio" : "-",
    "bookPrice" : "-",
    "dividendYield" : "-",
    "faceValue" : "0",
    "deliverables" : "75.08"
  }
}