{
  "url" : "https://www.moneycontrol.com/india/stockpricequote/telecommunications-equipment/honeywellautomation/HA04",
  "companyName" : "Honeywell Automation Ltd.",
  "breadCrumb" : "Moneycontrol / Market / Share/Stock Price / Telecommunications - Equipment",
  "bseNseNames" : "BSE: 517174 | NSE: HONAUT |",
  "seriesLink" : "EQ",
  "isinLink" : "INE671A01010",
  "sectorLink" : "Moneycontrol / Market / Share/Stock Price / Telecommunications - Equipment",
  "sectorTitle" : "TELECOMMUNICATIONS - EQUIPMENT",
  "bseData" : {
    "bsePrice" : "26819.90",
    "bseVolume" : "112",
    "bsePrevClose" : "26226.20",
    "bseOpenPrice" : "",
    "bseTodaysLow" : "25708.95",
    "bseTodaysHigh" : "27885.00",
    "bse52WeekLow" : "20142.00",
    "bse52WeekHigh" : "39499.50",
    "bseLowerPriceBand" : "20981.00",
    "bseUpperPriceBand" : "31471.40"
  },
  "nseData" : {
    "nsePrice" : "26870.40",
    "nseVolume" : "2,511",
    "nsePrevClose" : "",
    "nseOpenPrice" : "",
    "nseTodaysLow" : "25779.25",
    "nseTodaysHigh" : "27100.00",
    "nse52WeekLow" : "20148.60",
    "nse52WeekHigh" : "39524.95",
    "nseLowerPriceBand" : "20992.90",
    "nseUpperPriceBand" : "31489.30"
  },
  "companyValuation" : {
    "marketCapital" : "23,712.88",
    "peRatio" : "51.29",
    "bookValue" : "1976.43",
    "dividend" : "450.00",
    "marketLot" : "1",
    "industryPeRatio" : "43.34",
    "eps" : "523.86",
    "pcRatio" : "49.59",
    "bookPrice" : "13.57",
    "dividendYield" : "0.17",
    "faceValue" : "10.00",
    "deliverables" : "50.00"
  }
}