{
  "url" : "https://www.moneycontrol.com/india/stockpricequote/electric-equipment/hondasielpowerproducts/HSP02",
  "companyName" : "Honda Siel Power Products Ltd.",
  "breadCrumb" : "Moneycontrol / Market / Share/Stock Price / Electric Equipment",
  "bseNseNames" : "BSE: 522064 | NSE: HONDAPOWER |",
  "seriesLink" : "EQ",
  "isinLink" : "INE634A01018",
  "sectorLink" : "Moneycontrol / Market / Share/Stock Price / Electric Equipment",
  "sectorTitle" : "ELECTRIC EQUIPMENT",
  "bseData" : {
    "bsePrice" : "809.90",
    "bseVolume" : "190",
    "bsePrevClose" : "822.45",
    "bseOpenPrice" : "",
    "bseTodaysLow" : "800.00",
    "bseTodaysHigh" : "830.00",
    "bse52WeekLow" : "701.60",
    "bse52WeekHigh" : "1359.95",
    "bseLowerPriceBand" : "658.00",
    "bseUpperPriceBand" : "986.90"
  },
  "nseData" : {
    "nsePrice" : "801.50",
    "nseVolume" : "5,299",
    "nsePrevClose" : "",
    "nseOpenPrice" : "",
    "nseTodaysLow" : "796.00",
    "nseTodaysHigh" : "828.75",
    "nse52WeekLow" : "726.00",
    "nse52WeekHigh" : "1358.90",
    "nseLowerPriceBand" : "655.95",
    "nseUpperPriceBand" : "983.85"
  },
  "companyValuation" : {
    "marketCapital" : "821.49",
    "peRatio" : "11.23",
    "bookValue" : "509.81",
    "dividend" : "100.00",
    "marketLot" : "1",
    "industryPeRatio" : "19.86",
    "eps" : "71.4",
    "pcRatio" : "8.69",
    "bookPrice" : "1.59",
    "dividendYield" : "1.23",
    "faceValue" : "10.00",
    "deliverables" : "75.90"
  }
}