{
  "url" : "https://www.moneycontrol.com/india/stockpricequote/computers-software-mediumsmall/hovservices/HOV",
  "companyName" : "HOV Services Ltd.",
  "breadCrumb" : "Moneycontrol / Market / Share/Stock Price / Computers - Software Medium & Small",
  "bseNseNames" : "BSE: 532761 | NSE: HOVS |",
  "seriesLink" : "EQ",
  "isinLink" : "INE596H01014",
  "sectorLink" : "Moneycontrol / Market / Share/Stock Price / Computers - Software Medium & Small",
  "sectorTitle" : "COMPUTERS - SOFTWARE MEDIUM & SMALL",
  "bseData" : {
    "bsePrice" : "26.35",
    "bseVolume" : "402",
    "bsePrevClose" : "25.10",
    "bseOpenPrice" : "",
    "bseTodaysLow" : "26.30",
    "bseTodaysHigh" : "26.35",
    "bse52WeekLow" : "22.25",
    "bse52WeekHigh" : "171.70",
    "bseLowerPriceBand" : "23.85",
    "bseUpperPriceBand" : "26.35"
  },
  "nseData" : {
    "nsePrice" : "25.80",
    "nseVolume" : "2,819",
    "nsePrevClose" : "",
    "nseOpenPrice" : "",
    "nseTodaysLow" : "24.80",
    "nseTodaysHigh" : "26.00",
    "nse52WeekLow" : "22.15",
    "nse52WeekHigh" : "171.90",
    "nseLowerPriceBand" : "23.60",
    "nseUpperPriceBand" : "26.00"
  },
  "companyValuation" : {
    "marketCapital" : "33.17",
    "peRatio" : "-",
    "bookValue" : "64.06",
    "dividend" : "0.00",
    "marketLot" : "1",
    "industryPeRatio" : "7.08",
    "eps" : "-",
    "pcRatio" : "-",
    "bookPrice" : "0.41",
    "dividendYield" : "-",
    "faceValue" : "10.00",
    "deliverables" : "86.80"
  }
}