{
  "url" : "https://www.moneycontrol.com/india/stockpricequote/electric-equipment/hplelectricpower/HEP",
  "companyName" : "HPL Electric & Power Ltd.",
  "breadCrumb" : "Moneycontrol / Market / Share/Stock Price / Electric Equipment",
  "bseNseNames" : "BSE: 540136 | NSE: HPL |",
  "seriesLink" : "EQ",
  "isinLink" : "INE495S01016",
  "sectorLink" : "Moneycontrol / Market / Share/Stock Price / Electric Equipment",
  "sectorTitle" : "ELECTRIC EQUIPMENT",
  "bseData" : {
    "bsePrice" : "22.90",
    "bseVolume" : "4,669",
    "bsePrevClose" : "22.25",
    "bseOpenPrice" : "",
    "bseTodaysLow" : "22.00",
    "bseTodaysHigh" : "24.00",
    "bse52WeekLow" : "18.30",
    "bse52WeekHigh" : "69.90",
    "bseLowerPriceBand" : "20.05",
    "bseUpperPriceBand" : "24.45"
  },
  "nseData" : {
    "nsePrice" : "23.25",
    "nseVolume" : "44,275",
    "nsePrevClose" : "",
    "nseOpenPrice" : "",
    "nseTodaysLow" : "21.70",
    "nseTodaysHigh" : "24.35",
    "nse52WeekLow" : "18.35",
    "nse52WeekHigh" : "69.00",
    "nseLowerPriceBand" : "20.10",
    "nseUpperPriceBand" : "24.50"
  },
  "companyValuation" : {
    "marketCapital" : "147.25",
    "peRatio" : "5.44",
    "bookValue" : "113.91",
    "dividend" : "2.00",
    "marketLot" : "1",
    "industryPeRatio" : "37.87",
    "eps" : "4.27",
    "pcRatio" : "2.61",
    "bookPrice" : "0.20",
    "dividendYield" : "0.87",
    "faceValue" : "10.00",
    "deliverables" : "51.00"
  }
}