{
  "url" : "https://www.moneycontrol.com/india/stockpricequote/ceramicsgranite/hsil/HSI02",
  "companyName" : "HSIL Ltd.",
  "breadCrumb" : "Moneycontrol / Market / Share/Stock Price / Ceramics & Granite",
  "bseNseNames" : "BSE: 500187 | NSE: HSIL |",
  "seriesLink" : "EQ",
  "isinLink" : "INE415A01038",
  "sectorLink" : "Moneycontrol / Market / Share/Stock Price / Ceramics & Granite",
  "sectorTitle" : "CERAMICS & GRANITE",
  "bseData" : {
    "bsePrice" : "46.40",
    "bseVolume" : "5,020",
    "bsePrevClose" : "48.55",
    "bseOpenPrice" : "",
    "bseTodaysLow" : "46.05",
    "bseTodaysHigh" : "50.05",
    "bse52WeekLow" : "34.70",
    "bse52WeekHigh" : "305.90",
    "bseLowerPriceBand" : "38.85",
    "bseUpperPriceBand" : "58.25"
  },
  "nseData" : {
    "nsePrice" : "46.60",
    "nseVolume" : "87,616",
    "nsePrevClose" : "",
    "nseOpenPrice" : "",
    "nseTodaysLow" : "45.20",
    "nseTodaysHigh" : "49.95",
    "nse52WeekLow" : "32.70",
    "nse52WeekHigh" : "303.25",
    "nseLowerPriceBand" : "38.75",
    "nseUpperPriceBand" : "58.05"
  },
  "companyValuation" : {
    "marketCapital" : "335.46",
    "peRatio" : "4.05",
    "bookValue" : "209.49",
    "dividend" : "150.00",
    "marketLot" : "1",
    "industryPeRatio" : "19.83",
    "eps" : "11.51",
    "pcRatio" : "1.44",
    "bookPrice" : "0.22",
    "dividendYield" : "6.47",
    "faceValue" : "2.00",
    "deliverables" : "66.64"
  }
}