{
  "url" : "https://www.moneycontrol.com/india/stockpricequote/mediaentertainment/htmedia/HT",
  "companyName" : "HT Media Ltd.",
  "breadCrumb" : "Moneycontrol / Market / Share/Stock Price / Media & Entertainment",
  "bseNseNames" : "BSE: 532662 | NSE: HTMEDIA |",
  "seriesLink" : "EQ",
  "isinLink" : "INE501G01024",
  "sectorLink" : "Moneycontrol / Market / Share/Stock Price / Media & Entertainment",
  "sectorTitle" : "MEDIA & ENTERTAINMENT",
  "bseData" : {
    "bsePrice" : "10.60",
    "bseVolume" : "1,471",
    "bsePrevClose" : "10.75",
    "bseOpenPrice" : "",
    "bseTodaysLow" : "10.35",
    "bseTodaysHigh" : "11.27",
    "bse52WeekLow" : "7.75",
    "bse52WeekHigh" : "48.15",
    "bseLowerPriceBand" : "8.60",
    "bseUpperPriceBand" : "12.90"
  },
  "nseData" : {
    "nsePrice" : "10.60",
    "nseVolume" : "183,082",
    "nsePrevClose" : "",
    "nseOpenPrice" : "",
    "nseTodaysLow" : "10.25",
    "nseTodaysHigh" : "11.45",
    "nse52WeekLow" : "7.60",
    "nse52WeekHigh" : "48.15",
    "nseLowerPriceBand" : "8.65",
    "nseUpperPriceBand" : "12.95"
  },
  "companyValuation" : {
    "marketCapital" : "246.71",
    "peRatio" : "-",
    "bookValue" : "69.70",
    "dividend" : "20.00",
    "marketLot" : "1",
    "industryPeRatio" : "7.36",
    "eps" : "-",
    "pcRatio" : "-",
    "bookPrice" : "0.15",
    "dividendYield" : "3.77",
    "faceValue" : "2.00",
    "deliverables" : "80.86"
  }
}