{
  "url" : "https://www.moneycontrol.com/india/stockpricequote/constructioncontracting-real-estate/hubtown/AC24",
  "companyName" : "Hubtown Ltd.",
  "breadCrumb" : "Moneycontrol / Market / Share/Stock Price / Construction & Contracting - Real Estate",
  "bseNseNames" : "BSE: 532799 | NSE: HUBTOWN |",
  "seriesLink" : "EQ",
  "isinLink" : "INE703H01016",
  "sectorLink" : "Moneycontrol / Market / Share/Stock Price / Construction & Contracting - Real Estate",
  "sectorTitle" : "CONSTRUCTION & CONTRACTING - REAL ESTATE",
  "bseData" : {
    "bsePrice" : "8.38",
    "bseVolume" : "1,186",
    "bsePrevClose" : "8.00",
    "bseOpenPrice" : "",
    "bseTodaysLow" : "7.61",
    "bseTodaysHigh" : "8.38",
    "bse52WeekLow" : "7.09",
    "bse52WeekHigh" : "35.65",
    "bseLowerPriceBand" : "7.60",
    "bseUpperPriceBand" : "8.40"
  },
  "nseData" : {
    "nsePrice" : "8.25",
    "nseVolume" : "3,963",
    "nsePrevClose" : "",
    "nseOpenPrice" : "",
    "nseTodaysLow" : "7.90",
    "nseTodaysHigh" : "8.25",
    "nse52WeekLow" : "7.00",
    "nse52WeekHigh" : "35.45",
    "nseLowerPriceBand" : "7.55",
    "nseUpperPriceBand" : "8.25"
  },
  "companyValuation" : {
    "marketCapital" : "60.95",
    "peRatio" : "-",
    "bookValue" : "238.44",
    "dividend" : "0.00",
    "marketLot" : "1",
    "industryPeRatio" : "13.75",
    "eps" : "-",
    "pcRatio" : "-",
    "bookPrice" : "0.04",
    "dividendYield" : "-",
    "faceValue" : "10.00",
    "deliverables" : "86.89"
  }
}