{
  "url" : "https://www.moneycontrol.com/india/stockpricequote/constructioncontracting-real-estate/housingurbandevelopmentcorporation/HUD",
  "companyName" : "Housing & Urban Development Corporation Ltd.",
  "breadCrumb" : "",
  "bseNseNames" : "BSE: 540530 | NSE: HUDCO |",
  "seriesLink" : "EQ",
  "isinLink" : "INE031A01017",
  "sectorLink" : "",
  "sectorTitle" : "CONSTRUCTION & CONTRACTING - REAL ESTATE",
  "bseData" : {
    "bsePrice" : "21.20",
    "bseVolume" : "60,707",
    "bsePrevClose" : "21.05",
    "bseOpenPrice" : "",
    "bseTodaysLow" : "20.50",
    "bseTodaysHigh" : "21.70",
    "bse52WeekLow" : "18.05",
    "bse52WeekHigh" : "46.60",
    "bseLowerPriceBand" : "16.85",
    "bseUpperPriceBand" : "25.25"
  },
  "nseData" : {
    "nsePrice" : "21.15",
    "nseVolume" : "1,331,524",
    "nsePrevClose" : "",
    "nseOpenPrice" : "",
    "nseTodaysLow" : "20.50",
    "nseTodaysHigh" : "21.70",
    "nse52WeekLow" : "18.00",
    "nse52WeekHigh" : "46.50",
    "nseLowerPriceBand" : "16.80",
    "nseUpperPriceBand" : "25.20"
  },
  "companyValuation" : {
    "marketCapital" : "4,244.03",
    "peRatio" : "2.82",
    "bookValue" : "54.73",
    "dividend" : "8.25",
    "marketLot" : "1",
    "industryPeRatio" : "16.05",
    "eps" : "7.51",
    "pcRatio" : "2.81",
    "bookPrice" : "0.39",
    "dividendYield" : "3.89",
    "faceValue" : "10.00",
    "deliverables" : "28.14"
  }
}