{
  "url" : "https://www.moneycontrol.com/india/stockpricequote/constructioncontracting-real-estate/indiabullsrealestate/IRE01",
  "companyName" : "Indiabulls Real Estate Ltd.",
  "breadCrumb" : "Moneycontrol / Market / Share/Stock Price / Construction & Contracting - Real Estate",
  "bseNseNames" : "BSE: 532832 | NSE: IBREALEST |",
  "seriesLink" : "EQ",
  "isinLink" : "INE069I01010",
  "sectorLink" : "Moneycontrol / Market / Share/Stock Price / Construction & Contracting - Real Estate",
  "sectorTitle" : "CONSTRUCTION & CONTRACTING - REAL ESTATE",
  "bseData" : {
    "bsePrice" : "42.40",
    "bseVolume" : "923,393",
    "bsePrevClose" : "42.70",
    "bseOpenPrice" : "",
    "bseTodaysLow" : "40.60",
    "bseTodaysHigh" : "44.80",
    "bse52WeekLow" : "36.85",
    "bse52WeekHigh" : "151.00",
    "bseLowerPriceBand" : "40.60",
    "bseUpperPriceBand" : "44.80"
  },
  "nseData" : {
    "nsePrice" : "42.55",
    "nseVolume" : "5,297,719",
    "nsePrevClose" : "",
    "nseOpenPrice" : "",
    "nseTodaysLow" : "40.55",
    "nseTodaysHigh" : "44.75",
    "nse52WeekLow" : "36.80",
    "nse52WeekHigh" : "144.70",
    "nseLowerPriceBand" : "40.55",
    "nseUpperPriceBand" : "44.75"
  },
  "companyValuation" : {
    "marketCapital" : "1,927.77",
    "peRatio" : "-",
    "bookValue" : "143.90",
    "dividend" : "0.00",
    "marketLot" : "1",
    "industryPeRatio" : "13.75",
    "eps" : "-",
    "pcRatio" : "-",
    "bookPrice" : "0.29",
    "dividendYield" : "-",
    "faceValue" : "2.00",
    "deliverables" : "73.75"
  }
}