{
  "url" : "https://www.moneycontrol.com/india/stockpricequote/banks-private-sector/idfcfirstbank/IDF01",
  "companyName" : "IDFC First Bank Ltd.",
  "breadCrumb" : "Moneycontrol / Market / Share/Stock Price / Banks - Private Sector",
  "bseNseNames" : "BSE: 539437 | NSE: IDFCFIRSTB |",
  "seriesLink" : "EQ",
  "isinLink" : "INE092T01019",
  "sectorLink" : "Moneycontrol / Market / Share/Stock Price / Banks - Private Sector",
  "sectorTitle" : "BANKS - PRIVATE SECTOR",
  "bseData" : {
    "bsePrice" : "20.65",
    "bseVolume" : "1,446,188",
    "bsePrevClose" : "20.45",
    "bseOpenPrice" : "",
    "bseTodaysLow" : "19.90",
    "bseTodaysHigh" : "21.85",
    "bse52WeekLow" : "17.75",
    "bse52WeekHigh" : "55.30",
    "bseLowerPriceBand" : "18.45",
    "bseUpperPriceBand" : "22.45"
  },
  "nseData" : {
    "nsePrice" : "20.55",
    "nseVolume" : "28,580,351",
    "nsePrevClose" : "",
    "nseOpenPrice" : "",
    "nseTodaysLow" : "19.85",
    "nseTodaysHigh" : "21.90",
    "nse52WeekLow" : "17.65",
    "nse52WeekHigh" : "55.35",
    "nseLowerPriceBand" : "18.45",
    "nseUpperPriceBand" : "22.45"
  },
  "companyValuation" : {
    "marketCapital" : "9,932.45",
    "peRatio" : "-",
    "bookValue" : "37.81",
    "dividend" : "0.00",
    "marketLot" : "1",
    "industryPeRatio" : "25.53",
    "eps" : "-",
    "pcRatio" : "-",
    "bookPrice" : "0.55",
    "dividendYield" : "-",
    "faceValue" : "10.00",
    "deliverables" : "29.40"
  }
}