{
  "url" : "https://www.moneycontrol.com/india/stockpricequote/consumer-goods-white-goods/ifbindustries/IFB02",
  "companyName" : "IFB Industries Ltd.",
  "breadCrumb" : "Moneycontrol / Market / Share/Stock Price / Consumer Goods - White Goods",
  "bseNseNames" : "BSE: 505726 | NSE: IFBIND |",
  "seriesLink" : "EQ",
  "isinLink" : "INE559A01017",
  "sectorLink" : "Moneycontrol / Market / Share/Stock Price / Consumer Goods - White Goods",
  "sectorTitle" : "CONSUMER GOODS - WHITE GOODS",
  "bseData" : {
    "bsePrice" : "298.50",
    "bseVolume" : "2,280",
    "bsePrevClose" : "284.25",
    "bseOpenPrice" : "",
    "bseTodaysLow" : "290.00",
    "bseTodaysHigh" : "312.65",
    "bse52WeekLow" : "232.05",
    "bse52WeekHigh" : "918.20",
    "bseLowerPriceBand" : "255.85",
    "bseUpperPriceBand" : "312.65"
  },
  "nseData" : {
    "nsePrice" : "299.65",
    "nseVolume" : "35,692",
    "nsePrevClose" : "",
    "nseOpenPrice" : "",
    "nseTodaysLow" : "283.05",
    "nseTodaysHigh" : "311.00",
    "nse52WeekLow" : "219.15",
    "nse52WeekHigh" : "920.00",
    "nseLowerPriceBand" : "254.55",
    "nseUpperPriceBand" : "311.05"
  },
  "companyValuation" : {
    "marketCapital" : "1,209.49",
    "peRatio" : "23.39",
    "bookValue" : "152.99",
    "dividend" : "0.00",
    "marketLot" : "1",
    "industryPeRatio" : "26.15",
    "eps" : "12.81",
    "pcRatio" : "11.41",
    "bookPrice" : "1.95",
    "dividendYield" : "-",
    "faceValue" : "10.00",
    "deliverables" : "62.56"
  }
}