{
  "url" : "https://www.moneycontrol.com/india/stockpricequote/cement-productsbuilding-materials/ifglrefractories/IFG",
  "companyName" : "IFGL Refractories Ltd.",
  "breadCrumb" : "Moneycontrol / Market / Share/Stock Price / Cement - Products & Building Materials",
  "bseNseNames" : "BSE: 540774 | NSE: IFGLEXPOR |",
  "seriesLink" : "EQ",
  "isinLink" : "INE133Y01011",
  "sectorLink" : "Moneycontrol / Market / Share/Stock Price / Cement - Products & Building Materials",
  "sectorTitle" : "CEMENT - PRODUCTS & BUILDING MATERIALS",
  "bseData" : {
    "bsePrice" : "95.00",
    "bseVolume" : "1,547",
    "bsePrevClose" : "94.10",
    "bseOpenPrice" : "",
    "bseTodaysLow" : "89.50",
    "bseTodaysHigh" : "98.70",
    "bse52WeekLow" : "64.10",
    "bse52WeekHigh" : "247.70",
    "bseLowerPriceBand" : "89.40",
    "bseUpperPriceBand" : "98.80"
  },
  "nseData" : {
    "nsePrice" : "89.75",
    "nseVolume" : "5,858",
    "nsePrevClose" : "",
    "nseOpenPrice" : "",
    "nseTodaysLow" : "89.50",
    "nseTodaysHigh" : "98.40",
    "nse52WeekLow" : "69.05",
    "nse52WeekHigh" : "240.50",
    "nseLowerPriceBand" : "89.15",
    "nseUpperPriceBand" : "98.45"
  },
  "companyValuation" : {
    "marketCapital" : "342.37",
    "peRatio" : "10.44",
    "bookValue" : "140.41",
    "dividend" : "25.00",
    "marketLot" : "1",
    "industryPeRatio" : "17.42",
    "eps" : "8.6",
    "pcRatio" : "4.63",
    "bookPrice" : "0.68",
    "dividendYield" : "2.63",
    "faceValue" : "10.00",
    "deliverables" : "90.72"
  }
}