{
  "url" : "https://www.moneycontrol.com/india/stockpricequote/electric-equipment/igarashimotors/IM01",
  "companyName" : "Igarashi Motors Ltd.",
  "breadCrumb" : "Moneycontrol / Market / Share/Stock Price / Electric Equipment",
  "bseNseNames" : "BSE: 517380 | NSE: IGARASHI |",
  "seriesLink" : "EQ",
  "isinLink" : "INE188B01013",
  "sectorLink" : "Moneycontrol / Market / Share/Stock Price / Electric Equipment",
  "sectorTitle" : "ELECTRIC EQUIPMENT",
  "bseData" : {
    "bsePrice" : "169.30",
    "bseVolume" : "5,083",
    "bsePrevClose" : "163.25",
    "bseOpenPrice" : "",
    "bseTodaysLow" : "159.00",
    "bseTodaysHigh" : "175.00",
    "bse52WeekLow" : "150.65",
    "bse52WeekHigh" : "415.70",
    "bseLowerPriceBand" : "146.95",
    "bseUpperPriceBand" : "179.55"
  },
  "nseData" : {
    "nsePrice" : "170.60",
    "nseVolume" : "77,961",
    "nsePrevClose" : "",
    "nseOpenPrice" : "",
    "nseTodaysLow" : "158.15",
    "nseTodaysHigh" : "174.90",
    "nse52WeekLow" : "149.55",
    "nse52WeekHigh" : "416.40",
    "nseLowerPriceBand" : "146.60",
    "nseUpperPriceBand" : "179.10"
  },
  "companyValuation" : {
    "marketCapital" : "532.87",
    "peRatio" : "15.41",
    "bookValue" : "134.04",
    "dividend" : "49.00",
    "marketLot" : "1",
    "industryPeRatio" : "37.87",
    "eps" : "11.07",
    "pcRatio" : "7.18",
    "bookPrice" : "1.26",
    "dividendYield" : "2.89",
    "faceValue" : "10.00",
    "deliverables" : "45.28"
  }
}