{
  "url" : "https://www.moneycontrol.com/india/stockpricequote/oil-drillingexploration/indraprasthagas/IG04",
  "companyName" : "Indraprastha Gas Ltd.",
  "breadCrumb" : "Moneycontrol / Market / Share/Stock Price / Oil Drilling And Exploration",
  "bseNseNames" : "BSE: 532514 | NSE: IGL |",
  "seriesLink" : "EQ",
  "isinLink" : "INE203G01027",
  "sectorLink" : "Moneycontrol / Market / Share/Stock Price / Oil Drilling And Exploration",
  "sectorTitle" : "OIL DRILLING AND EXPLORATION",
  "bseData" : {
    "bsePrice" : "434.15",
    "bseVolume" : "110,627",
    "bsePrevClose" : "435.45",
    "bseOpenPrice" : "",
    "bseTodaysLow" : "429.50",
    "bseTodaysHigh" : "459.90",
    "bse52WeekLow" : "284.55",
    "bse52WeekHigh" : "534.40",
    "bseLowerPriceBand" : "391.95",
    "bseUpperPriceBand" : "478.95"
  },
  "nseData" : {
    "nsePrice" : "435.65",
    "nseVolume" : "3,439,149",
    "nsePrevClose" : "",
    "nseOpenPrice" : "",
    "nseTodaysLow" : "429.00",
    "nseTodaysHigh" : "460.00",
    "nse52WeekLow" : "284.05",
    "nse52WeekHigh" : "534.20",
    "nseLowerPriceBand" : "392.30",
    "nseUpperPriceBand" : "479.40"
  },
  "companyValuation" : {
    "marketCapital" : "30,390.53",
    "peRatio" : "27.5",
    "bookValue" : "59.00",
    "dividend" : "120.00",
    "marketLot" : "1",
    "industryPeRatio" : "22.31",
    "eps" : "15.84",
    "pcRatio" : "23.28",
    "bookPrice" : "7.36",
    "dividendYield" : "0.55",
    "faceValue" : "2.00",
    "deliverables" : "26.31"
  }
}