{
  "url" : "https://www.moneycontrol.com/india/stockpricequote/chemicals/igpetrochemicals/IGP",
  "companyName" : "IG Petrochemicals Ltd.",
  "breadCrumb" : "Moneycontrol / Market / Share/Stock Price / Chemicals",
  "bseNseNames" : "BSE: 500199 | NSE: IGPL |",
  "seriesLink" : "EQ",
  "isinLink" : "INE204A01010",
  "sectorLink" : "Moneycontrol / Market / Share/Stock Price / Chemicals",
  "sectorTitle" : "CHEMICALS",
  "bseData" : {
    "bsePrice" : "122.00",
    "bseVolume" : "517",
    "bsePrevClose" : "116.90",
    "bseOpenPrice" : "",
    "bseTodaysLow" : "117.25",
    "bseTodaysHigh" : "122.70",
    "bse52WeekLow" : "81.25",
    "bse52WeekHigh" : "320.00",
    "bseLowerPriceBand" : "111.10",
    "bseUpperPriceBand" : "122.70"
  },
  "nseData" : {
    "nsePrice" : "120.25",
    "nseVolume" : "28,874",
    "nsePrevClose" : "",
    "nseOpenPrice" : "",
    "nseTodaysLow" : "116.95",
    "nseTodaysHigh" : "122.65",
    "nse52WeekLow" : "81.20",
    "nse52WeekHigh" : "321.00",
    "nseLowerPriceBand" : "111.05",
    "nseUpperPriceBand" : "122.65"
  },
  "companyValuation" : {
    "marketCapital" : "375.70",
    "peRatio" : "10.51",
    "bookValue" : "204.17",
    "dividend" : "40.00",
    "marketLot" : "1",
    "industryPeRatio" : "3.15",
    "eps" : "11.44",
    "pcRatio" : "6",
    "bookPrice" : "0.60",
    "dividendYield" : "3.28",
    "faceValue" : "10.00",
    "deliverables" : "64.26"
  }
}