{
  "url" : "https://www.moneycontrol.com/india/stockpricequote/finance-general/iiflfinance/II15",
  "companyName" : "IIFL Finance Ltd.",
  "breadCrumb" : "Moneycontrol / Market / Share/Stock Price / Finance - General",
  "bseNseNames" : "BSE: 532636 | NSE: IIFL |",
  "seriesLink" : "EQ",
  "isinLink" : "INE530B01024",
  "sectorLink" : "Moneycontrol / Market / Share/Stock Price / Finance - General",
  "sectorTitle" : "FINANCE - GENERAL",
  "bseData" : {
    "bsePrice" : "87.00",
    "bseVolume" : "21,738",
    "bsePrevClose" : "86.00",
    "bseOpenPrice" : "",
    "bseTodaysLow" : "84.00",
    "bseTodaysHigh" : "90.30",
    "bse52WeekLow" : "69.65",
    "bse52WeekHigh" : "480.00",
    "bseLowerPriceBand" : "81.70",
    "bseUpperPriceBand" : "90.30"
  },
  "nseData" : {
    "nsePrice" : "84.35",
    "nseVolume" : "84,778",
    "nsePrevClose" : "",
    "nseOpenPrice" : "",
    "nseTodaysLow" : "83.45",
    "nseTodaysHigh" : "89.70",
    "nse52WeekLow" : "67.05",
    "nse52WeekHigh" : "469.40",
    "nseLowerPriceBand" : "81.20",
    "nseUpperPriceBand" : "89.70"
  },
  "companyValuation" : {
    "marketCapital" : "3,291.57",
    "peRatio" : "26.86",
    "bookValue" : "28.54",
    "dividend" : "250.00",
    "marketLot" : "1",
    "industryPeRatio" : "23.58",
    "eps" : "3.14",
    "pcRatio" : "26.78",
    "bookPrice" : "3.05",
    "dividendYield" : "5.75",
    "faceValue" : "2.00",
    "deliverables" : "99.91"
  }
}