{
  "url" : "https://www.moneycontrol.com/india/stockpricequote/miscellaneous/iiflsecuritieslimited/IIFLS54277",
  "companyName" : "IIFL Securities Ltd.",
  "breadCrumb" : "Moneycontrol / Market / Share/Stock Price / Miscellaneous",
  "bseNseNames" : "BSE: 542773 | NSE: IIFLSEC |",
  "seriesLink" : "EQ",
  "isinLink" : "INE489L01022",
  "sectorLink" : "Moneycontrol / Market / Share/Stock Price / Miscellaneous",
  "sectorTitle" : "MISCELLANEOUS",
  "bseData" : {
    "bsePrice" : "37.65",
    "bseVolume" : "6,336",
    "bsePrevClose" : "35.90",
    "bseOpenPrice" : "",
    "bseTodaysLow" : "37.40",
    "bseTodaysHigh" : "37.65",
    "bse52WeekLow" : "0.00",
    "bse52WeekHigh" : "62.65",
    "bseLowerPriceBand" : "34.15",
    "bseUpperPriceBand" : "37.65"
  },
  "nseData" : {
    "nsePrice" : "37.65",
    "nseVolume" : "124,950",
    "nsePrevClose" : "",
    "nseOpenPrice" : "",
    "nseTodaysLow" : "37.00",
    "nseTodaysHigh" : "37.65",
    "nse52WeekLow" : "0.00",
    "nse52WeekHigh" : "62.60",
    "nseLowerPriceBand" : "34.15",
    "nseUpperPriceBand" : "37.65"
  },
  "companyValuation" : {
    "marketCapital" : "1,203.33",
    "peRatio" : "11.01",
    "bookValue" : "20.11",
    "dividend" : "150.00",
    "marketLot" : "1",
    "industryPeRatio" : "23.58",
    "eps" : "3.42",
    "pcRatio" : "9.93",
    "bookPrice" : "1.87",
    "dividendYield" : "7.97",
    "faceValue" : "2.00",
    "deliverables" : "98.30"
  }
}