{
  "url" : "https://www.moneycontrol.com/india/stockpricequote/constructioncontracting-civil/ilandfsengineeringconstructioncompany/MI50",
  "companyName" : "ILandFS Engineering and Construction Company Ltd.",
  "breadCrumb" : "Moneycontrol / Market / Share/Stock Price / Construction & Contracting - Civil",
  "bseNseNames" : "BSE: 532907 | NSE: IL&FSENGG | SERIES: BZ | ISIN: INE369I01014 | SECTOR: CONSTRUCTION & CONTRACTING - CIVILCONSTRUCTION & CONTRACTING - CIVIL",
  "seriesLink" : "BZ",
  "isinLink" : "INE369I01014",
  "sectorLink" : "Moneycontrol / Market / Share/Stock Price / Construction & Contracting - Civil",
  "sectorTitle" : "CONSTRUCTION & CONTRACTING - CIVIL",
  "bseData" : {
    "bsePrice" : "1.66",
    "bseVolume" : "26,534",
    "bsePrevClose" : "1.74",
    "bseOpenPrice" : "",
    "bseTodaysLow" : "1.66",
    "bseTodaysHigh" : "1.82",
    "bse52WeekLow" : "1.47",
    "bse52WeekHigh" : "9.22",
    "bseLowerPriceBand" : "1.66",
    "bseUpperPriceBand" : "1.82"
  },
  "nseData" : {
    "nsePrice" : "1.65",
    "nseVolume" : "4,249",
    "nsePrevClose" : "",
    "nseOpenPrice" : "",
    "nseTodaysLow" : "1.60",
    "nseTodaysHigh" : "1.65",
    "nse52WeekLow" : "1.55",
    "nse52WeekHigh" : "9.35",
    "nseLowerPriceBand" : "1.55",
    "nseUpperPriceBand" : "1.65"
  },
  "companyValuation" : {
    "marketCapital" : "21.77",
    "peRatio" : "-",
    "bookValue" : "-144.92",
    "dividend" : "0.00",
    "marketLot" : "1",
    "industryPeRatio" : "13.75",
    "eps" : "-",
    "pcRatio" : "-",
    "bookPrice" : "-",
    "dividendYield" : "-",
    "faceValue" : "10.00",
    "deliverables" : "52.12"
  }
}