{
  "url" : "https://www.moneycontrol.com/india/stockpricequote/infrastructure-general/ilandfstransportationnetworks/ITN",
  "companyName" : "ILandFS Transportation Networks Ltd.",
  "breadCrumb" : "Moneycontrol / Market / Share/Stock Price / Infrastructure - General",
  "bseNseNames" : "BSE: 533177 | NSE: IL&FSTRANS | SERIES: BZ | ISIN: INE975G01012 | SECTOR: INFRASTRUCTURE - GENERALINFRASTRUCTURE - GENERAL",
  "seriesLink" : "BZ",
  "isinLink" : "INE975G01012",
  "sectorLink" : "Moneycontrol / Market / Share/Stock Price / Infrastructure - General",
  "sectorTitle" : "INFRASTRUCTURE - GENERAL",
  "bseData" : {
    "bsePrice" : "1.20",
    "bseVolume" : "200,430",
    "bsePrevClose" : "1.15",
    "bseOpenPrice" : "",
    "bseTodaysLow" : "1.10",
    "bseTodaysHigh" : "1.20",
    "bse52WeekLow" : "1.05",
    "bse52WeekHigh" : "5.70",
    "bseLowerPriceBand" : "1.10",
    "bseUpperPriceBand" : "1.20"
  },
  "nseData" : {
    "nsePrice" : "1.20",
    "nseVolume" : "83,001",
    "nsePrevClose" : "",
    "nseOpenPrice" : "",
    "nseTodaysLow" : "1.15",
    "nseTodaysHigh" : "1.25",
    "nse52WeekLow" : "1.10",
    "nse52WeekHigh" : "5.75",
    "nseLowerPriceBand" : "1.15",
    "nseUpperPriceBand" : "1.25"
  },
  "companyValuation" : {
    "marketCapital" : "39.48",
    "peRatio" : "-",
    "bookValue" : "93.52",
    "dividend" : "0.00",
    "marketLot" : "1",
    "industryPeRatio" : "13.41",
    "eps" : "-",
    "pcRatio" : "30",
    "bookPrice" : "0.01",
    "dividendYield" : "-",
    "faceValue" : "10.00",
    "deliverables" : "68.03"
  }
}