{
  "url" : "https://www.moneycontrol.com/india/stockpricequote/miningminerals/indianmetalsferroalloys/IMF01",
  "companyName" : "Indian Metals & Ferro Alloys Ltd.",
  "breadCrumb" : "Moneycontrol / Market / Share/Stock Price / Mining & Minerals",
  "bseNseNames" : "BSE: 533047 | NSE: IMFA |",
  "seriesLink" : "EQ",
  "isinLink" : "INE919H01018",
  "sectorLink" : "Moneycontrol / Market / Share/Stock Price / Mining & Minerals",
  "sectorTitle" : "MINING & MINERALS",
  "bseData" : {
    "bsePrice" : "122.50",
    "bseVolume" : "723",
    "bsePrevClose" : "121.55",
    "bseOpenPrice" : "",
    "bseTodaysLow" : "116.50",
    "bseTodaysHigh" : "126.80",
    "bse52WeekLow" : "92.00",
    "bse52WeekHigh" : "269.00",
    "bseLowerPriceBand" : "109.40",
    "bseUpperPriceBand" : "133.70"
  },
  "nseData" : {
    "nsePrice" : "120.15",
    "nseVolume" : "26,895",
    "nsePrevClose" : "",
    "nseOpenPrice" : "",
    "nseTodaysLow" : "111.05",
    "nseTodaysHigh" : "128.95",
    "nse52WeekLow" : "91.95",
    "nse52WeekHigh" : "261.90",
    "nseLowerPriceBand" : "108.45",
    "nseUpperPriceBand" : "132.55"
  },
  "companyValuation" : {
    "marketCapital" : "330.47",
    "peRatio" : "-",
    "bookValue" : "428.75",
    "dividend" : "50.00",
    "marketLot" : "1",
    "industryPeRatio" : "11.75",
    "eps" : "-",
    "pcRatio" : "52.01",
    "bookPrice" : "0.29",
    "dividendYield" : "4.08",
    "faceValue" : "10.00",
    "deliverables" : "46.86"
  }
}