{
  "url" : "https://www.moneycontrol.com/india/stockpricequote/trading/indiamotorpartsaccessories/IMP03",
  "companyName" : "India Motor Parts and Accessories Ltd.",
  "breadCrumb" : "Moneycontrol / Market / Share/Stock Price / Trading",
  "bseNseNames" : "BSE: 590065 | NSE: IMPAL |",
  "seriesLink" : "EQ",
  "isinLink" : "INE547E01014",
  "sectorLink" : "Moneycontrol / Market / Share/Stock Price / Trading",
  "sectorTitle" : "TRADING",
  "bseData" : {
    "bsePrice" : "466.00",
    "bseVolume" : "111",
    "bsePrevClose" : "464.50",
    "bseOpenPrice" : "",
    "bseTodaysLow" : "455.00",
    "bseTodaysHigh" : "470.00",
    "bse52WeekLow" : "374.40",
    "bse52WeekHigh" : "714.00",
    "bseLowerPriceBand" : "371.60",
    "bseUpperPriceBand" : "557.40"
  },
  "nseData" : {
    "nsePrice" : "460.35",
    "nseVolume" : "1,166",
    "nsePrevClose" : "",
    "nseOpenPrice" : "",
    "nseTodaysLow" : "452.80",
    "nseTodaysHigh" : "466.05",
    "nse52WeekLow" : "366.75",
    "nse52WeekHigh" : "752.33",
    "nseLowerPriceBand" : "369.35",
    "nseUpperPriceBand" : "553.95"
  },
  "companyValuation" : {
    "marketCapital" : "581.57",
    "peRatio" : "11.69",
    "bookValue" : "809.19",
    "dividend" : "180.00",
    "marketLot" : "1",
    "industryPeRatio" : "26.52",
    "eps" : "39.37",
    "pcRatio" : "11.48",
    "bookPrice" : "0.58",
    "dividendYield" : "3.86",
    "faceValue" : "10.00",
    "deliverables" : "71.96"
  }
}