{
  "url" : "https://www.moneycontrol.com/india/stockpricequote/miningminerals/impexferrotech/IFT",
  "companyName" : "Impex Ferro Tech Ltd.",
  "breadCrumb" : "Moneycontrol / Market / Share/Stock Price / Mining & Minerals",
  "bseNseNames" : "BSE: 532614 | NSE: IMPEXFERRO |",
  "seriesLink" : "EQ",
  "isinLink" : "INE691G01015",
  "sectorLink" : "Moneycontrol / Market / Share/Stock Price / Mining & Minerals",
  "sectorTitle" : "MINING & MINERALS",
  "bseData" : {
    "bsePrice" : "0.36",
    "bseVolume" : "2,000",
    "bsePrevClose" : "0.36",
    "bseOpenPrice" : "",
    "bseTodaysLow" : "0.36",
    "bseTodaysHigh" : "0.36",
    "bse52WeekLow" : "0.34",
    "bse52WeekHigh" : "0.58",
    "bseLowerPriceBand" : "0.35",
    "bseUpperPriceBand" : "0.37"
  },
  "nseData" : {
    "nsePrice" : "0.30",
    "nseVolume" : "12,668",
    "nsePrevClose" : "",
    "nseOpenPrice" : "",
    "nseTodaysLow" : "0.30",
    "nseTodaysHigh" : "0.35",
    "nse52WeekLow" : "0.20",
    "nse52WeekHigh" : "0.55",
    "nseLowerPriceBand" : "0.30",
    "nseUpperPriceBand" : "0.40"
  },
  "companyValuation" : {
    "marketCapital" : "3.17",
    "peRatio" : "-",
    "bookValue" : "-22.04",
    "dividend" : "0.00",
    "marketLot" : "1",
    "industryPeRatio" : "3.85",
    "eps" : "-",
    "pcRatio" : "-",
    "bookPrice" : "-",
    "dividendYield" : "-",
    "faceValue" : "10.00",
    "deliverables" : "62.75"
  }
}