{
  "url" : "https://www.moneycontrol.com/india/stockpricequote/hotels/indianhotelscompany/IHC",
  "companyName" : "Indian Hotels Company Ltd.",
  "breadCrumb" : "Moneycontrol / Market / Share/Stock Price / Hotels",
  "bseNseNames" : "BSE: 500850 | NSE: INDHOTEL |",
  "seriesLink" : "EQ",
  "isinLink" : "INE053A01029",
  "sectorLink" : "Moneycontrol / Market / Share/Stock Price / Hotels",
  "sectorTitle" : "HOTELS",
  "bseData" : {
    "bsePrice" : "75.30",
    "bseVolume" : "629,203",
    "bsePrevClose" : "73.90",
    "bseOpenPrice" : "",
    "bseTodaysLow" : "72.75",
    "bseTodaysHigh" : "80.30",
    "bse52WeekLow" : "69.05",
    "bse52WeekHigh" : "164.10",
    "bseLowerPriceBand" : "59.15",
    "bseUpperPriceBand" : "88.65"
  },
  "nseData" : {
    "nsePrice" : "75.05",
    "nseVolume" : "4,302,515",
    "nsePrevClose" : "",
    "nseOpenPrice" : "",
    "nseTodaysLow" : "72.60",
    "nseTodaysHigh" : "80.40",
    "nse52WeekLow" : "69.00",
    "nse52WeekHigh" : "164.30",
    "nseLowerPriceBand" : "59.15",
    "nseUpperPriceBand" : "88.65"
  },
  "companyValuation" : {
    "marketCapital" : "8,955.12",
    "peRatio" : "18.81",
    "bookValue" : "37.70",
    "dividend" : "50.00",
    "marketLot" : "1",
    "industryPeRatio" : "22.64",
    "eps" : "3.99",
    "pcRatio" : "13.87",
    "bookPrice" : "2.00",
    "dividendYield" : "0.66",
    "faceValue" : "1.00",
    "deliverables" : "72.88"
  }
}