{
  "url" : "https://www.moneycontrol.com/india/stockpricequote/cement-major/indiacements/IC",
  "companyName" : "India Cements Ltd.",
  "breadCrumb" : "Moneycontrol / Market / Share/Stock Price / Cement - Major",
  "bseNseNames" : "BSE: 530005 | NSE: INDIACEM |",
  "seriesLink" : "EQ",
  "isinLink" : "INE383A01012",
  "sectorLink" : "Moneycontrol / Market / Share/Stock Price / Cement - Major",
  "sectorTitle" : "CEMENT - MAJOR",
  "bseData" : {
    "bsePrice" : "102.15",
    "bseVolume" : "128,636",
    "bsePrevClose" : "103.10",
    "bseOpenPrice" : "",
    "bseTodaysLow" : "101.65",
    "bseTodaysHigh" : "105.60",
    "bse52WeekLow" : "67.90",
    "bse52WeekHigh" : "116.90",
    "bseLowerPriceBand" : "92.80",
    "bseUpperPriceBand" : "113.40"
  },
  "nseData" : {
    "nsePrice" : "102.10",
    "nseVolume" : "1,736,696",
    "nsePrevClose" : "",
    "nseOpenPrice" : "",
    "nseTodaysLow" : "101.70",
    "nseTodaysHigh" : "105.65",
    "nse52WeekLow" : "67.75",
    "nse52WeekHigh" : "116.95",
    "nseLowerPriceBand" : "92.95",
    "nseUpperPriceBand" : "113.55"
  },
  "companyValuation" : {
    "marketCapital" : "3,165.60",
    "peRatio" : "26.52",
    "bookValue" : "169.08",
    "dividend" : "8.00",
    "marketLot" : "1",
    "industryPeRatio" : "28.37",
    "eps" : "3.85",
    "pcRatio" : "8.54",
    "bookPrice" : "0.60",
    "dividendYield" : "0.78",
    "faceValue" : "10.00",
    "deliverables" : "39.81"
  }
}