{
  "url" : "https://www.moneycontrol.com/india/stockpricequote/chemicals/indiaglycols/IG",
  "companyName" : "India Glycols Ltd.",
  "breadCrumb" : "Moneycontrol / Market / Share/Stock Price / Chemicals",
  "bseNseNames" : "BSE: 500201 | NSE: INDIAGLYCO |",
  "seriesLink" : "EQ",
  "isinLink" : "INE560A01015",
  "sectorLink" : "Moneycontrol / Market / Share/Stock Price / Chemicals",
  "sectorTitle" : "CHEMICALS",
  "bseData" : {
    "bsePrice" : "241.55",
    "bseVolume" : "26,845",
    "bsePrevClose" : "248.50",
    "bseOpenPrice" : "",
    "bseTodaysLow" : "239.20",
    "bseTodaysHigh" : "262.75",
    "bse52WeekLow" : "176.15",
    "bse52WeekHigh" : "396.80",
    "bseLowerPriceBand" : "223.65",
    "bseUpperPriceBand" : "273.35"
  },
  "nseData" : {
    "nsePrice" : "242.05",
    "nseVolume" : "221,149",
    "nsePrevClose" : "",
    "nseOpenPrice" : "",
    "nseTodaysLow" : "239.30",
    "nseTodaysHigh" : "262.30",
    "nse52WeekLow" : "175.30",
    "nse52WeekHigh" : "396.40",
    "nseLowerPriceBand" : "224.20",
    "nseUpperPriceBand" : "274.00"
  },
  "companyValuation" : {
    "marketCapital" : "747.88",
    "peRatio" : "5.53",
    "bookValue" : "347.02",
    "dividend" : "60.00",
    "marketLot" : "1",
    "industryPeRatio" : "5.75",
    "eps" : "43.77",
    "pcRatio" : "3.61",
    "bookPrice" : "0.70",
    "dividendYield" : "2.48",
    "faceValue" : "10.00",
    "deliverables" : "15.60"
  }
}