{
  "url" : "https://www.moneycontrol.com/india/stockpricequote/power-generationdistribution/indigridinvitfund/IIF01",
  "companyName" : "IndiGrid InvIT Fund Ltd.",
  "breadCrumb" : "Moneycontrol / Market / Share/Stock Price / Power - Generation & Distribution",
  "bseNseNames" : "BSE: 540565 | NSE: INDIGRID | SERIES: IV | ISIN: INE219X23014 | SECTOR: POWER - GENERATION & DISTRIBUTIONPOWER - GENERATION & DISTRIBUTION",
  "seriesLink" : "IV",
  "isinLink" : "INE219X23014",
  "sectorLink" : "Moneycontrol / Market / Share/Stock Price / Power - Generation & Distribution",
  "sectorTitle" : "POWER - GENERATION & DISTRIBUTION",
  "bseData" : {
    "bsePrice" : "89.00",
    "bseVolume" : "93,555",
    "bsePrevClose" : "91.09",
    "bseOpenPrice" : "",
    "bseTodaysLow" : "88.99",
    "bseTodaysHigh" : "91.13",
    "bse52WeekLow" : "81.75",
    "bse52WeekHigh" : "100.50",
    "bseLowerPriceBand" : "72.88",
    "bseUpperPriceBand" : "109.30"
  },
  "nseData" : {
    "nsePrice" : "89.00",
    "nseVolume" : "284,067",
    "nsePrevClose" : "",
    "nseOpenPrice" : "",
    "nseTodaysLow" : "88.71",
    "nseTodaysHigh" : "90.95",
    "nse52WeekLow" : "81.05",
    "nse52WeekHigh" : "100.50",
    "nseLowerPriceBand" : "72.75",
    "nseUpperPriceBand" : "109.11"
  },
  "companyValuation" : {
    "marketCapital" : "5,193.00",
    "peRatio" : "-",
    "bookValue" : "98.50",
    "dividend" : "0.00",
    "marketLot" : "1701",
    "industryPeRatio" : "10.10",
    "eps" : "-",
    "pcRatio" : "9.69",
    "bookPrice" : "0.90",
    "dividendYield" : "-",
    "faceValue" : "99.39",
    "deliverables" : "90.36"
  }
}