{
  "url" : "https://www.moneycontrol.com/india/stockpricequote/cement-productsbuilding-materials/indianhumepipecompany/IHP",
  "companyName" : "Indian Hume Pipe Company Ltd.",
  "breadCrumb" : "Moneycontrol / Market / Share/Stock Price / Cement - Products & Building Materials",
  "bseNseNames" : "BSE: 504741 | NSE: INDIANHUME |",
  "seriesLink" : "EQ",
  "isinLink" : "INE323C01030",
  "sectorLink" : "Moneycontrol / Market / Share/Stock Price / Cement - Products & Building Materials",
  "sectorTitle" : "CEMENT - PRODUCTS & BUILDING MATERIALS",
  "bseData" : {
    "bsePrice" : "124.85",
    "bseVolume" : "4,558",
    "bsePrevClose" : "128.80",
    "bseOpenPrice" : "",
    "bseTodaysLow" : "122.30",
    "bseTodaysHigh" : "135.15",
    "bse52WeekLow" : "101.00",
    "bse52WeekHigh" : "334.40",
    "bseLowerPriceBand" : "103.05",
    "bseUpperPriceBand" : "154.55"
  },
  "nseData" : {
    "nsePrice" : "125.20",
    "nseVolume" : "39,200",
    "nsePrevClose" : "",
    "nseOpenPrice" : "",
    "nseTodaysLow" : "121.05",
    "nseTodaysHigh" : "135.50",
    "nse52WeekLow" : "112.30",
    "nse52WeekHigh" : "334.00",
    "nseLowerPriceBand" : "103.05",
    "nseUpperPriceBand" : "154.55"
  },
  "companyValuation" : {
    "marketCapital" : "604.86",
    "peRatio" : "7.88",
    "bookValue" : "107.25",
    "dividend" : "180.00",
    "marketLot" : "1",
    "industryPeRatio" : "6.71",
    "eps" : "15.89",
    "pcRatio" : "6.84",
    "bookPrice" : "1.16",
    "dividendYield" : "2.88",
    "faceValue" : "2.00",
    "deliverables" : "61.88"
  }
}