{
  "url" : "https://www.moneycontrol.com/india/stockpricequote/transportlogistics/interglobeaviation/IA04",
  "companyName" : "Interglobe Aviation Ltd.",
  "breadCrumb" : "Moneycontrol / Market / Share/Stock Price / Transport & Logistics",
  "bseNseNames" : "BSE: 539448 | NSE: INDIGO |",
  "seriesLink" : "EQ",
  "isinLink" : "INE646L01027",
  "sectorLink" : "Moneycontrol / Market / Share/Stock Price / Transport & Logistics",
  "sectorTitle" : "TRANSPORT & LOGISTICS",
  "bseData" : {
    "bsePrice" : "990.10",
    "bseVolume" : "124,568",
    "bsePrevClose" : "980.15",
    "bseOpenPrice" : "",
    "bseTodaysLow" : "944.80",
    "bseTodaysHigh" : "1078.15",
    "bse52WeekLow" : "765.05",
    "bse52WeekHigh" : "1911.00",
    "bseLowerPriceBand" : "882.15",
    "bseUpperPriceBand" : "1127.15"
  },
  "nseData" : {
    "nsePrice" : "990.15",
    "nseVolume" : "2,715,325",
    "nsePrevClose" : "",
    "nseOpenPrice" : "",
    "nseTodaysLow" : "944.90",
    "nseTodaysHigh" : "1078.25",
    "nse52WeekLow" : "771.30",
    "nse52WeekHigh" : "1898.85",
    "nseLowerPriceBand" : "882.25",
    "nseUpperPriceBand" : "1078.25"
  },
  "companyValuation" : {
    "marketCapital" : "38,098.68",
    "peRatio" : "31.36",
    "bookValue" : "179.28",
    "dividend" : "50.00",
    "marketLot" : "1",
    "industryPeRatio" : "209.45",
    "eps" : "31.57",
    "pcRatio" : "19.3",
    "bookPrice" : "5.52",
    "dividendYield" : "0.50",
    "faceValue" : "10.00",
    "deliverables" : "10.52"
  }
}