{
  "url" : "https://www.moneycontrol.com/india/stockpricequote/miscellaneous/indiamartintermesh/II12",
  "companyName" : "Indiamart Intermesh Ltd.",
  "breadCrumb" : "Moneycontrol / Market / Share/Stock Price / Miscellaneous",
  "bseNseNames" : "BSE: 542726 | NSE: INDIAMART |",
  "seriesLink" : "EQ",
  "isinLink" : "INE933S01016",
  "sectorLink" : "Moneycontrol / Market / Share/Stock Price / Miscellaneous",
  "sectorTitle" : "MISCELLANEOUS",
  "bseData" : {
    "bsePrice" : "2214.80",
    "bseVolume" : "1,728",
    "bsePrevClose" : "2166.40",
    "bseOpenPrice" : "",
    "bseTodaysLow" : "2115.00",
    "bseTodaysHigh" : "2290.00",
    "bse52WeekLow" : "952.00",
    "bse52WeekHigh" : "2862.00",
    "bseLowerPriceBand" : "1733.15",
    "bseUpperPriceBand" : "2599.65"
  },
  "nseData" : {
    "nsePrice" : "2207.75",
    "nseVolume" : "47,463",
    "nsePrevClose" : "",
    "nseOpenPrice" : "",
    "nseTodaysLow" : "2110.00",
    "nseTodaysHigh" : "2290.00",
    "nse52WeekLow" : "973.00",
    "nse52WeekHigh" : "2862.50",
    "nseLowerPriceBand" : "1731.25",
    "nseUpperPriceBand" : "2596.85"
  },
  "companyValuation" : {
    "marketCapital" : "6,405.16",
    "peRatio" : "51.4",
    "bookValue" : "55.67",
    "dividend" : "0.00",
    "marketLot" : "1",
    "industryPeRatio" : "448.08",
    "eps" : "42.95",
    "pcRatio" : "49.8",
    "bookPrice" : "39.78",
    "dividendYield" : "-",
    "faceValue" : "10.00",
    "deliverables" : "62.31"
  }
}