{
  "url" : "https://www.moneycontrol.com/india/stockpricequote/textiles-machinery/indiancardclothing/ICC01",
  "companyName" : "Indian Card Clothing Ltd.",
  "breadCrumb" : "Moneycontrol / Market / Share/Stock Price / Textiles - Machinery",
  "bseNseNames" : "BSE: 509692 | NSE: INDIANCARD |",
  "seriesLink" : "EQ",
  "isinLink" : "INE061A01014",
  "sectorLink" : "Moneycontrol / Market / Share/Stock Price / Textiles - Machinery",
  "sectorTitle" : "TEXTILES - MACHINERY",
  "bseData" : {
    "bsePrice" : "86.20",
    "bseVolume" : "107",
    "bsePrevClose" : "82.10",
    "bseOpenPrice" : "",
    "bseTodaysLow" : "81.40",
    "bseTodaysHigh" : "86.20",
    "bse52WeekLow" : "81.40",
    "bse52WeekHigh" : "141.85",
    "bseLowerPriceBand" : "78.00",
    "bseUpperPriceBand" : "86.20"
  },
  "nseData" : {
    "nsePrice" : "90.05",
    "nseVolume" : "481",
    "nsePrevClose" : "",
    "nseOpenPrice" : "",
    "nseTodaysLow" : "84.55",
    "nseTodaysHigh" : "93.30",
    "nse52WeekLow" : "80.25",
    "nse52WeekHigh" : "136.30",
    "nseLowerPriceBand" : "84.50",
    "nseUpperPriceBand" : "93.30"
  },
  "companyValuation" : {
    "marketCapital" : "39.23",
    "peRatio" : "-",
    "bookValue" : "139.09",
    "dividend" : "0.00",
    "marketLot" : "1",
    "industryPeRatio" : "9.29",
    "eps" : "-",
    "pcRatio" : "-",
    "bookPrice" : "0.62",
    "dividendYield" : "-",
    "faceValue" : "10.00",
    "deliverables" : "95.63"
  }
}