{
  "url" : "https://www.moneycontrol.com/india/stockpricequote/electric-equipment/imppowers/IMP02",
  "companyName" : "IMP Powers Ltd.",
  "breadCrumb" : "Moneycontrol / Market / Share/Stock Price / Electric Equipment",
  "bseNseNames" : "BSE: 517571 | NSE: INDLMETER |",
  "seriesLink" : "EQ",
  "isinLink" : "INE065B01013",
  "sectorLink" : "Moneycontrol / Market / Share/Stock Price / Electric Equipment",
  "sectorTitle" : "ELECTRIC EQUIPMENT",
  "bseData" : {
    "bsePrice" : "10.05",
    "bseVolume" : "2,070",
    "bsePrevClose" : "9.90",
    "bseOpenPrice" : "",
    "bseTodaysLow" : "9.45",
    "bseTodaysHigh" : "10.05",
    "bse52WeekLow" : "9.45",
    "bse52WeekHigh" : "46.60",
    "bseLowerPriceBand" : "9.41",
    "bseUpperPriceBand" : "10.39"
  },
  "nseData" : {
    "nsePrice" : "9.95",
    "nseVolume" : "2,760",
    "nsePrevClose" : "",
    "nseOpenPrice" : "",
    "nseTodaysLow" : "9.95",
    "nseTodaysHigh" : "9.95",
    "nse52WeekLow" : "9.25",
    "nse52WeekHigh" : "45.50",
    "nseLowerPriceBand" : "9.05",
    "nseUpperPriceBand" : "9.95"
  },
  "companyValuation" : {
    "marketCapital" : "8.68",
    "peRatio" : "-",
    "bookValue" : "132.20",
    "dividend" : "0.00",
    "marketLot" : "1",
    "industryPeRatio" : "7.42",
    "eps" : "-",
    "pcRatio" : "-",
    "bookPrice" : "0.08",
    "dividendYield" : "-",
    "faceValue" : "10.00",
    "deliverables" : "100.00"
  }
}