{
  "url" : "https://www.moneycontrol.com/india/stockpricequote/auto-ancillaries/indianipponelectricals/INE",
  "companyName" : "India Nippon Electricals Ltd.",
  "breadCrumb" : "Moneycontrol / Market / Share/Stock Price / Auto Ancillaries",
  "bseNseNames" : "BSE: 532240 | NSE: INDNIPPON |",
  "seriesLink" : "EQ",
  "isinLink" : "INE092B01025",
  "sectorLink" : "Moneycontrol / Market / Share/Stock Price / Auto Ancillaries",
  "sectorTitle" : "AUTO ANCILLARIES",
  "bseData" : {
    "bsePrice" : "198.00",
    "bseVolume" : "771",
    "bsePrevClose" : "198.05",
    "bseOpenPrice" : "",
    "bseTodaysLow" : "196.05",
    "bseTodaysHigh" : "209.00",
    "bse52WeekLow" : "163.05",
    "bse52WeekHigh" : "481.55",
    "bseLowerPriceBand" : "158.45",
    "bseUpperPriceBand" : "237.65"
  },
  "nseData" : {
    "nsePrice" : "199.35",
    "nseVolume" : "11,744",
    "nsePrevClose" : "",
    "nseOpenPrice" : "",
    "nseTodaysLow" : "196.55",
    "nseTodaysHigh" : "205.00",
    "nse52WeekLow" : "167.15",
    "nse52WeekHigh" : "480.00",
    "nseLowerPriceBand" : "158.70",
    "nseUpperPriceBand" : "238.00"
  },
  "companyValuation" : {
    "marketCapital" : "447.90",
    "peRatio" : "7.37",
    "bookValue" : "177.38",
    "dividend" : "140.00",
    "marketLot" : "1",
    "industryPeRatio" : "23.79",
    "eps" : "27.06",
    "pcRatio" : "6.54",
    "bookPrice" : "1.12",
    "dividendYield" : "3.54",
    "faceValue" : "5.00",
    "deliverables" : "60.40"
  }
}