{
  "url" : "https://www.moneycontrol.com/india/stockpricequote/finance-general/indostarcapitalfinance/ICF",
  "companyName" : "Indostar Capital Finance Ltd.",
  "breadCrumb" : "Moneycontrol / Market / Share/Stock Price / Finance - General",
  "bseNseNames" : "BSE: 541336 | NSE: INDOSTAR |",
  "seriesLink" : "EQ",
  "isinLink" : "INE896L01010",
  "sectorLink" : "Moneycontrol / Market / Share/Stock Price / Finance - General",
  "sectorTitle" : "FINANCE - GENERAL",
  "bseData" : {
    "bsePrice" : "254.55",
    "bseVolume" : "352",
    "bsePrevClose" : "253.95",
    "bseOpenPrice" : "",
    "bseTodaysLow" : "245.00",
    "bseTodaysHigh" : "256.00",
    "bse52WeekLow" : "166.00",
    "bse52WeekHigh" : "429.75",
    "bseLowerPriceBand" : "203.20",
    "bseUpperPriceBand" : "304.70"
  },
  "nseData" : {
    "nsePrice" : "253.65",
    "nseVolume" : "242,806",
    "nsePrevClose" : "",
    "nseOpenPrice" : "",
    "nseTodaysLow" : "250.60",
    "nseTodaysHigh" : "255.90",
    "nse52WeekLow" : "166.00",
    "nse52WeekHigh" : "429.50",
    "nseLowerPriceBand" : "202.70",
    "nseUpperPriceBand" : "304.00"
  },
  "companyValuation" : {
    "marketCapital" : "2,353.34",
    "peRatio" : "15.56",
    "bookValue" : "327.75",
    "dividend" : "20.00",
    "marketLot" : "1",
    "industryPeRatio" : "23.58",
    "eps" : "16.3",
    "pcRatio" : "14.01",
    "bookPrice" : "0.78",
    "dividendYield" : "0.79",
    "faceValue" : "10.00",
    "deliverables" : "48.73"
  }
}