{
  "url" : "https://www.moneycontrol.com/india/stockpricequote/miscellaneous/indosolar/I03",
  "companyName" : "Indosolar Ltd.",
  "breadCrumb" : "Moneycontrol / Market / Share/Stock Price / Miscellaneous",
  "bseNseNames" : "BSE: 533257 | NSE: INDOSOLAR | SERIES: BZ | ISIN: INE866K01015 | SECTOR: MISCELLANEOUSMISCELLANEOUS",
  "seriesLink" : "BZ",
  "isinLink" : "INE866K01015",
  "sectorLink" : "Moneycontrol / Market / Share/Stock Price / Miscellaneous",
  "sectorTitle" : "MISCELLANEOUS",
  "bseData" : {
    "bsePrice" : "0.55",
    "bseVolume" : "100",
    "bsePrevClose" : "0.55",
    "bseOpenPrice" : "",
    "bseTodaysLow" : "0.55",
    "bseTodaysHigh" : "0.55",
    "bse52WeekLow" : "0.33",
    "bse52WeekHigh" : "2.20",
    "bseLowerPriceBand" : "0.53",
    "bseUpperPriceBand" : "0.57"
  },
  "nseData" : {
    "nsePrice" : "0.60",
    "nseVolume" : "39,526",
    "nsePrevClose" : "",
    "nseOpenPrice" : "",
    "nseTodaysLow" : "0.55",
    "nseTodaysHigh" : "0.60",
    "nse52WeekLow" : "0.25",
    "nse52WeekHigh" : "2.20",
    "nseLowerPriceBand" : "0.50",
    "nseUpperPriceBand" : "0.60"
  },
  "companyValuation" : {
    "marketCapital" : "20.46",
    "peRatio" : "-",
    "bookValue" : "-12.37",
    "dividend" : "0.00",
    "marketLot" : "1",
    "industryPeRatio" : "0.00",
    "eps" : "-",
    "pcRatio" : "-",
    "bookPrice" : "-",
    "dividendYield" : "-",
    "faceValue" : "10.00",
    "deliverables" : "70.58"
  }
}