{
  "url" : "https://www.moneycontrol.com/india/stockpricequote/power-transmissionequipment/indotechtransformers/ITT02",
  "companyName" : "Indo Tech Transformers Ltd.",
  "breadCrumb" : "Moneycontrol / Market / Share/Stock Price / Power - Transmission & Equipment",
  "bseNseNames" : "BSE: 532717 | NSE: INDOTECH |",
  "seriesLink" : "EQ",
  "isinLink" : "INE332H01014",
  "sectorLink" : "Moneycontrol / Market / Share/Stock Price / Power - Transmission & Equipment",
  "sectorTitle" : "POWER - TRANSMISSION & EQUIPMENT",
  "bseData" : {
    "bsePrice" : "86.40",
    "bseVolume" : "400",
    "bsePrevClose" : "90.90",
    "bseOpenPrice" : "",
    "bseTodaysLow" : "86.40",
    "bseTodaysHigh" : "86.40",
    "bse52WeekLow" : "70.20",
    "bse52WeekHigh" : "144.50",
    "bseLowerPriceBand" : "86.40",
    "bseUpperPriceBand" : "95.40"
  },
  "nseData" : {
    "nsePrice" : "78.00",
    "nseVolume" : "250",
    "nsePrevClose" : "",
    "nseOpenPrice" : "",
    "nseTodaysLow" : "78.00",
    "nseTodaysHigh" : "78.40",
    "nse52WeekLow" : "69.65",
    "nse52WeekHigh" : "145.00",
    "nseLowerPriceBand" : "74.50",
    "nseUpperPriceBand" : "82.30"
  },
  "companyValuation" : {
    "marketCapital" : "91.76",
    "peRatio" : "27.18",
    "bookValue" : "117.86",
    "dividend" : "0.00",
    "marketLot" : "1",
    "industryPeRatio" : "10.40",
    "eps" : "2.87",
    "pcRatio" : "10.05",
    "bookPrice" : "0.73",
    "dividendYield" : "-",
    "faceValue" : "10.00",
    "deliverables" : "30.49"
  }
}