{
  "url" : "https://www.moneycontrol.com/india/stockpricequote/finance-general/indothaisecurities/ITS",
  "companyName" : "Indo Thai Securities Ltd.",
  "breadCrumb" : "Moneycontrol / Market / Share/Stock Price / Finance - General",
  "bseNseNames" : "BSE: 533676 | NSE: INDOTHAI |",
  "seriesLink" : "EQ",
  "isinLink" : "INE337M01013",
  "sectorLink" : "Moneycontrol / Market / Share/Stock Price / Finance - General",
  "sectorTitle" : "FINANCE - GENERAL",
  "bseData" : {
    "bsePrice" : "14.95",
    "bseVolume" : "329",
    "bsePrevClose" : "14.50",
    "bseOpenPrice" : "",
    "bseTodaysLow" : "14.59",
    "bseTodaysHigh" : "16.53",
    "bse52WeekLow" : "12.90",
    "bse52WeekHigh" : "38.75",
    "bseLowerPriceBand" : "11.60",
    "bseUpperPriceBand" : "17.40"
  },
  "nseData" : {
    "nsePrice" : "15.30",
    "nseVolume" : "1,720",
    "nsePrevClose" : "",
    "nseOpenPrice" : "",
    "nseTodaysLow" : "15.10",
    "nseTodaysHigh" : "16.10",
    "nse52WeekLow" : "12.45",
    "nse52WeekHigh" : "36.40",
    "nseLowerPriceBand" : "12.60",
    "nseUpperPriceBand" : "18.90"
  },
  "companyValuation" : {
    "marketCapital" : "14.95",
    "peRatio" : "66.52",
    "bookValue" : "54.99",
    "dividend" : "10.00",
    "marketLot" : "1",
    "industryPeRatio" : "23.58",
    "eps" : "0.23",
    "pcRatio" : "20.13",
    "bookPrice" : "0.27",
    "dividendYield" : "6.69",
    "faceValue" : "10.00",
    "deliverables" : "64.31"
  }
}