{
  "url" : "https://www.moneycontrol.com/india/stockpricequote/hospitalsmedical-services/indraprasthamedicalcorporation/IMC03",
  "companyName" : "Indraprastha Medical Corporation Ltd.",
  "breadCrumb" : "Moneycontrol / Market / Share/Stock Price / Hospitals & Medical Services",
  "bseNseNames" : "BSE: 532150 | NSE: INDRAMEDCO |",
  "seriesLink" : "EQ",
  "isinLink" : "INE681B01017",
  "sectorLink" : "Moneycontrol / Market / Share/Stock Price / Hospitals & Medical Services",
  "sectorTitle" : "HOSPITALS & MEDICAL SERVICES",
  "bseData" : {
    "bsePrice" : "35.00",
    "bseVolume" : "31,301",
    "bsePrevClose" : "35.25",
    "bseOpenPrice" : "",
    "bseTodaysLow" : "33.60",
    "bseTodaysHigh" : "36.80",
    "bse52WeekLow" : "27.45",
    "bse52WeekHigh" : "52.40",
    "bseLowerPriceBand" : "28.20",
    "bseUpperPriceBand" : "42.30"
  },
  "nseData" : {
    "nsePrice" : "34.25",
    "nseVolume" : "116,221",
    "nsePrevClose" : "",
    "nseOpenPrice" : "",
    "nseTodaysLow" : "33.30",
    "nseTodaysHigh" : "35.50",
    "nse52WeekLow" : "28.00",
    "nse52WeekHigh" : "52.50",
    "nseLowerPriceBand" : "28.20",
    "nseUpperPriceBand" : "42.30"
  },
  "companyValuation" : {
    "marketCapital" : "320.86",
    "peRatio" : "7.09",
    "bookValue" : "26.62",
    "dividend" : "16.00",
    "marketLot" : "1",
    "industryPeRatio" : "53.14",
    "eps" : "4.83",
    "pcRatio" : "4.24",
    "bookPrice" : "1.31",
    "dividendYield" : "4.57",
    "faceValue" : "10.00",
    "deliverables" : "66.79"
  }
}