{
  "url" : "https://www.moneycontrol.com/india/stockpricequote/pharmaceuticals/ind-swift/IS02",
  "companyName" : "Ind-Swift Ltd.",
  "breadCrumb" : "Moneycontrol / Market / Share/Stock Price / Pharmaceuticals",
  "bseNseNames" : "BSE: 524652 | NSE: INDSWFTLTD |",
  "seriesLink" : "EQ",
  "isinLink" : "INE788B01028",
  "sectorLink" : "Moneycontrol / Market / Share/Stock Price / Pharmaceuticals",
  "sectorTitle" : "PHARMACEUTICALS",
  "bseData" : {
    "bsePrice" : "2.50",
    "bseVolume" : "7,193",
    "bsePrevClose" : "2.40",
    "bseOpenPrice" : "",
    "bseTodaysLow" : "2.50",
    "bseTodaysHigh" : "2.52",
    "bse52WeekLow" : "2.05",
    "bse52WeekHigh" : "5.94",
    "bseLowerPriceBand" : "2.28",
    "bseUpperPriceBand" : "2.52"
  },
  "nseData" : {
    "nsePrice" : "2.40",
    "nseVolume" : "820",
    "nsePrevClose" : "",
    "nseOpenPrice" : "",
    "nseTodaysLow" : "2.35",
    "nseTodaysHigh" : "2.40",
    "nse52WeekLow" : "1.90",
    "nse52WeekHigh" : "6.00",
    "nseLowerPriceBand" : "2.20",
    "nseUpperPriceBand" : "2.40"
  },
  "companyValuation" : {
    "marketCapital" : "13.54",
    "peRatio" : "-",
    "bookValue" : "-124.86",
    "dividend" : "0.00",
    "marketLot" : "1",
    "industryPeRatio" : "32.25",
    "eps" : "-",
    "pcRatio" : "0.39",
    "bookPrice" : "-",
    "dividendYield" : "-",
    "faceValue" : "2.00",
    "deliverables" : "100.00"
  }
}