{
  "url" : "https://www.moneycontrol.com/india/stockpricequote/pharmaceuticals/ind-swiftlaboratories/ISL",
  "companyName" : "Ind-Swift Laboratories Ltd.",
  "breadCrumb" : "Moneycontrol / Market / Share/Stock Price / Pharmaceuticals",
  "bseNseNames" : "BSE: 532305 | NSE: INDSWFTLAB |",
  "seriesLink" : "BE",
  "isinLink" : "INE915B01019",
  "sectorLink" : "Moneycontrol / Market / Share/Stock Price / Pharmaceuticals",
  "sectorTitle" : "PHARMACEUTICALS",
  "bseData" : {
    "bsePrice" : "23.45",
    "bseVolume" : "7,731",
    "bsePrevClose" : "22.40",
    "bseOpenPrice" : "",
    "bseTodaysLow" : "21.50",
    "bseTodaysHigh" : "23.50",
    "bse52WeekLow" : "15.25",
    "bse52WeekHigh" : "47.60",
    "bseLowerPriceBand" : "21.30",
    "bseUpperPriceBand" : "23.50"
  },
  "nseData" : {
    "nsePrice" : "23.35",
    "nseVolume" : "38,257",
    "nsePrevClose" : "",
    "nseOpenPrice" : "",
    "nseTodaysLow" : "21.60",
    "nseTodaysHigh" : "23.70",
    "nse52WeekLow" : "15.00",
    "nse52WeekHigh" : "49.60",
    "nseLowerPriceBand" : "21.55",
    "nseUpperPriceBand" : "23.75"
  },
  "companyValuation" : {
    "marketCapital" : "111.55",
    "peRatio" : "-",
    "bookValue" : "76.41",
    "dividend" : "0.00",
    "marketLot" : "1",
    "industryPeRatio" : "32.25",
    "eps" : "-",
    "pcRatio" : "2.62",
    "bookPrice" : "0.31",
    "dividendYield" : "-",
    "faceValue" : "10.00",
    "deliverables" : "68.87"
  }
}