{
  "url" : "https://www.moneycontrol.com/india/stockpricequote/textiles-readymade-apparels/indianterrainfashions/ITF",
  "companyName" : "Indian Terrain Fashions Ltd.",
  "breadCrumb" : "Moneycontrol / Market / Share/Stock Price / Textiles - Readymade Apparels",
  "bseNseNames" : "BSE: 533329 | NSE: INDTERRAIN |",
  "seriesLink" : "EQ",
  "isinLink" : "INE611L01021",
  "sectorLink" : "Moneycontrol / Market / Share/Stock Price / Textiles - Readymade Apparels",
  "sectorTitle" : "TEXTILES - READYMADE APPARELS",
  "bseData" : {
    "bsePrice" : "29.10",
    "bseVolume" : "4,069",
    "bsePrevClose" : "27.00",
    "bseOpenPrice" : "",
    "bseTodaysLow" : "26.90",
    "bseTodaysHigh" : "29.50",
    "bse52WeekLow" : "23.40",
    "bse52WeekHigh" : "142.00",
    "bseLowerPriceBand" : "24.30",
    "bseUpperPriceBand" : "29.70"
  },
  "nseData" : {
    "nsePrice" : "28.90",
    "nseVolume" : "12,500",
    "nsePrevClose" : "",
    "nseOpenPrice" : "",
    "nseTodaysLow" : "25.25",
    "nseTodaysHigh" : "29.50",
    "nse52WeekLow" : "23.15",
    "nse52WeekHigh" : "143.00",
    "nseLowerPriceBand" : "24.55",
    "nseUpperPriceBand" : "29.95"
  },
  "companyValuation" : {
    "marketCapital" : "110.41",
    "peRatio" : "7.35",
    "bookValue" : "60.54",
    "dividend" : "0.00",
    "marketLot" : "1",
    "industryPeRatio" : "25.51",
    "eps" : "3.93",
    "pcRatio" : "5.36",
    "bookPrice" : "0.48",
    "dividendYield" : "-",
    "faceValue" : "2.00",
    "deliverables" : "87.33"
  }
}