{
  "url" : "https://www.moneycontrol.com/india/stockpricequote/banks-private-sector/indusindbank/IIB",
  "companyName" : "IndusInd Bank Ltd.",
  "breadCrumb" : "Moneycontrol / Market / Share/Stock Price / Banks - Private Sector",
  "bseNseNames" : "BSE: 532187 | NSE: INDUSINDBK |",
  "seriesLink" : "EQ",
  "isinLink" : "INE095A01012",
  "sectorLink" : "Moneycontrol / Market / Share/Stock Price / Banks - Private Sector",
  "sectorTitle" : "BANKS - PRIVATE SECTOR",
  "bseData" : {
    "bsePrice" : "398.75",
    "bseVolume" : "3,214,249",
    "bsePrevClose" : "384.05",
    "bseOpenPrice" : "",
    "bseTodaysLow" : "362.20",
    "bseTodaysHigh" : "441.65",
    "bse52WeekLow" : "235.60",
    "bse52WeekHigh" : "1822.15",
    "bseLowerPriceBand" : "345.65",
    "bseUpperPriceBand" : "460.85"
  },
  "nseData" : {
    "nsePrice" : "399.15",
    "nseVolume" : "56,093,740",
    "nsePrevClose" : "",
    "nseOpenPrice" : "",
    "nseTodaysLow" : "362.00",
    "nseTodaysHigh" : "441.40",
    "nse52WeekLow" : "235.55",
    "nse52WeekHigh" : "1823.75",
    "nseLowerPriceBand" : "345.50",
    "nseUpperPriceBand" : "422.20"
  },
  "companyValuation" : {
    "marketCapital" : "27,654.74",
    "peRatio" : "6.18",
    "bookValue" : "381.24",
    "dividend" : "75.00",
    "marketLot" : "1",
    "industryPeRatio" : "25.53",
    "eps" : "64.54",
    "pcRatio" : "5.88",
    "bookPrice" : "1.05",
    "dividendYield" : "1.88",
    "faceValue" : "10.00",
    "deliverables" : "33.63"
  }
}