{
  "url" : "https://www.moneycontrol.com/india/stockpricequote/petrochemicals/ineosstyrolutionindia/INE01",
  "companyName" : "INEOS Styrolution India Ltd.",
  "breadCrumb" : "Moneycontrol / Market / Share/Stock Price / Petrochemicals",
  "bseNseNames" : "BSE: 506222 | NSE: INEOSSTYRO |",
  "seriesLink" : "EQ",
  "isinLink" : "INE189B01011",
  "sectorLink" : "Moneycontrol / Market / Share/Stock Price / Petrochemicals",
  "sectorTitle" : "PETROCHEMICALS",
  "bseData" : {
    "bsePrice" : "544.85",
    "bseVolume" : "2,366",
    "bsePrevClose" : "553.20",
    "bseOpenPrice" : "",
    "bseTodaysLow" : "539.00",
    "bseTodaysHigh" : "545.05",
    "bse52WeekLow" : "365.00",
    "bse52WeekHigh" : "803.95",
    "bseLowerPriceBand" : "442.60",
    "bseUpperPriceBand" : "663.80"
  },
  "nseData" : {
    "nsePrice" : "556.45",
    "nseVolume" : "2,392",
    "nsePrevClose" : "",
    "nseOpenPrice" : "",
    "nseTodaysLow" : "516.60",
    "nseTodaysHigh" : "560.95",
    "nse52WeekLow" : "365.00",
    "nse52WeekHigh" : "804.00",
    "nseLowerPriceBand" : "439.60",
    "nseUpperPriceBand" : "659.40"
  },
  "companyValuation" : {
    "marketCapital" : "958.15",
    "peRatio" : "-",
    "bookValue" : "354.41",
    "dividend" : "20.00",
    "marketLot" : "1",
    "industryPeRatio" : "18.41",
    "eps" : "-",
    "pcRatio" : "-",
    "bookPrice" : "1.54",
    "dividendYield" : "0.37",
    "faceValue" : "10.00",
    "deliverables" : "86.20"
  }
}