{
  "url" : "https://www.moneycontrol.com/india/stockpricequote/miscellaneous/infibeamavenues/IIL03",
  "companyName" : "Infibeam Avenues Ltd.",
  "breadCrumb" : "Moneycontrol / Market / Share/Stock Price / Miscellaneous",
  "bseNseNames" : "BSE: 539807 | NSE: INFIBEAM |",
  "seriesLink" : "EQ",
  "isinLink" : "INE483S01020",
  "sectorLink" : "Moneycontrol / Market / Share/Stock Price / Miscellaneous",
  "sectorTitle" : "MISCELLANEOUS",
  "bseData" : {
    "bsePrice" : "35.65",
    "bseVolume" : "91,196",
    "bsePrevClose" : "39.60",
    "bseOpenPrice" : "",
    "bseTodaysLow" : "35.65",
    "bseTodaysHigh" : "41.55",
    "bse52WeekLow" : "26.55",
    "bse52WeekHigh" : "61.25",
    "bseLowerPriceBand" : "35.65",
    "bseUpperPriceBand" : "43.55"
  },
  "nseData" : {
    "nsePrice" : "35.65",
    "nseVolume" : "2,004,164",
    "nsePrevClose" : "",
    "nseOpenPrice" : "",
    "nseTodaysLow" : "35.65",
    "nseTodaysHigh" : "41.65",
    "nse52WeekLow" : "26.40",
    "nse52WeekHigh" : "61.25",
    "nseLowerPriceBand" : "35.65",
    "nseUpperPriceBand" : "43.55"
  },
  "companyValuation" : {
    "marketCapital" : "2,369.73",
    "peRatio" : "38.33",
    "bookValue" : "38.60",
    "dividend" : "0.00",
    "marketLot" : "1",
    "industryPeRatio" : "18.30",
    "eps" : "0.93",
    "pcRatio" : "21.87",
    "bookPrice" : "0.92",
    "dividendYield" : "-",
    "faceValue" : "1.00",
    "deliverables" : "46.72"
  }
}