{
  "url" : "https://www.moneycontrol.com/india/stockpricequote/computers-software/infosys/IT",
  "companyName" : "Infosys Ltd.",
  "breadCrumb" : "Moneycontrol / Market / Share/Stock Price / Computers - Software",
  "bseNseNames" : "BSE: 500209 | NSE: INFY |",
  "seriesLink" : "EQ",
  "isinLink" : "INE009A01021",
  "sectorLink" : "Moneycontrol / Market / Share/Stock Price / Computers - Software",
  "sectorTitle" : "COMPUTERS - SOFTWARE",
  "bseData" : {
    "bsePrice" : "631.70",
    "bseVolume" : "588,592",
    "bsePrevClose" : "641.10",
    "bseOpenPrice" : "",
    "bseTodaysLow" : "626.75",
    "bseTodaysHigh" : "655.20",
    "bse52WeekLow" : "511.10",
    "bse52WeekHigh" : "847.40",
    "bseLowerPriceBand" : "577.00",
    "bseUpperPriceBand" : "705.20"
  },
  "nseData" : {
    "nsePrice" : "631.60",
    "nseVolume" : "11,806,901",
    "nsePrevClose" : "",
    "nseOpenPrice" : "",
    "nseTodaysLow" : "626.35",
    "nseTodaysHigh" : "655.65",
    "nse52WeekLow" : "509.25",
    "nse52WeekHigh" : "847.00",
    "nseLowerPriceBand" : "575.10",
    "nseUpperPriceBand" : "702.90"
  },
  "companyValuation" : {
    "marketCapital" : "269,034.98",
    "peRatio" : "17.59",
    "bookValue" : "147.13",
    "dividend" : "430.00",
    "marketLot" : "1",
    "industryPeRatio" : "18.30",
    "eps" : "35.91",
    "pcRatio" : "15.92",
    "bookPrice" : "4.29",
    "dividendYield" : "3.40",
    "faceValue" : "5.00",
    "deliverables" : "58.40"
  }
}