{
  "url" : "https://www.moneycontrol.com/india/stockpricequote/compressors/ingersollrandindia/IRI01",
  "companyName" : "Ingersoll Rand (India) Ltd.",
  "breadCrumb" : "Moneycontrol / Market / Share/Stock Price / Compressors",
  "bseNseNames" : "BSE: 500210 | NSE: INGERRAND |",
  "seriesLink" : "EQ",
  "isinLink" : "INE177A01018",
  "sectorLink" : "Moneycontrol / Market / Share/Stock Price / Compressors",
  "sectorTitle" : "COMPRESSORS",
  "bseData" : {
    "bsePrice" : "628.00",
    "bseVolume" : "808",
    "bsePrevClose" : "622.60",
    "bseOpenPrice" : "",
    "bseTodaysLow" : "620.00",
    "bseTodaysHigh" : "629.70",
    "bse52WeekLow" : "569.00",
    "bse52WeekHigh" : "729.00",
    "bseLowerPriceBand" : "498.10",
    "bseUpperPriceBand" : "747.10"
  },
  "nseData" : {
    "nsePrice" : "626.70",
    "nseVolume" : "6,708",
    "nsePrevClose" : "",
    "nseOpenPrice" : "",
    "nseTodaysLow" : "619.10",
    "nseTodaysHigh" : "628.70",
    "nse52WeekLow" : "571.25",
    "nse52WeekHigh" : "729.85",
    "nseLowerPriceBand" : "499.40",
    "nseUpperPriceBand" : "749.00"
  },
  "companyValuation" : {
    "marketCapital" : "1,982.47",
    "peRatio" : "24.07",
    "bookValue" : "132.59",
    "dividend" : "60.00",
    "marketLot" : "1",
    "industryPeRatio" : "18.03",
    "eps" : "26.04",
    "pcRatio" : "21.14",
    "bookPrice" : "4.74",
    "dividendYield" : "0.96",
    "faceValue" : "10.00",
    "deliverables" : "59.16"
  }
}