{
  "url" : "https://www.moneycontrol.com/india/stockpricequote/mediaentertainment/inoxleisure/INO01",
  "companyName" : "INOX Leisure Ltd.",
  "breadCrumb" : "Moneycontrol / Market / Share/Stock Price / Media & Entertainment",
  "bseNseNames" : "BSE: 532706 | NSE: INOXLEISUR |",
  "seriesLink" : "EQ",
  "isinLink" : "INE312H01016",
  "sectorLink" : "Moneycontrol / Market / Share/Stock Price / Media & Entertainment",
  "sectorTitle" : "MEDIA & ENTERTAINMENT",
  "bseData" : {
    "bsePrice" : "235.20",
    "bseVolume" : "44,424",
    "bsePrevClose" : "238.05",
    "bseOpenPrice" : "",
    "bseTodaysLow" : "232.90",
    "bseTodaysHigh" : "253.95",
    "bse52WeekLow" : "231.20",
    "bse52WeekHigh" : "510.80",
    "bseLowerPriceBand" : "214.25",
    "bseUpperPriceBand" : "261.85"
  },
  "nseData" : {
    "nsePrice" : "235.20",
    "nseVolume" : "660,058",
    "nsePrevClose" : "",
    "nseOpenPrice" : "",
    "nseTodaysLow" : "233.00",
    "nseTodaysHigh" : "250.00",
    "nse52WeekLow" : "231.50",
    "nse52WeekHigh" : "511.80",
    "nseLowerPriceBand" : "214.00",
    "nseUpperPriceBand" : "261.50"
  },
  "companyValuation" : {
    "marketCapital" : "2,419.21",
    "peRatio" : "16.66",
    "bookValue" : "93.73",
    "dividend" : "0.00",
    "marketLot" : "1",
    "industryPeRatio" : "10.82",
    "eps" : "14.12",
    "pcRatio" : "10.02",
    "bookPrice" : "2.51",
    "dividendYield" : "-",
    "faceValue" : "10.00",
    "deliverables" : "66.04"
  }
}