{
  "url" : "https://www.moneycontrol.com/india/stockpricequote/power-generationdistribution/inoxwind/IW",
  "companyName" : "Inox Wind Ltd.",
  "breadCrumb" : "Moneycontrol / Market / Share/Stock Price / Power - Generation & Distribution",
  "bseNseNames" : "BSE: 539083 | NSE: INOXWIND |",
  "seriesLink" : "EQ",
  "isinLink" : "INE066P01011",
  "sectorLink" : "Moneycontrol / Market / Share/Stock Price / Power - Generation & Distribution",
  "sectorTitle" : "POWER - GENERATION & DISTRIBUTION",
  "bseData" : {
    "bsePrice" : "19.90",
    "bseVolume" : "7,808",
    "bsePrevClose" : "19.25",
    "bseOpenPrice" : "",
    "bseTodaysLow" : "19.80",
    "bseTodaysHigh" : "21.00",
    "bse52WeekLow" : "16.00",
    "bse52WeekHigh" : "74.80",
    "bseLowerPriceBand" : "17.35",
    "bseUpperPriceBand" : "21.15"
  },
  "nseData" : {
    "nsePrice" : "20.00",
    "nseVolume" : "67,886",
    "nsePrevClose" : "",
    "nseOpenPrice" : "",
    "nseTodaysLow" : "19.25",
    "nseTodaysHigh" : "20.45",
    "nse52WeekLow" : "16.00",
    "nse52WeekHigh" : "75.00",
    "nseLowerPriceBand" : "17.55",
    "nseUpperPriceBand" : "21.35"
  },
  "companyValuation" : {
    "marketCapital" : "441.62",
    "peRatio" : "-",
    "bookValue" : "90.61",
    "dividend" : "0.00",
    "marketLot" : "1",
    "industryPeRatio" : "9.29",
    "eps" : "-",
    "pcRatio" : "-",
    "bookPrice" : "0.22",
    "dividendYield" : "-",
    "faceValue" : "10.00",
    "deliverables" : "64.50"
  }
}