{
  "url" : "https://www.moneycontrol.com/india/stockpricequote/pesticidesagro-chemicals/insecticidesindia/II16",
  "companyName" : "Insecticides India Ltd.",
  "breadCrumb" : "Moneycontrol / Market / Share/Stock Price / Pesticides & Agro Chemicals",
  "bseNseNames" : "BSE: 532851 | NSE: INSECTICID |",
  "seriesLink" : "EQ",
  "isinLink" : "INE070I01018",
  "sectorLink" : "Moneycontrol / Market / Share/Stock Price / Pesticides & Agro Chemicals",
  "sectorTitle" : "PESTICIDES & AGRO CHEMICALS",
  "bseData" : {
    "bsePrice" : "325.35",
    "bseVolume" : "1,206",
    "bsePrevClose" : "309.90",
    "bseOpenPrice" : "",
    "bseTodaysLow" : "309.90",
    "bseTodaysHigh" : "325.35",
    "bse52WeekLow" : "207.00",
    "bse52WeekHigh" : "740.00",
    "bseLowerPriceBand" : "294.45",
    "bseUpperPriceBand" : "325.35"
  },
  "nseData" : {
    "nsePrice" : "330.15",
    "nseVolume" : "8,645",
    "nsePrevClose" : "",
    "nseOpenPrice" : "",
    "nseTodaysLow" : "311.00",
    "nseTodaysHigh" : "330.15",
    "nse52WeekLow" : "206.40",
    "nse52WeekHigh" : "739.95",
    "nseLowerPriceBand" : "298.75",
    "nseUpperPriceBand" : "330.15"
  },
  "companyValuation" : {
    "marketCapital" : "672.43",
    "peRatio" : "5.6",
    "bookValue" : "319.99",
    "dividend" : "20.00",
    "marketLot" : "1",
    "industryPeRatio" : "34.66",
    "eps" : "58.99",
    "pcRatio" : "4.82",
    "bookPrice" : "1.02",
    "dividendYield" : "0.61",
    "faceValue" : "10.00",
    "deliverables" : "93.41"
  }
}