{
  "url" : "https://www.moneycontrol.com/india/stockpricequote/computers-software-mediumsmall/inspirisyssolutions/AF29",
  "companyName" : "Inspirisys Solutions Ltd.",
  "breadCrumb" : "Moneycontrol / Market / Share/Stock Price / Computers - Software Medium & Small",
  "bseNseNames" : "BSE: 532774 | NSE: INSPIRISYS |",
  "seriesLink" : "EQ",
  "isinLink" : "INE020G01017",
  "sectorLink" : "Moneycontrol / Market / Share/Stock Price / Computers - Software Medium & Small",
  "sectorTitle" : "COMPUTERS - SOFTWARE MEDIUM & SMALL",
  "bseData" : {
    "bsePrice" : "20.45",
    "bseVolume" : "45",
    "bsePrevClose" : "20.00",
    "bseOpenPrice" : "",
    "bseTodaysLow" : "20.45",
    "bseTodaysHigh" : "21.45",
    "bse52WeekLow" : "17.60",
    "bse52WeekHigh" : "59.95",
    "bseLowerPriceBand" : "18.00",
    "bseUpperPriceBand" : "22.00"
  },
  "nseData" : {
    "nsePrice" : "20.00",
    "nseVolume" : "1,968",
    "nsePrevClose" : "",
    "nseOpenPrice" : "",
    "nseTodaysLow" : "19.50",
    "nseTodaysHigh" : "20.70",
    "nse52WeekLow" : "16.45",
    "nse52WeekHigh" : "57.10",
    "nseLowerPriceBand" : "17.65",
    "nseUpperPriceBand" : "21.55"
  },
  "companyValuation" : {
    "marketCapital" : "81.02",
    "peRatio" : "9.62",
    "bookValue" : "10.22",
    "dividend" : "0.00",
    "marketLot" : "1",
    "industryPeRatio" : "18.30",
    "eps" : "2.08",
    "pcRatio" : "6.21",
    "bookPrice" : "2.00",
    "dividendYield" : "-",
    "faceValue" : "10.00",
    "deliverables" : "80.77"
  }
}