{
  "url" : "https://www.moneycontrol.com/india/stockpricequote/computers-software-mediumsmall/intensetechnologies/FI17",
  "companyName" : "Intense Technologies Ltd.",
  "breadCrumb" : "Moneycontrol / Market / Share/Stock Price / Computers - Software Medium & Small",
  "bseNseNames" : "BSE: 532326 | NSE: INTENTECH |",
  "seriesLink" : "EQ",
  "isinLink" : "INE781A01025",
  "sectorLink" : "Moneycontrol / Market / Share/Stock Price / Computers - Software Medium & Small",
  "sectorTitle" : "COMPUTERS - SOFTWARE MEDIUM & SMALL",
  "bseData" : {
    "bsePrice" : "15.40",
    "bseVolume" : "326",
    "bsePrevClose" : "14.42",
    "bseOpenPrice" : "",
    "bseTodaysLow" : "14.20",
    "bseTodaysHigh" : "15.51",
    "bse52WeekLow" : "9.95",
    "bse52WeekHigh" : "43.55",
    "bseLowerPriceBand" : "11.54",
    "bseUpperPriceBand" : "17.30"
  },
  "nseData" : {
    "nsePrice" : "14.40",
    "nseVolume" : "4,828",
    "nsePrevClose" : "",
    "nseOpenPrice" : "",
    "nseTodaysLow" : "12.80",
    "nseTodaysHigh" : "15.80",
    "nse52WeekLow" : "10.15",
    "nse52WeekHigh" : "43.60",
    "nseLowerPriceBand" : "12.00",
    "nseUpperPriceBand" : "18.00"
  },
  "companyValuation" : {
    "marketCapital" : "34.51",
    "peRatio" : "7.31",
    "bookValue" : "30.27",
    "dividend" : "0.00",
    "marketLot" : "1",
    "industryPeRatio" : "18.30",
    "eps" : "1.97",
    "pcRatio" : "5.12",
    "bookPrice" : "0.51",
    "dividendYield" : "-",
    "faceValue" : "2.00",
    "deliverables" : "86.13"
  }
}