{
  "url" : "https://www.moneycontrol.com/india/stockpricequote/banks-public-sector/indianoverseasbank/IOB",
  "companyName" : "Indian Overseas Bank",
  "breadCrumb" : "Moneycontrol / Market / Share/Stock Price / Banks - Public Sector",
  "bseNseNames" : "BSE: 532388 | NSE: IOB |",
  "seriesLink" : "EQ",
  "isinLink" : "INE565A01014",
  "sectorLink" : "Moneycontrol / Market / Share/Stock Price / Banks - Public Sector",
  "sectorTitle" : "BANKS - PUBLIC SECTOR",
  "bseData" : {
    "bsePrice" : "7.11",
    "bseVolume" : "38,163",
    "bsePrevClose" : "7.00",
    "bseOpenPrice" : "",
    "bseTodaysLow" : "6.95",
    "bseTodaysHigh" : "7.18",
    "bse52WeekLow" : "6.17",
    "bse52WeekHigh" : "15.50",
    "bseLowerPriceBand" : "5.60",
    "bseUpperPriceBand" : "8.40"
  },
  "nseData" : {
    "nsePrice" : "7.05",
    "nseVolume" : "751,375",
    "nsePrevClose" : "",
    "nseOpenPrice" : "",
    "nseTodaysLow" : "6.90",
    "nseTodaysHigh" : "7.20",
    "nse52WeekLow" : "6.05",
    "nse52WeekHigh" : "15.35",
    "nseLowerPriceBand" : "5.60",
    "nseUpperPriceBand" : "8.40"
  },
  "companyValuation" : {
    "marketCapital" : "11,686.70",
    "peRatio" : "-",
    "bookValue" : "14.70",
    "dividend" : "0.00",
    "marketLot" : "1",
    "industryPeRatio" : "105.09",
    "eps" : "-",
    "pcRatio" : "-",
    "bookPrice" : "0.48",
    "dividendYield" : "-",
    "faceValue" : "10.00",
    "deliverables" : "60.57"
  }
}