{
  "url" : "https://www.moneycontrol.com/india/stockpricequote/refineries/indianoilcorporation/IOC",
  "companyName" : "Indian Oil Corporation Ltd.",
  "breadCrumb" : "Moneycontrol / Market / Share/Stock Price / Refineries",
  "bseNseNames" : "BSE: 530965 | NSE: IOC |",
  "seriesLink" : "EQ",
  "isinLink" : "INE242A01010",
  "sectorLink" : "Moneycontrol / Market / Share/Stock Price / Refineries",
  "sectorTitle" : "REFINERIES",
  "bseData" : {
    "bsePrice" : "81.85",
    "bseVolume" : "963,373",
    "bsePrevClose" : "83.00",
    "bseOpenPrice" : "",
    "bseTodaysLow" : "81.40",
    "bseTodaysHigh" : "86.00",
    "bse52WeekLow" : "74.55",
    "bse52WeekHigh" : "170.40",
    "bseLowerPriceBand" : "74.70",
    "bseUpperPriceBand" : "91.30"
  },
  "nseData" : {
    "nsePrice" : "81.75",
    "nseVolume" : "20,433,621",
    "nsePrevClose" : "",
    "nseOpenPrice" : "",
    "nseTodaysLow" : "81.10",
    "nseTodaysHigh" : "86.00",
    "nse52WeekLow" : "74.45",
    "nse52WeekHigh" : "170.75",
    "nseLowerPriceBand" : "74.70",
    "nseUpperPriceBand" : "91.30"
  },
  "companyValuation" : {
    "marketCapital" : "77,054.89",
    "peRatio" : "6.11",
    "bookValue" : "115.67",
    "dividend" : "92.50",
    "marketLot" : "1",
    "industryPeRatio" : "14.64",
    "eps" : "13.38",
    "pcRatio" : "3.83",
    "bookPrice" : "0.71",
    "dividendYield" : "11.30",
    "faceValue" : "10.00",
    "deliverables" : "38.43"
  }
}