{
  "url" : "https://www.moneycontrol.com/india/stockpricequote/pharmaceuticals/iolchemicalspharmaceuticals/IOL01",
  "companyName" : "IOL Chemicals and Pharmaceuticals Ltd.",
  "breadCrumb" : "Moneycontrol / Market / Share/Stock Price / Pharmaceuticals",
  "bseNseNames" : "BSE: 524164 | NSE: IOLCP |",
  "seriesLink" : "EQ",
  "isinLink" : "INE485C01011",
  "sectorLink" : "Moneycontrol / Market / Share/Stock Price / Pharmaceuticals",
  "sectorTitle" : "PHARMACEUTICALS",
  "bseData" : {
    "bsePrice" : "214.00",
    "bseVolume" : "68,681",
    "bsePrevClose" : "203.85",
    "bseOpenPrice" : "",
    "bseTodaysLow" : "214.00",
    "bseTodaysHigh" : "214.00",
    "bse52WeekLow" : "147.35",
    "bse52WeekHigh" : "316.80",
    "bseLowerPriceBand" : "193.70",
    "bseUpperPriceBand" : "214.00"
  },
  "nseData" : {
    "nsePrice" : "213.65",
    "nseVolume" : "23,157",
    "nsePrevClose" : "",
    "nseOpenPrice" : "",
    "nseTodaysLow" : "213.65",
    "nseTodaysHigh" : "213.65",
    "nse52WeekLow" : "146.30",
    "nse52WeekHigh" : "316.50",
    "nseLowerPriceBand" : "193.35",
    "nseUpperPriceBand" : "213.65"
  },
  "companyValuation" : {
    "marketCapital" : "1,217.39",
    "peRatio" : "3.26",
    "bookValue" : "81.74",
    "dividend" : "0.00",
    "marketLot" : "1",
    "industryPeRatio" : "32.25",
    "eps" : "65.51",
    "pcRatio" : "3",
    "bookPrice" : "2.62",
    "dividendYield" : "-",
    "faceValue" : "10.00",
    "deliverables" : "100.00"
  }
}