{
  "url" : "https://www.moneycontrol.com/india/stockpricequote/pharmaceuticals/ipcalaboratories/IL",
  "companyName" : "Ipca Laboratories Ltd.",
  "breadCrumb" : "Moneycontrol / Market / Share/Stock Price / Pharmaceuticals",
  "bseNseNames" : "BSE: 524494 | NSE: IPCALAB |",
  "seriesLink" : "EQ",
  "isinLink" : "INE571A01020",
  "sectorLink" : "Moneycontrol / Market / Share/Stock Price / Pharmaceuticals",
  "sectorTitle" : "PHARMACEUTICALS",
  "bseData" : {
    "bsePrice" : "1615.80",
    "bseVolume" : "169,869",
    "bsePrevClose" : "1524.15",
    "bseOpenPrice" : "",
    "bseTodaysLow" : "1584.00",
    "bseTodaysHigh" : "1821.00",
    "bse52WeekLow" : "844.20",
    "bse52WeekHigh" : "1821.00",
    "bseLowerPriceBand" : "1219.35",
    "bseUpperPriceBand" : "1828.95"
  },
  "nseData" : {
    "nsePrice" : "1616.40",
    "nseVolume" : "2,802,525",
    "nsePrevClose" : "",
    "nseOpenPrice" : "",
    "nseTodaysLow" : "1580.00",
    "nseTodaysHigh" : "1825.00",
    "nse52WeekLow" : "844.65",
    "nse52WeekHigh" : "1825.00",
    "nseLowerPriceBand" : "1220.95",
    "nseUpperPriceBand" : "1831.35"
  },
  "companyValuation" : {
    "marketCapital" : "20,415.97",
    "peRatio" : "32.21",
    "bookValue" : "248.25",
    "dividend" : "150.00",
    "marketLot" : "1",
    "industryPeRatio" : "32.25",
    "eps" : "50.19",
    "pcRatio" : "25.34",
    "bookPrice" : "6.51",
    "dividendYield" : "0.19",
    "faceValue" : "2.00",
    "deliverables" : "45.89"
  }
}