{
  "url" : "https://www.moneycontrol.com/india/stockpricequote/constructioncontracting-civil/irbinvit/II04",
  "companyName" : "IRB InvIT Ltd.",
  "breadCrumb" : "Moneycontrol / Market / Share/Stock Price / Construction & Contracting - Civil",
  "bseNseNames" : "BSE: 540526 | NSE: IRBINVIT | SERIES: IV | ISIN: INE183W23014 | SECTOR: CONSTRUCTION & CONTRACTING - CIVILCONSTRUCTION & CONTRACTING - CIVIL",
  "seriesLink" : "IV",
  "isinLink" : "INE183W23014",
  "sectorLink" : "Moneycontrol / Market / Share/Stock Price / Construction & Contracting - Civil",
  "sectorTitle" : "CONSTRUCTION & CONTRACTING - CIVIL",
  "bseData" : {
    "bsePrice" : "27.00",
    "bseVolume" : "87,500",
    "bsePrevClose" : "28.39",
    "bseOpenPrice" : "",
    "bseTodaysLow" : "27.00",
    "bseTodaysHigh" : "28.05",
    "bse52WeekLow" : "25.01",
    "bse52WeekHigh" : "68.50",
    "bseLowerPriceBand" : "22.72",
    "bseUpperPriceBand" : "34.06"
  },
  "nseData" : {
    "nsePrice" : "26.99",
    "nseVolume" : "610,000",
    "nsePrevClose" : "",
    "nseOpenPrice" : "",
    "nseTodaysLow" : "26.95",
    "nseTodaysHigh" : "28.50",
    "nse52WeekLow" : "23.25",
    "nse52WeekHigh" : "68.49",
    "nseLowerPriceBand" : "22.57",
    "nseUpperPriceBand" : "33.85"
  },
  "companyValuation" : {
    "marketCapital" : "1,567.35",
    "peRatio" : "3.54",
    "bookValue" : "97.45",
    "dividend" : "0.00",
    "marketLot" : "2500",
    "industryPeRatio" : "10.10",
    "eps" : "7.63",
    "pcRatio" : "3.54",
    "bookPrice" : "0.28",
    "dividendYield" : "-",
    "faceValue" : "97.50",
    "deliverables" : "97.74"
  }
}