{
  "url" : "https://www.moneycontrol.com/india/stockpricequote/engineering-heavy/irconinternational/II07",
  "companyName" : "Ircon International Ltd.",
  "breadCrumb" : "Moneycontrol / Market / Share/Stock Price / Engineering - Heavy",
  "bseNseNames" : "BSE: 541956 | NSE: IRCON |",
  "seriesLink" : "EQ",
  "isinLink" : "INE962Y01021",
  "sectorLink" : "Moneycontrol / Market / Share/Stock Price / Engineering - Heavy",
  "sectorTitle" : "ENGINEERING - HEAVY",
  "bseData" : {
    "bsePrice" : "85.50",
    "bseVolume" : "84,400",
    "bsePrevClose" : "88.60",
    "bseOpenPrice" : "",
    "bseTodaysLow" : "84.35",
    "bseTodaysHigh" : "92.85",
    "bse52WeekLow" : "58.20",
    "bse52WeekHigh" : "119.76",
    "bseLowerPriceBand" : "70.90",
    "bseUpperPriceBand" : "106.30"
  },
  "nseData" : {
    "nsePrice" : "85.55",
    "nseVolume" : "1,043,864",
    "nsePrevClose" : "",
    "nseOpenPrice" : "",
    "nseTodaysLow" : "84.20",
    "nseTodaysHigh" : "93.00",
    "nse52WeekLow" : "58.00",
    "nse52WeekHigh" : "119.80",
    "nseLowerPriceBand" : "71.30",
    "nseUpperPriceBand" : "106.90"
  },
  "companyValuation" : {
    "marketCapital" : "4,020.70",
    "peRatio" : "1.74",
    "bookValue" : "419.93",
    "dividend" : "215.45",
    "marketLot" : "1",
    "industryPeRatio" : "11.59",
    "eps" : "49.22",
    "pcRatio" : "1.7",
    "bookPrice" : "0.20",
    "dividendYield" : "25.20",
    "faceValue" : "10.00",
    "deliverables" : "44.55"
  }
}