{
  "url" : "https://www.moneycontrol.com/india/stockpricequote/misc-commercial-services/irctc-indianrailwaycateringtourismcorp/IRC",
  "companyName" : "IRCTC - Indian Railway Catering & Tourism Corp Ltd.",
  "breadCrumb" : "Moneycontrol / Market / Share/Stock Price / Misc. Commercial Services",
  "bseNseNames" : "BSE: 542830 | NSE: IRCTC |",
  "seriesLink" : "EQ",
  "isinLink" : "INE335Y01012",
  "sectorLink" : "Moneycontrol / Market / Share/Stock Price / Misc. Commercial Services",
  "sectorTitle" : "MISC. COMMERCIAL SERVICES",
  "bseData" : {
    "bsePrice" : "1194.05",
    "bseVolume" : "5,063",
    "bsePrevClose" : "1137.20",
    "bseOpenPrice" : "",
    "bseTodaysLow" : "1194.05",
    "bseTodaysHigh" : "1194.05",
    "bse52WeekLow" : "625.00",
    "bse52WeekHigh" : "1995.00",
    "bseLowerPriceBand" : "1080.35",
    "bseUpperPriceBand" : "1194.05"
  },
  "nseData" : {
    "nsePrice" : "1194.20",
    "nseVolume" : "96,331",
    "nsePrevClose" : "",
    "nseOpenPrice" : "",
    "nseTodaysLow" : "1194.20",
    "nseTodaysHigh" : "1194.20",
    "nse52WeekLow" : "625.00",
    "nse52WeekHigh" : "1994.00",
    "nseLowerPriceBand" : "1080.50",
    "nseUpperPriceBand" : "1194.20"
  },
  "companyValuation" : {
    "marketCapital" : "19,104.80",
    "peRatio" : "44.86",
    "bookValue" : "66.69",
    "dividend" : "76.48",
    "marketLot" : "1",
    "industryPeRatio" : "36.86",
    "eps" : "26.62",
    "pcRatio" : "42.03",
    "bookPrice" : "17.90",
    "dividendYield" : "0.64",
    "faceValue" : "10.00",
    "deliverables" : "76.41"
  }
}