{
  "url" : "https://www.moneycontrol.com/india/stockpricequote/miscellaneous/icicisecuritiesltd/ISL04",
  "companyName" : "ICICI Securities Ltd.",
  "breadCrumb" : "Moneycontrol / Market / Share/Stock Price / Miscellaneous",
  "bseNseNames" : "BSE: 541179 | NSE: ISEC |",
  "seriesLink" : "EQ",
  "isinLink" : "INE763G01038",
  "sectorLink" : "Moneycontrol / Market / Share/Stock Price / Miscellaneous",
  "sectorTitle" : "Miscellaneous",
  "bseData" : {
    "bsePrice" : "297.25",
    "bseVolume" : "59,035",
    "bsePrevClose" : "274.80",
    "bseOpenPrice" : "",
    "bseTodaysLow" : "275.00",
    "bseTodaysHigh" : "302.25",
    "bse52WeekLow" : "191.00",
    "bse52WeekHigh" : "524.75",
    "bseLowerPriceBand" : "247.35",
    "bseUpperPriceBand" : "302.25"
  },
  "nseData" : {
    "nsePrice" : "297.70",
    "nseVolume" : "666,974",
    "nsePrevClose" : "",
    "nseOpenPrice" : "",
    "nseTodaysLow" : "274.75",
    "nseTodaysHigh" : "302.65",
    "nse52WeekLow" : "195.30",
    "nse52WeekHigh" : "524.65",
    "nseLowerPriceBand" : "247.65",
    "nseUpperPriceBand" : "302.65"
  },
  "companyValuation" : {
    "marketCapital" : "9,575.65",
    "peRatio" : "19.02",
    "bookValue" : "32.11",
    "dividend" : "188.00",
    "marketLot" : "1",
    "industryPeRatio" : "23.58",
    "eps" : "15.65",
    "pcRatio" : "18.48",
    "bookPrice" : "9.26",
    "dividendYield" : "3.16",
    "faceValue" : "5.00",
    "deliverables" : "DELIVERY AVERAGES (%)\n3-Day\n77.58\n5-Day\n63.50\n8-Day\n61.89\n82.95"
  }
}