{
  "url" : "https://www.moneycontrol.com/india/stockpricequote/retail/intrasofttechnologies/IT04",
  "companyName" : "Intrasoft Technologies Ltd.",
  "breadCrumb" : "Moneycontrol / Market / Share/Stock Price / Retail",
  "bseNseNames" : "BSE: 533181 | NSE: ISFT |",
  "seriesLink" : "EQ",
  "isinLink" : "INE566K01011",
  "sectorLink" : "Moneycontrol / Market / Share/Stock Price / Retail",
  "sectorTitle" : "RETAIL",
  "bseData" : {
    "bsePrice" : "26.95",
    "bseVolume" : "423",
    "bsePrevClose" : "28.35",
    "bseOpenPrice" : "",
    "bseTodaysLow" : "26.95",
    "bseTodaysHigh" : "28.35",
    "bse52WeekLow" : "26.95",
    "bse52WeekHigh" : "134.00",
    "bseLowerPriceBand" : "26.95",
    "bseUpperPriceBand" : "29.75"
  },
  "nseData" : {
    "nsePrice" : "21.60",
    "nseVolume" : "33,811",
    "nsePrevClose" : "",
    "nseOpenPrice" : "",
    "nseTodaysLow" : "21.50",
    "nseTodaysHigh" : "22.90",
    "nse52WeekLow" : "20.95",
    "nse52WeekHigh" : "133.45",
    "nseLowerPriceBand" : "20.80",
    "nseUpperPriceBand" : "22.90"
  },
  "companyValuation" : {
    "marketCapital" : "39.70",
    "peRatio" : "14.69",
    "bookValue" : "77.68",
    "dividend" : "20.00",
    "marketLot" : "1",
    "industryPeRatio" : "7.08",
    "eps" : "1.47",
    "pcRatio" : "9.39",
    "bookPrice" : "0.35",
    "dividendYield" : "7.42",
    "faceValue" : "10.00",
    "deliverables" : "97.42"
  }
}