{
  "url" : "https://www.moneycontrol.com/india/stockpricequote/steel-rolling/ismt/ISM01",
  "companyName" : "ISMT Ltd.",
  "breadCrumb" : "Moneycontrol / Market / Share/Stock Price / Steel - Rolling",
  "bseNseNames" : "BSE: 532479 | NSE: ISMTLTD |",
  "seriesLink" : "EQ",
  "isinLink" : "INE732F01019",
  "sectorLink" : "Moneycontrol / Market / Share/Stock Price / Steel - Rolling",
  "sectorTitle" : "STEEL - ROLLING",
  "bseData" : {
    "bsePrice" : "2.84",
    "bseVolume" : "12,361",
    "bsePrevClose" : "2.47",
    "bseOpenPrice" : "",
    "bseTodaysLow" : "2.47",
    "bseTodaysHigh" : "2.84",
    "bse52WeekLow" : "2.00",
    "bse52WeekHigh" : "8.80",
    "bseLowerPriceBand" : "1.98",
    "bseUpperPriceBand" : "2.96"
  },
  "nseData" : {
    "nsePrice" : "2.70",
    "nseVolume" : "75,208",
    "nsePrevClose" : "",
    "nseOpenPrice" : "",
    "nseTodaysLow" : "2.40",
    "nseTodaysHigh" : "2.80",
    "nse52WeekLow" : "1.85",
    "nse52WeekHigh" : "8.85",
    "nseLowerPriceBand" : "2.00",
    "nseUpperPriceBand" : "2.90"
  },
  "companyValuation" : {
    "marketCapital" : "41.61",
    "peRatio" : "-",
    "bookValue" : "-69.36",
    "dividend" : "0.00",
    "marketLot" : "1",
    "industryPeRatio" : "4.27",
    "eps" : "-",
    "pcRatio" : "-",
    "bookPrice" : "-",
    "dividendYield" : "-",
    "faceValue" : "5.00",
    "deliverables" : "72.51"
  }
}