{
  "url" : "https://www.moneycontrol.com/india/stockpricequote/constructioncontracting-civil/itdcementationindia/ITD03",
  "companyName" : "ITD Cementation India Ltd.",
  "breadCrumb" : "Moneycontrol / Market / Share/Stock Price / Construction & Contracting - Civil",
  "bseNseNames" : "BSE: 509496 | NSE: ITDCEM |",
  "seriesLink" : "EQ",
  "isinLink" : "INE686A01026",
  "sectorLink" : "Moneycontrol / Market / Share/Stock Price / Construction & Contracting - Civil",
  "sectorTitle" : "CONSTRUCTION & CONTRACTING - CIVIL",
  "bseData" : {
    "bsePrice" : "34.50",
    "bseVolume" : "5,166",
    "bsePrevClose" : "33.15",
    "bseOpenPrice" : "",
    "bseTodaysLow" : "32.80",
    "bseTodaysHigh" : "34.95",
    "bse52WeekLow" : "26.00",
    "bse52WeekHigh" : "131.15",
    "bseLowerPriceBand" : "29.85",
    "bseUpperPriceBand" : "36.45"
  },
  "nseData" : {
    "nsePrice" : "33.55",
    "nseVolume" : "131,779",
    "nsePrevClose" : "",
    "nseOpenPrice" : "",
    "nseTodaysLow" : "32.10",
    "nseTodaysHigh" : "35.00",
    "nse52WeekLow" : "26.15",
    "nse52WeekHigh" : "130.70",
    "nseLowerPriceBand" : "29.45",
    "nseUpperPriceBand" : "35.95"
  },
  "companyValuation" : {
    "marketCapital" : "592.67",
    "peRatio" : "43.01",
    "bookValue" : "59.43",
    "dividend" : "40.00",
    "marketLot" : "1",
    "industryPeRatio" : "13.75",
    "eps" : "0.78",
    "pcRatio" : "6.95",
    "bookPrice" : "0.58",
    "dividendYield" : "1.16",
    "faceValue" : "1.00",
    "deliverables" : "63.72"
  }
}