{
  "url" : "https://www.moneycontrol.com/india/stockpricequote/finance-investments/ilandfsinvestmentmanagers/ILF02",
  "companyName" : "ILandFS Investment Managers Ltd.",
  "breadCrumb" : "Moneycontrol / Market / Share/Stock Price / Finance - Investments",
  "bseNseNames" : "BSE: 511208 | NSE: IVC |",
  "seriesLink" : "EQ",
  "isinLink" : "INE050B01023",
  "sectorLink" : "Moneycontrol / Market / Share/Stock Price / Finance - Investments",
  "sectorTitle" : "FINANCE - INVESTMENTS",
  "bseData" : {
    "bsePrice" : "2.35",
    "bseVolume" : "29,237",
    "bsePrevClose" : "2.05",
    "bseOpenPrice" : "",
    "bseTodaysLow" : "2.05",
    "bseTodaysHigh" : "2.45",
    "bse52WeekLow" : "1.60",
    "bse52WeekHigh" : "5.72",
    "bseLowerPriceBand" : "1.64",
    "bseUpperPriceBand" : "2.46"
  },
  "nseData" : {
    "nsePrice" : "2.25",
    "nseVolume" : "193,658",
    "nsePrevClose" : "",
    "nseOpenPrice" : "",
    "nseTodaysLow" : "2.05",
    "nseTodaysHigh" : "2.45",
    "nse52WeekLow" : "1.60",
    "nse52WeekHigh" : "5.60",
    "nseLowerPriceBand" : "1.70",
    "nseUpperPriceBand" : "2.50"
  },
  "companyValuation" : {
    "marketCapital" : "73.80",
    "peRatio" : "7.5",
    "bookValue" : "3.86",
    "dividend" : "15.00",
    "marketLot" : "1",
    "industryPeRatio" : "23.58",
    "eps" : "0.3",
    "pcRatio" : "7.03",
    "bookPrice" : "0.61",
    "dividendYield" : "12.77",
    "faceValue" : "2.00",
    "deliverables" : "79.24"
  }
}