{
  "url" : "https://www.moneycontrol.com/india/stockpricequote/vanaspatioils/ivp/IVP",
  "companyName" : "IVP Ltd.",
  "breadCrumb" : "Moneycontrol / Market / Share/Stock Price / Vanaspati & Oils",
  "bseNseNames" : "BSE: 507580 | NSE: IVP |",
  "seriesLink" : "BE",
  "isinLink" : "INE043C01018",
  "sectorLink" : "Moneycontrol / Market / Share/Stock Price / Vanaspati & Oils",
  "sectorTitle" : "VANASPATI & OILS",
  "bseData" : {
    "bsePrice" : "32.25",
    "bseVolume" : "1,645",
    "bsePrevClose" : "33.80",
    "bseOpenPrice" : "",
    "bseTodaysLow" : "32.15",
    "bseTodaysHigh" : "34.20",
    "bse52WeekLow" : "29.65",
    "bse52WeekHigh" : "130.70",
    "bseLowerPriceBand" : "32.15",
    "bseUpperPriceBand" : "35.45"
  },
  "nseData" : {
    "nsePrice" : "33.80",
    "nseVolume" : "757",
    "nsePrevClose" : "",
    "nseOpenPrice" : "",
    "nseTodaysLow" : "31.15",
    "nseTodaysHigh" : "34.35",
    "nse52WeekLow" : "25.50",
    "nse52WeekHigh" : "127.95",
    "nseLowerPriceBand" : "31.15",
    "nseUpperPriceBand" : "34.35"
  },
  "companyValuation" : {
    "marketCapital" : "33.30",
    "peRatio" : "-",
    "bookValue" : "79.00",
    "dividend" : "10.00",
    "marketLot" : "1",
    "industryPeRatio" : "13.32",
    "eps" : "-",
    "pcRatio" : "-",
    "bookPrice" : "0.41",
    "dividendYield" : "3.10",
    "faceValue" : "10.00",
    "deliverables" : "100.00"
  }
}