{
  "url" : "https://www.moneycontrol.com/india/stockpricequote/computers-software-mediumsmall/izmo/LM02",
  "companyName" : "IZMO Ltd.",
  "breadCrumb" : "Moneycontrol / Market / Share/Stock Price / Computers - Software Medium & Small",
  "bseNseNames" : "BSE: 532341 | NSE: IZMO |",
  "seriesLink" : "EQ",
  "isinLink" : "INE848A01014",
  "sectorLink" : "Moneycontrol / Market / Share/Stock Price / Computers - Software Medium & Small",
  "sectorTitle" : "COMPUTERS - SOFTWARE MEDIUM & SMALL",
  "bseData" : {
    "bsePrice" : "13.20",
    "bseVolume" : "340",
    "bsePrevClose" : "12.59",
    "bseOpenPrice" : "",
    "bseTodaysLow" : "12.34",
    "bseTodaysHigh" : "13.20",
    "bse52WeekLow" : "11.40",
    "bse52WeekHigh" : "61.95",
    "bseLowerPriceBand" : "11.97",
    "bseUpperPriceBand" : "13.21"
  },
  "nseData" : {
    "nsePrice" : "12.90",
    "nseVolume" : "878",
    "nsePrevClose" : "",
    "nseOpenPrice" : "",
    "nseTodaysLow" : "12.90",
    "nseTodaysHigh" : "12.90",
    "nse52WeekLow" : "10.30",
    "nse52WeekHigh" : "60.25",
    "nseLowerPriceBand" : "11.70",
    "nseUpperPriceBand" : "12.90"
  },
  "companyValuation" : {
    "marketCapital" : "17.25",
    "peRatio" : "-",
    "bookValue" : "129.56",
    "dividend" : "0.00",
    "marketLot" : "1",
    "industryPeRatio" : "18.30",
    "eps" : "-",
    "pcRatio" : "9.63",
    "bookPrice" : "0.10",
    "dividendYield" : "-",
    "faceValue" : "10.00",
    "deliverables" : "81.50"
  }
}