{
  "url" : "https://www.moneycontrol.com/india/stockpricequote/banks-private-sector/jammukashmirbank/JKB",
  "companyName" : "Jammu and Kashmir Bank Ltd.",
  "breadCrumb" : "Moneycontrol / Market / Share/Stock Price / Banks - Private Sector",
  "bseNseNames" : "BSE: 532209 | NSE: J&KBANK |",
  "seriesLink" : "EQ",
  "isinLink" : "INE168A01041",
  "sectorLink" : "Moneycontrol / Market / Share/Stock Price / Banks - Private Sector",
  "sectorTitle" : "BANKS - PRIVATE SECTOR",
  "bseData" : {
    "bsePrice" : "11.87",
    "bseVolume" : "95,001",
    "bsePrevClose" : "12.21",
    "bseOpenPrice" : "",
    "bseTodaysLow" : "11.75",
    "bseTodaysHigh" : "12.35",
    "bse52WeekLow" : "11.05",
    "bse52WeekHigh" : "65.95",
    "bseLowerPriceBand" : "9.77",
    "bseUpperPriceBand" : "14.65"
  },
  "nseData" : {
    "nsePrice" : "11.85",
    "nseVolume" : "1,485,566",
    "nsePrevClose" : "",
    "nseOpenPrice" : "",
    "nseTodaysLow" : "11.70",
    "nseTodaysHigh" : "12.40",
    "nse52WeekLow" : "11.00",
    "nse52WeekHigh" : "65.75",
    "nseLowerPriceBand" : "9.80",
    "nseUpperPriceBand" : "14.60"
  },
  "companyValuation" : {
    "marketCapital" : "846.87",
    "peRatio" : "-",
    "bookValue" : "84.60",
    "dividend" : "0.00",
    "marketLot" : "1",
    "industryPeRatio" : "25.53",
    "eps" : "-",
    "pcRatio" : "-",
    "bookPrice" : "0.14",
    "dividendYield" : "-",
    "faceValue" : "1.00",
    "deliverables" : "54.76"
  }
}