{
  "url" : "https://www.moneycontrol.com/india/stockpricequote/pharmaceuticals/jagsonpalpharmaceuticals/JP02",
  "companyName" : "Jagsonpal Pharmaceuticals Ltd.",
  "breadCrumb" : "Moneycontrol / Market / Share/Stock Price / Pharmaceuticals",
  "bseNseNames" : "BSE: 507789 | NSE: JAGSNPHARM |",
  "seriesLink" : "EQ",
  "isinLink" : "INE048B01027",
  "sectorLink" : "Moneycontrol / Market / Share/Stock Price / Pharmaceuticals",
  "sectorTitle" : "PHARMACEUTICALS",
  "bseData" : {
    "bsePrice" : "24.50",
    "bseVolume" : "24,153",
    "bsePrevClose" : "21.45",
    "bseOpenPrice" : "",
    "bseTodaysLow" : "22.25",
    "bseTodaysHigh" : "25.20",
    "bse52WeekLow" : "16.00",
    "bse52WeekHigh" : "32.10",
    "bseLowerPriceBand" : "17.20",
    "bseUpperPriceBand" : "25.70"
  },
  "nseData" : {
    "nsePrice" : "23.95",
    "nseVolume" : "297,888",
    "nsePrevClose" : "",
    "nseOpenPrice" : "",
    "nseTodaysLow" : "22.30",
    "nseTodaysHigh" : "24.80",
    "nse52WeekLow" : "16.25",
    "nse52WeekHigh" : "31.70",
    "nseLowerPriceBand" : "17.05",
    "nseUpperPriceBand" : "25.55"
  },
  "companyValuation" : {
    "marketCapital" : "64.19",
    "peRatio" : "6.75",
    "bookValue" : "36.89",
    "dividend" : "5.00",
    "marketLot" : "1",
    "industryPeRatio" : "32.25",
    "eps" : "3.55",
    "pcRatio" : "6.09",
    "bookPrice" : "0.66",
    "dividendYield" : "1.02",
    "faceValue" : "5.00",
    "deliverables" : "47.08"
  }
}