{
  "url" : "https://www.moneycontrol.com/india/stockpricequote/steel-sponge-iron/jaibalajiindustries/JBI",
  "companyName" : "Jai Balaji Industries Ltd.",
  "breadCrumb" : "Moneycontrol / Market / Share/Stock Price / Steel - Sponge Iron",
  "bseNseNames" : "BSE: 532976 | NSE: JAIBALAJI |",
  "seriesLink" : "EQ",
  "isinLink" : "INE091G01018",
  "sectorLink" : "Moneycontrol / Market / Share/Stock Price / Steel - Sponge Iron",
  "sectorTitle" : "STEEL - SPONGE IRON",
  "bseData" : {
    "bsePrice" : "20.65",
    "bseVolume" : "1,564",
    "bsePrevClose" : "19.15",
    "bseOpenPrice" : "",
    "bseTodaysLow" : "17.50",
    "bseTodaysHigh" : "22.90",
    "bse52WeekLow" : "14.20",
    "bse52WeekHigh" : "39.00",
    "bseLowerPriceBand" : "15.35",
    "bseUpperPriceBand" : "22.95"
  },
  "nseData" : {
    "nsePrice" : "20.90",
    "nseVolume" : "13,738",
    "nsePrevClose" : "",
    "nseOpenPrice" : "",
    "nseTodaysLow" : "18.90",
    "nseTodaysHigh" : "21.45",
    "nse52WeekLow" : "13.10",
    "nse52WeekHigh" : "38.50",
    "nseLowerPriceBand" : "15.60",
    "nseUpperPriceBand" : "23.30"
  },
  "companyValuation" : {
    "marketCapital" : "228.08",
    "peRatio" : "-",
    "bookValue" : "-141.77",
    "dividend" : "0.00",
    "marketLot" : "1",
    "industryPeRatio" : "3.29",
    "eps" : "-",
    "pcRatio" : "-",
    "bookPrice" : "-",
    "dividendYield" : "-",
    "faceValue" : "10.00",
    "deliverables" : "54.70"
  }
}