{
  "url" : "https://www.moneycontrol.com/india/stockpricequote/steel-gpgc-sheets/jaicorp/JC08",
  "companyName" : "Jai Corp Ltd.",
  "breadCrumb" : "Moneycontrol / Market / Share/Stock Price / Steel - GP & GC Sheets",
  "bseNseNames" : "BSE: 512237 | NSE: JAICORPLTD |",
  "seriesLink" : "EQ",
  "isinLink" : "INE070D01027",
  "sectorLink" : "Moneycontrol / Market / Share/Stock Price / Steel - GP & GC Sheets",
  "sectorTitle" : "STEEL - GP & GC SHEETS",
  "bseData" : {
    "bsePrice" : "50.95",
    "bseVolume" : "94,327",
    "bsePrevClose" : "50.15",
    "bseOpenPrice" : "",
    "bseTodaysLow" : "49.35",
    "bseTodaysHigh" : "53.60",
    "bse52WeekLow" : "42.65",
    "bse52WeekHigh" : "132.65",
    "bseLowerPriceBand" : "45.15",
    "bseUpperPriceBand" : "55.15"
  },
  "nseData" : {
    "nsePrice" : "50.70",
    "nseVolume" : "727,281",
    "nsePrevClose" : "",
    "nseOpenPrice" : "",
    "nseTodaysLow" : "49.10",
    "nseTodaysHigh" : "53.70",
    "nse52WeekLow" : "43.00",
    "nse52WeekHigh" : "132.70",
    "nseLowerPriceBand" : "45.20",
    "nseUpperPriceBand" : "55.20"
  },
  "companyValuation" : {
    "marketCapital" : "909.20",
    "peRatio" : "47.83",
    "bookValue" : "57.80",
    "dividend" : "50.00",
    "marketLot" : "1",
    "industryPeRatio" : "36.36",
    "eps" : "1.06",
    "pcRatio" : "26.97",
    "bookPrice" : "0.88",
    "dividendYield" : "0.98",
    "faceValue" : "1.00",
    "deliverables" : "28.43"
  }
}