{
  "url" : "https://www.moneycontrol.com/india/stockpricequote/constructioncontracting-civil/jaihindprojects/JP03",
  "companyName" : "Jaihind Projects Ltd.",
  "breadCrumb" : "Moneycontrol / Market / Share/Stock Price / Construction & Contracting - Civil",
  "bseNseNames" : "BSE: 531339 | NSE: JAIHINDPRO | SERIES: BZ | ISIN: INE343D01010 | SECTOR: CONSTRUCTION & CONTRACTING - CIVILCONSTRUCTION & CONTRACTING - CIVIL",
  "seriesLink" : "BZ",
  "isinLink" : "INE343D01010",
  "sectorLink" : "Moneycontrol / Market / Share/Stock Price / Construction & Contracting - Civil",
  "sectorTitle" : "CONSTRUCTION & CONTRACTING - CIVIL",
  "bseData" : {
    "bsePrice" : "0.78",
    "bseVolume" : "2,000",
    "bsePrevClose" : "0.75",
    "bseOpenPrice" : "",
    "bseTodaysLow" : "0.77",
    "bseTodaysHigh" : "0.78",
    "bse52WeekLow" : "0.75",
    "bse52WeekHigh" : "2.01",
    "bseLowerPriceBand" : "0.72",
    "bseUpperPriceBand" : "0.78"
  },
  "nseData" : {
    "nsePrice" : "0.80",
    "nseVolume" : "0",
    "nsePrevClose" : "",
    "nseOpenPrice" : "",
    "nseTodaysLow" : "0.00",
    "nseTodaysHigh" : "0.00",
    "nse52WeekLow" : "0.55",
    "nse52WeekHigh" : "1.50",
    "nseLowerPriceBand" : "0.75",
    "nseUpperPriceBand" : "0.85"
  },
  "companyValuation" : {
    "marketCapital" : "0.76",
    "peRatio" : "-",
    "bookValue" : "-355.31",
    "dividend" : "0.00",
    "marketLot" : "1",
    "industryPeRatio" : "13.75",
    "eps" : "-",
    "pcRatio" : "-",
    "bookPrice" : "-",
    "dividendYield" : "-",
    "faceValue" : "10.00",
    "deliverables" : "100.00"
  }
}