{
  "url" : "https://www.moneycontrol.com/india/stockpricequote/mediaentertainment/jainstudio/JS04",
  "companyName" : "Jain Studio Ltd.",
  "breadCrumb" : "Moneycontrol / Market / Share/Stock Price / Media & Entertainment",
  "bseNseNames" : "BSE: 532033 | NSE: JAINSTUDIO |",
  "seriesLink" : "BE",
  "isinLink" : "INE486B01011",
  "sectorLink" : "Moneycontrol / Market / Share/Stock Price / Media & Entertainment",
  "sectorTitle" : "MEDIA & ENTERTAINMENT",
  "bseData" : {
    "bsePrice" : "0.71",
    "bseVolume" : "433",
    "bsePrevClose" : "0.74",
    "bseOpenPrice" : "",
    "bseTodaysLow" : "0.71",
    "bseTodaysHigh" : "0.71",
    "bse52WeekLow" : "0.71",
    "bse52WeekHigh" : "3.50",
    "bseLowerPriceBand" : "0.71",
    "bseUpperPriceBand" : "0.77"
  },
  "nseData" : {
    "nsePrice" : "0.95",
    "nseVolume" : "2,800",
    "nsePrevClose" : "",
    "nseOpenPrice" : "",
    "nseTodaysLow" : "0.90",
    "nseTodaysHigh" : "0.95",
    "nse52WeekLow" : "0.75",
    "nse52WeekHigh" : "3.75",
    "nseLowerPriceBand" : "0.85",
    "nseUpperPriceBand" : "0.95"
  },
  "companyValuation" : {
    "marketCapital" : "2.03",
    "peRatio" : "-",
    "bookValue" : "12.48",
    "dividend" : "0.00",
    "marketLot" : "1",
    "industryPeRatio" : "10.82",
    "eps" : "-",
    "pcRatio" : "-",
    "bookPrice" : "0.06",
    "dividendYield" : "-",
    "faceValue" : "10.00",
    "deliverables" : "100.00"
  }
}