{
  "url" : "https://www.moneycontrol.com/india/stockpricequote/auto-ancillaries/jamnaautoindustries/JAI",
  "companyName" : "Jamna Auto Industries Ltd.",
  "breadCrumb" : "Moneycontrol / Market / Share/Stock Price / Auto Ancillaries",
  "bseNseNames" : "BSE: 520051 | NSE: JAMNAAUTO |",
  "seriesLink" : "EQ",
  "isinLink" : "INE039C01032",
  "sectorLink" : "Moneycontrol / Market / Share/Stock Price / Auto Ancillaries",
  "sectorTitle" : "AUTO ANCILLARIES",
  "bseData" : {
    "bsePrice" : "25.80",
    "bseVolume" : "140,779",
    "bsePrevClose" : "23.70",
    "bseOpenPrice" : "",
    "bseTodaysLow" : "22.30",
    "bseTodaysHigh" : "26.10",
    "bse52WeekLow" : "21.00",
    "bse52WeekHigh" : "62.40",
    "bseLowerPriceBand" : "19.00",
    "bseUpperPriceBand" : "28.40"
  },
  "nseData" : {
    "nsePrice" : "25.70",
    "nseVolume" : "2,096,049",
    "nsePrevClose" : "",
    "nseOpenPrice" : "",
    "nseTodaysLow" : "23.70",
    "nseTodaysHigh" : "26.25",
    "nse52WeekLow" : "21.00",
    "nse52WeekHigh" : "62.30",
    "nseLowerPriceBand" : "19.00",
    "nseUpperPriceBand" : "28.40"
  },
  "companyValuation" : {
    "marketCapital" : "1,028.04",
    "peRatio" : "14.86",
    "bookValue" : "12.91",
    "dividend" : "95.00",
    "marketLot" : "1",
    "industryPeRatio" : "6.94",
    "eps" : "1.73",
    "pcRatio" : "9.05",
    "bookPrice" : "2.00",
    "dividendYield" : "3.68",
    "faceValue" : "1.00",
    "deliverables" : "58.75"
  }
}