{
  "url" : "https://www.moneycontrol.com/india/stockpricequote/chemicals/jayantagro-organics/JAO",
  "companyName" : "Jayant Agro-Organics Ltd.",
  "breadCrumb" : "Moneycontrol / Market / Share/Stock Price / Chemicals",
  "bseNseNames" : "BSE: 524330 | NSE: JAYAGROGN |",
  "seriesLink" : "EQ",
  "isinLink" : "INE785A01026",
  "sectorLink" : "Moneycontrol / Market / Share/Stock Price / Chemicals",
  "sectorTitle" : "CHEMICALS",
  "bseData" : {
    "bsePrice" : "59.50",
    "bseVolume" : "2,817",
    "bsePrevClose" : "61.35",
    "bseOpenPrice" : "",
    "bseTodaysLow" : "59.05",
    "bseTodaysHigh" : "62.60",
    "bse52WeekLow" : "52.00",
    "bse52WeekHigh" : "220.00",
    "bseLowerPriceBand" : "49.10",
    "bseUpperPriceBand" : "73.60"
  },
  "nseData" : {
    "nsePrice" : "58.65",
    "nseVolume" : "14,608",
    "nsePrevClose" : "",
    "nseOpenPrice" : "",
    "nseTodaysLow" : "57.00",
    "nseTodaysHigh" : "61.90",
    "nse52WeekLow" : "50.15",
    "nse52WeekHigh" : "220.80",
    "nseLowerPriceBand" : "49.90",
    "nseUpperPriceBand" : "74.80"
  },
  "companyValuation" : {
    "marketCapital" : "178.50",
    "peRatio" : "-",
    "bookValue" : "105.56",
    "dividend" : "40.00",
    "marketLot" : "1",
    "industryPeRatio" : "39.12",
    "eps" : "-",
    "pcRatio" : "-",
    "bookPrice" : "0.56",
    "dividendYield" : "3.36",
    "faceValue" : "5.00",
    "deliverables" : "62.60"
  }
}