{
  "url" : "https://www.moneycontrol.com/india/stockpricequote/auto-ancillaries/jaybharatmaruti/JBM",
  "companyName" : "Jay Bharat Maruti Ltd.",
  "breadCrumb" : "Moneycontrol / Market / Share/Stock Price / Auto Ancillaries",
  "bseNseNames" : "BSE: 520066 | NSE: JAYBARMARU |",
  "seriesLink" : "EQ",
  "isinLink" : "INE571B01028",
  "sectorLink" : "Moneycontrol / Market / Share/Stock Price / Auto Ancillaries",
  "sectorTitle" : "AUTO ANCILLARIES",
  "bseData" : {
    "bsePrice" : "106.75",
    "bseVolume" : "3,936",
    "bsePrevClose" : "105.25",
    "bseOpenPrice" : "",
    "bseTodaysLow" : "104.10",
    "bseTodaysHigh" : "109.05",
    "bse52WeekLow" : "91.00",
    "bse52WeekHigh" : "312.95",
    "bseLowerPriceBand" : "100.00",
    "bseUpperPriceBand" : "110.50"
  },
  "nseData" : {
    "nsePrice" : "107.75",
    "nseVolume" : "70,750",
    "nsePrevClose" : "",
    "nseOpenPrice" : "",
    "nseTodaysLow" : "101.30",
    "nseTodaysHigh" : "109.50",
    "nse52WeekLow" : "90.00",
    "nse52WeekHigh" : "290.00",
    "nseLowerPriceBand" : "99.50",
    "nseUpperPriceBand" : "109.90"
  },
  "companyValuation" : {
    "marketCapital" : "231.11",
    "peRatio" : "8.04",
    "bookValue" : "186.63",
    "dividend" : "50.00",
    "marketLot" : "1",
    "industryPeRatio" : "12.63",
    "eps" : "13.41",
    "pcRatio" : "2.58",
    "bookPrice" : "0.57",
    "dividendYield" : "2.34",
    "faceValue" : "5.00",
    "deliverables" : "83.37"
  }
}