{
  "url" : "https://www.moneycontrol.com/india/stockpricequote/castingsforgings/jayaswalnecoindustries/JNI02",
  "companyName" : "Jayaswal Neco Industries Ltd.",
  "breadCrumb" : "Moneycontrol / Market / Share/Stock Price / Castings & Forgings",
  "bseNseNames" : "BSE: 522285 | NSE: JAYNECOIND |",
  "seriesLink" : "EQ",
  "isinLink" : "INE854B01010",
  "sectorLink" : "Moneycontrol / Market / Share/Stock Price / Castings & Forgings",
  "sectorTitle" : "CASTINGS & FORGINGS",
  "bseData" : {
    "bsePrice" : "2.10",
    "bseVolume" : "700",
    "bsePrevClose" : "2.11",
    "bseOpenPrice" : "",
    "bseTodaysLow" : "2.01",
    "bseTodaysHigh" : "2.10",
    "bse52WeekLow" : "1.93",
    "bse52WeekHigh" : "6.70",
    "bseLowerPriceBand" : "2.01",
    "bseUpperPriceBand" : "2.21"
  },
  "nseData" : {
    "nsePrice" : "2.30",
    "nseVolume" : "6,177",
    "nsePrevClose" : "",
    "nseOpenPrice" : "",
    "nseTodaysLow" : "2.30",
    "nseTodaysHigh" : "2.30",
    "nse52WeekLow" : "1.85",
    "nse52WeekHigh" : "6.45",
    "nseLowerPriceBand" : "2.10",
    "nseUpperPriceBand" : "2.30"
  },
  "companyValuation" : {
    "marketCapital" : "134.11",
    "peRatio" : "-",
    "bookValue" : "10.95",
    "dividend" : "0.00",
    "marketLot" : "1",
    "industryPeRatio" : "21.24",
    "eps" : "-",
    "pcRatio" : "-",
    "bookPrice" : "0.19",
    "dividendYield" : "-",
    "faceValue" : "10.00",
    "deliverables" : "93.27"
  }
}