{
  "url" : "https://www.moneycontrol.com/india/stockpricequote/plantations-teacoffee/jayshreeteaindustries/JTI",
  "companyName" : "Jayshree Tea and Industries Ltd.",
  "breadCrumb" : "Moneycontrol / Market / Share/Stock Price / Plantations - Tea & Coffee",
  "bseNseNames" : "BSE: 509715 | NSE: JAYSREETEA |",
  "seriesLink" : "EQ",
  "isinLink" : "INE364A01020",
  "sectorLink" : "Moneycontrol / Market / Share/Stock Price / Plantations - Tea & Coffee",
  "sectorTitle" : "PLANTATIONS - TEA & COFFEE",
  "bseData" : {
    "bsePrice" : "37.25",
    "bseVolume" : "10,815",
    "bsePrevClose" : "36.25",
    "bseOpenPrice" : "",
    "bseTodaysLow" : "36.25",
    "bseTodaysHigh" : "39.45",
    "bse52WeekLow" : "23.55",
    "bse52WeekHigh" : "71.00",
    "bseLowerPriceBand" : "32.65",
    "bseUpperPriceBand" : "39.85"
  },
  "nseData" : {
    "nsePrice" : "37.75",
    "nseVolume" : "73,810",
    "nsePrevClose" : "",
    "nseOpenPrice" : "",
    "nseTodaysLow" : "36.05",
    "nseTodaysHigh" : "39.00",
    "nse52WeekLow" : "22.65",
    "nse52WeekHigh" : "69.85",
    "nseLowerPriceBand" : "32.90",
    "nseUpperPriceBand" : "40.20"
  },
  "companyValuation" : {
    "marketCapital" : "107.57",
    "peRatio" : "-",
    "bookValue" : "93.26",
    "dividend" : "7.00",
    "marketLot" : "1",
    "industryPeRatio" : "46.05",
    "eps" : "-",
    "pcRatio" : "-",
    "bookPrice" : "0.40",
    "dividendYield" : "0.94",
    "faceValue" : "5.00",
    "deliverables" : "54.76"
  }
}