{
  "url" : "https://www.moneycontrol.com/india/stockpricequote/pharmaceuticals/jbchemicalspharmaceuticals/JBC01",
  "companyName" : "JB Chemicals and Pharmaceuticals Ltd.",
  "breadCrumb" : "Moneycontrol / Market / Share/Stock Price / Pharmaceuticals",
  "bseNseNames" : "BSE: 506943 | NSE: JBCHEPHARM |",
  "seriesLink" : "EQ",
  "isinLink" : "INE572A01028",
  "sectorLink" : "Moneycontrol / Market / Share/Stock Price / Pharmaceuticals",
  "sectorTitle" : "PHARMACEUTICALS",
  "bseData" : {
    "bsePrice" : "509.80",
    "bseVolume" : "35,951",
    "bsePrevClose" : "470.75",
    "bseOpenPrice" : "",
    "bseTodaysLow" : "463.35",
    "bseTodaysHigh" : "546.00",
    "bse52WeekLow" : "307.00",
    "bse52WeekHigh" : "599.00",
    "bseLowerPriceBand" : "376.60",
    "bseUpperPriceBand" : "564.90"
  },
  "nseData" : {
    "nsePrice" : "509.85",
    "nseVolume" : "641,059",
    "nsePrevClose" : "",
    "nseOpenPrice" : "",
    "nseTodaysLow" : "462.00",
    "nseTodaysHigh" : "549.00",
    "nse52WeekLow" : "311.95",
    "nse52WeekHigh" : "599.90",
    "nseLowerPriceBand" : "376.55",
    "nseUpperPriceBand" : "564.75"
  },
  "companyValuation" : {
    "marketCapital" : "3,939.84",
    "peRatio" : "15.19",
    "bookValue" : "192.02",
    "dividend" : "250.00",
    "marketLot" : "1",
    "industryPeRatio" : "32.25",
    "eps" : "33.57",
    "pcRatio" : "12.54",
    "bookPrice" : "2.65",
    "dividendYield" : "0.98",
    "faceValue" : "2.00",
    "deliverables" : "66.71"
  }
}