{
  "url" : "https://www.moneycontrol.com/india/stockpricequote/textiles-manmade/jbfindustries/JBF",
  "companyName" : "JBF Industries Ltd.",
  "breadCrumb" : "Moneycontrol / Market / Share/Stock Price / Textiles - Manmade",
  "bseNseNames" : "BSE: 514034 | NSE: JBFIND |",
  "seriesLink" : "BE",
  "isinLink" : "INE187A01017",
  "sectorLink" : "Moneycontrol / Market / Share/Stock Price / Textiles - Manmade",
  "sectorTitle" : "TEXTILES - MANMADE",
  "bseData" : {
    "bsePrice" : "9.25",
    "bseVolume" : "6,842",
    "bsePrevClose" : "8.81",
    "bseOpenPrice" : "",
    "bseTodaysLow" : "8.80",
    "bseTodaysHigh" : "9.25",
    "bse52WeekLow" : "6.43",
    "bse52WeekHigh" : "29.40",
    "bseLowerPriceBand" : "8.37",
    "bseUpperPriceBand" : "9.25"
  },
  "nseData" : {
    "nsePrice" : "8.85",
    "nseVolume" : "6,164",
    "nsePrevClose" : "",
    "nseOpenPrice" : "",
    "nseTodaysLow" : "8.85",
    "nseTodaysHigh" : "8.85",
    "nse52WeekLow" : "6.05",
    "nse52WeekHigh" : "28.85",
    "nseLowerPriceBand" : "8.05",
    "nseUpperPriceBand" : "8.85"
  },
  "companyValuation" : {
    "marketCapital" : "75.73",
    "peRatio" : "-",
    "bookValue" : "85.95",
    "dividend" : "0.00",
    "marketLot" : "1",
    "industryPeRatio" : "4.80",
    "eps" : "-",
    "pcRatio" : "-",
    "bookPrice" : "0.11",
    "dividendYield" : "-",
    "faceValue" : "10.00",
    "deliverables" : "100.00"
  }
}