{
  "url" : "https://www.moneycontrol.com/india/stockpricequote/auto-ancillaries/jbmauto/JBM03",
  "companyName" : "JBM Auto Ltd.",
  "breadCrumb" : "Moneycontrol / Market / Share/Stock Price / Auto Ancillaries",
  "bseNseNames" : "BSE: 532605 | NSE: JBMA |",
  "seriesLink" : "EQ",
  "isinLink" : "INE927D01028",
  "sectorLink" : "Moneycontrol / Market / Share/Stock Price / Auto Ancillaries",
  "sectorTitle" : "AUTO ANCILLARIES",
  "bseData" : {
    "bsePrice" : "134.00",
    "bseVolume" : "584",
    "bsePrevClose" : "135.50",
    "bseOpenPrice" : "",
    "bseTodaysLow" : "133.50",
    "bseTodaysHigh" : "142.25",
    "bse52WeekLow" : "97.60",
    "bse52WeekHigh" : "296.10",
    "bseLowerPriceBand" : "128.75",
    "bseUpperPriceBand" : "142.25"
  },
  "nseData" : {
    "nsePrice" : "139.40",
    "nseVolume" : "11,700",
    "nsePrevClose" : "",
    "nseOpenPrice" : "",
    "nseTodaysLow" : "133.50",
    "nseTodaysHigh" : "142.00",
    "nse52WeekLow" : "95.00",
    "nse52WeekHigh" : "296.00",
    "nseLowerPriceBand" : "129.05",
    "nseUpperPriceBand" : "142.55"
  },
  "companyValuation" : {
    "marketCapital" : "633.80",
    "peRatio" : "14.88",
    "bookValue" : "55.28",
    "dividend" : "45.00",
    "marketLot" : "1",
    "industryPeRatio" : "12.63",
    "eps" : "9.37",
    "pcRatio" : "8.86",
    "bookPrice" : "2.42",
    "dividendYield" : "1.68",
    "faceValue" : "5.00",
    "deliverables" : "76.64"
  }
}