{
  "url" : "https://www.moneycontrol.com/india/stockpricequote/consumer-goods-white-goods/johnsoncontrols-hitachiairconditioningindia/HHL",
  "companyName" : "Johnson Controls -Hitachi Air Conditioning India Ltd.",
  "breadCrumb" : "Moneycontrol / Market / Share/Stock Price / Consumer Goods - White Goods",
  "bseNseNames" : "BSE: 523398 | NSE: JCHAC |",
  "seriesLink" : "EQ",
  "isinLink" : "INE782A01015",
  "sectorLink" : "Moneycontrol / Market / Share/Stock Price / Consumer Goods - White Goods",
  "sectorTitle" : "CONSUMER GOODS - WHITE GOODS",
  "bseData" : {
    "bsePrice" : "2170.00",
    "bseVolume" : "265",
    "bsePrevClose" : "2219.60",
    "bseOpenPrice" : "",
    "bseTodaysLow" : "2155.00",
    "bseTodaysHigh" : "2282.00",
    "bse52WeekLow" : "1475.00",
    "bse52WeekHigh" : "3375.00",
    "bseLowerPriceBand" : "1775.70",
    "bseUpperPriceBand" : "2663.50"
  },
  "nseData" : {
    "nsePrice" : "2175.45",
    "nseVolume" : "8,836",
    "nsePrevClose" : "",
    "nseOpenPrice" : "",
    "nseTodaysLow" : "2150.00",
    "nseTodaysHigh" : "2296.00",
    "nse52WeekLow" : "1470.00",
    "nse52WeekHigh" : "3484.40",
    "nseLowerPriceBand" : "1785.25",
    "nseUpperPriceBand" : "2677.85"
  },
  "companyValuation" : {
    "marketCapital" : "5,900.42",
    "peRatio" : "49.85",
    "bookValue" : "225.44",
    "dividend" : "15.00",
    "marketLot" : "1",
    "industryPeRatio" : "17.29",
    "eps" : "43.64",
    "pcRatio" : "36.33",
    "bookPrice" : "9.63",
    "dividendYield" : "0.07",
    "faceValue" : "10.00",
    "deliverables" : "56.02"
  }
}