{
  "url" : "https://www.moneycontrol.com/india/stockpricequote/transportlogistics/jetairways/JA01",
  "companyName" : "Jet Airways Ltd.",
  "breadCrumb" : "Moneycontrol / Market / Share/Stock Price / Transport & Logistics",
  "bseNseNames" : "BSE: 532617 | NSE: JETAIRWAYS | SERIES: BZ | ISIN: INE802G01018 | SECTOR: TRANSPORT & LOGISTICSTRANSPORT & LOGISTICS",
  "seriesLink" : "BZ",
  "isinLink" : "INE802G01018",
  "sectorLink" : "Moneycontrol / Market / Share/Stock Price / Transport & Logistics",
  "sectorTitle" : "TRANSPORT & LOGISTICS",
  "bseData" : {
    "bsePrice" : "16.21",
    "bseVolume" : "12,454",
    "bsePrevClose" : "15.44",
    "bseOpenPrice" : "",
    "bseTodaysLow" : "16.21",
    "bseTodaysHigh" : "16.21",
    "bse52WeekLow" : "13.00",
    "bse52WeekHigh" : "273.00",
    "bseLowerPriceBand" : "14.67",
    "bseUpperPriceBand" : "16.21"
  },
  "nseData" : {
    "nsePrice" : "16.50",
    "nseVolume" : "49,312",
    "nsePrevClose" : "",
    "nseOpenPrice" : "",
    "nseTodaysLow" : "15.85",
    "nseTodaysHigh" : "16.50",
    "nse52WeekLow" : "13.00",
    "nse52WeekHigh" : "273.15",
    "nseLowerPriceBand" : "15.00",
    "nseUpperPriceBand" : "16.50"
  },
  "companyValuation" : {
    "marketCapital" : "184.14",
    "peRatio" : "-",
    "bookValue" : "-637.51",
    "dividend" : "0.00",
    "marketLot" : "1",
    "industryPeRatio" : "209.45",
    "eps" : "-",
    "pcRatio" : "-",
    "bookPrice" : "-",
    "dividendYield" : "-",
    "faceValue" : "10.00",
    "deliverables" : "5.33"
  }
}