{
  "url" : "https://www.moneycontrol.com/india/stockpricequote/personal-care/jhssvendgaardlaboratories/JHS01",
  "companyName" : "JHS Svendgaard Laboratories Ltd.",
  "breadCrumb" : "Moneycontrol / Market / Share/Stock Price / Personal Care",
  "bseNseNames" : "BSE: 532771 | NSE: JHS |",
  "seriesLink" : "EQ",
  "isinLink" : "INE544H01014",
  "sectorLink" : "Moneycontrol / Market / Share/Stock Price / Personal Care",
  "sectorTitle" : "PERSONAL CARE",
  "bseData" : {
    "bsePrice" : "9.20",
    "bseVolume" : "7,880",
    "bsePrevClose" : "8.46",
    "bseOpenPrice" : "",
    "bseTodaysLow" : "8.50",
    "bseTodaysHigh" : "9.30",
    "bse52WeekLow" : "6.67",
    "bse52WeekHigh" : "27.30",
    "bseLowerPriceBand" : "7.62",
    "bseUpperPriceBand" : "9.30"
  },
  "nseData" : {
    "nsePrice" : "9.20",
    "nseVolume" : "90,042",
    "nsePrevClose" : "",
    "nseOpenPrice" : "",
    "nseTodaysLow" : "8.40",
    "nseTodaysHigh" : "9.20",
    "nse52WeekLow" : "6.50",
    "nse52WeekHigh" : "27.40",
    "nseLowerPriceBand" : "7.60",
    "nseUpperPriceBand" : "9.20"
  },
  "companyValuation" : {
    "marketCapital" : "41.12",
    "peRatio" : "9.89",
    "bookValue" : "36.64",
    "dividend" : "0.00",
    "marketLot" : "1",
    "industryPeRatio" : "65.49",
    "eps" : "0.93",
    "pcRatio" : "3.69",
    "bookPrice" : "0.25",
    "dividendYield" : "-",
    "faceValue" : "10.00",
    "deliverables" : "58.34"
  }
}