{
  "url" : "https://www.moneycontrol.com/india/stockpricequote/trading/jikindustries/JIK",
  "companyName" : "JIK Industries Ltd.",
  "breadCrumb" : "Moneycontrol / Market / Share/Stock Price / Trading",
  "bseNseNames" : "BSE: 511618 | NSE: JIKIND |",
  "seriesLink" : "BE",
  "isinLink" : "INE026B01049",
  "sectorLink" : "Moneycontrol / Market / Share/Stock Price / Trading",
  "sectorTitle" : "TRADING",
  "bseData" : {
    "bsePrice" : "0.25",
    "bseVolume" : "20",
    "bsePrevClose" : "0.25",
    "bseOpenPrice" : "",
    "bseTodaysLow" : "0.25",
    "bseTodaysHigh" : "0.25",
    "bse52WeekLow" : "0.25",
    "bse52WeekHigh" : "0.39",
    "bseLowerPriceBand" : "0.24",
    "bseUpperPriceBand" : "0.26"
  },
  "nseData" : {
    "nsePrice" : "0.30",
    "nseVolume" : "201",
    "nsePrevClose" : "",
    "nseOpenPrice" : "",
    "nseTodaysLow" : "0.25",
    "nseTodaysHigh" : "0.30",
    "nse52WeekLow" : "0.15",
    "nse52WeekHigh" : "0.95",
    "nseLowerPriceBand" : "0.25",
    "nseUpperPriceBand" : "0.35"
  },
  "companyValuation" : {
    "marketCapital" : "1.82",
    "peRatio" : "-",
    "bookValue" : "-3.11",
    "dividend" : "0.00",
    "marketLot" : "1",
    "industryPeRatio" : "19.31",
    "eps" : "-",
    "pcRatio" : "-",
    "bookPrice" : "-",
    "dividendYield" : "-",
    "faceValue" : "10.00",
    "deliverables" : "100.00"
  }
}