{
  "url" : "https://www.moneycontrol.com/india/stockpricequote/textiles-general/jindalworldwide/JW01",
  "companyName" : "Jindal Worldwide Ltd.",
  "breadCrumb" : "Moneycontrol / Market / Share/Stock Price / Textiles - General",
  "bseNseNames" : "BSE: 531543 | NSE: JINDWORLD |",
  "seriesLink" : "EQ",
  "isinLink" : "INE247D01039",
  "sectorLink" : "Moneycontrol / Market / Share/Stock Price / Textiles - General",
  "sectorTitle" : "TEXTILES - GENERAL",
  "bseData" : {
    "bsePrice" : "27.75",
    "bseVolume" : "25,886",
    "bsePrevClose" : "28.95",
    "bseOpenPrice" : "",
    "bseTodaysLow" : "26.25",
    "bseTodaysHigh" : "29.95",
    "bse52WeekLow" : "24.50",
    "bse52WeekHigh" : "87.70",
    "bseLowerPriceBand" : "26.10",
    "bseUpperPriceBand" : "31.80"
  },
  "nseData" : {
    "nsePrice" : "27.10",
    "nseVolume" : "123,068",
    "nsePrevClose" : "",
    "nseOpenPrice" : "",
    "nseTodaysLow" : "26.50",
    "nseTodaysHigh" : "31.60",
    "nse52WeekLow" : "23.40",
    "nse52WeekHigh" : "84.40",
    "nseLowerPriceBand" : "25.90",
    "nseUpperPriceBand" : "31.60"
  },
  "companyValuation" : {
    "marketCapital" : "556.44",
    "peRatio" : "17.26",
    "bookValue" : "17.24",
    "dividend" : "5.00",
    "marketLot" : "1",
    "industryPeRatio" : "18.54",
    "eps" : "1.57",
    "pcRatio" : "7.53",
    "bookPrice" : "1.61",
    "dividendYield" : "0.18",
    "faceValue" : "1.00",
    "deliverables" : "36.80"
  }
}