{
  "url" : "https://www.moneycontrol.com/india/stockpricequote/steel-tubespipes/jindalsaw/JS08",
  "companyName" : "Jindal Saw Ltd.",
  "breadCrumb" : "Moneycontrol / Market / Share/Stock Price / Steel - Tubes & Pipes",
  "bseNseNames" : "BSE: 500378 | NSE: JINDALSAW |",
  "seriesLink" : "EQ",
  "isinLink" : "INE324A01024",
  "sectorLink" : "Moneycontrol / Market / Share/Stock Price / Steel - Tubes & Pipes",
  "sectorTitle" : "Steel - Tubes & Pipes",
  "bseData" : {
    "bsePrice" : "50.15",
    "bseVolume" : "70,216",
    "bsePrevClose" : "49.20",
    "bseOpenPrice" : "",
    "bseTodaysLow" : "49.15",
    "bseTodaysHigh" : "52.90",
    "bse52WeekLow" : "40.00",
    "bse52WeekHigh" : "102.70",
    "bseLowerPriceBand" : "44.30",
    "bseUpperPriceBand" : "54.10"
  },
  "nseData" : {
    "nsePrice" : "50.30",
    "nseVolume" : "644,454",
    "nsePrevClose" : "",
    "nseOpenPrice" : "",
    "nseTodaysLow" : "48.25",
    "nseTodaysHigh" : "52.95",
    "nse52WeekLow" : "39.85",
    "nse52WeekHigh" : "102.60",
    "nseLowerPriceBand" : "44.45",
    "nseUpperPriceBand" : "54.25"
  },
  "companyValuation" : {
    "marketCapital" : "1,603.57",
    "peRatio" : "2.23",
    "bookValue" : "199.08",
    "dividend" : "100.00",
    "marketLot" : "1",
    "industryPeRatio" : "8.59",
    "eps" : "22.56",
    "pcRatio" : "1.6",
    "bookPrice" : "0.25",
    "dividendYield" : "3.99",
    "faceValue" : "2.00",
    "deliverables" : "DELIVERY AVERAGES (%)\n3-Day\n46.98\n5-Day\n55.48\n8-Day\n59.58\n46.12"
  }
}