{
  "url" : "https://www.moneycontrol.com/india/stockpricequote/consumer-goods-electronic/jindalphoto/JP11",
  "companyName" : "Jindal Photo Ltd.",
  "breadCrumb" : "Moneycontrol / Market / Share/Stock Price / Consumer Goods - Electronic",
  "bseNseNames" : "BSE: 532624 | NSE: JINDALPHOT |",
  "seriesLink" : "EQ",
  "isinLink" : "INE796G01012",
  "sectorLink" : "Moneycontrol / Market / Share/Stock Price / Consumer Goods - Electronic",
  "sectorTitle" : "CONSUMER GOODS - ELECTRONIC",
  "bseData" : {
    "bsePrice" : "10.80",
    "bseVolume" : "645",
    "bsePrevClose" : "10.17",
    "bseOpenPrice" : "",
    "bseTodaysLow" : "10.80",
    "bseTodaysHigh" : "12.14",
    "bse52WeekLow" : "7.55",
    "bse52WeekHigh" : "37.85",
    "bseLowerPriceBand" : "8.14",
    "bseUpperPriceBand" : "12.20"
  },
  "nseData" : {
    "nsePrice" : "10.45",
    "nseVolume" : "11,528",
    "nsePrevClose" : "",
    "nseOpenPrice" : "",
    "nseTodaysLow" : "8.55",
    "nseTodaysHigh" : "11.65",
    "nse52WeekLow" : "7.25",
    "nse52WeekHigh" : "37.90",
    "nseLowerPriceBand" : "7.80",
    "nseUpperPriceBand" : "11.70"
  },
  "companyValuation" : {
    "marketCapital" : "11.08",
    "peRatio" : "-",
    "bookValue" : "14.14",
    "dividend" : "0.00",
    "marketLot" : "1",
    "industryPeRatio" : "12.45",
    "eps" : "-",
    "pcRatio" : "-",
    "bookPrice" : "0.76",
    "dividendYield" : "-",
    "faceValue" : "10.00",
    "deliverables" : "50.74"
  }
}