{
  "url" : "https://www.moneycontrol.com/india/stockpricequote/oil-drillingexploration/jindaldrillingindustries/JDI",
  "companyName" : "Jindal Drilling Industries Ltd.",
  "breadCrumb" : "Moneycontrol / Market / Share/Stock Price / Oil Drilling And Exploration",
  "bseNseNames" : "BSE: 511034 | NSE: JINDRILL |",
  "seriesLink" : "EQ",
  "isinLink" : "INE742C01031",
  "sectorLink" : "Moneycontrol / Market / Share/Stock Price / Oil Drilling And Exploration",
  "sectorTitle" : "OIL DRILLING AND EXPLORATION",
  "bseData" : {
    "bsePrice" : "47.35",
    "bseVolume" : "2,778",
    "bsePrevClose" : "48.00",
    "bseOpenPrice" : "",
    "bseTodaysLow" : "45.20",
    "bseTodaysHigh" : "49.00",
    "bse52WeekLow" : "41.00",
    "bse52WeekHigh" : "127.55",
    "bseLowerPriceBand" : "43.20",
    "bseUpperPriceBand" : "52.80"
  },
  "nseData" : {
    "nsePrice" : "47.10",
    "nseVolume" : "21,536",
    "nsePrevClose" : "",
    "nseOpenPrice" : "",
    "nseTodaysLow" : "44.50",
    "nseTodaysHigh" : "48.80",
    "nse52WeekLow" : "40.55",
    "nse52WeekHigh" : "127.70",
    "nseLowerPriceBand" : "42.35",
    "nseUpperPriceBand" : "51.75"
  },
  "companyValuation" : {
    "marketCapital" : "137.23",
    "peRatio" : "7.14",
    "bookValue" : "299.21",
    "dividend" : "10.00",
    "marketLot" : "1",
    "industryPeRatio" : "3.96",
    "eps" : "6.6",
    "pcRatio" : "4.86",
    "bookPrice" : "0.16",
    "dividendYield" : "1.06",
    "faceValue" : "5.00",
    "deliverables" : "73.43"
  }
}