{
  "url" : "https://www.moneycontrol.com/india/stockpricequote/steel-sponge-iron/jindalsteelpower/JSP",
  "companyName" : "Jindal Steel & Power Ltd.",
  "breadCrumb" : "Moneycontrol / Market / Share/Stock Price / Steel - Sponge Iron",
  "bseNseNames" : "BSE: 532286 | NSE: JINDALSTEL |",
  "seriesLink" : "EQ",
  "isinLink" : "INE749A01030",
  "sectorLink" : "Moneycontrol / Market / Share/Stock Price / Steel - Sponge Iron",
  "sectorTitle" : "STEEL - SPONGE IRON",
  "bseData" : {
    "bsePrice" : "84.90",
    "bseVolume" : "2,567,007",
    "bsePrevClose" : "81.35",
    "bseOpenPrice" : "",
    "bseTodaysLow" : "77.25",
    "bseTodaysHigh" : "93.90",
    "bse52WeekLow" : "62.10",
    "bse52WeekHigh" : "202.40",
    "bseLowerPriceBand" : "73.25",
    "bseUpperPriceBand" : "97.60"
  },
  "nseData" : {
    "nsePrice" : "84.90",
    "nseVolume" : "62,924,356",
    "nsePrevClose" : "",
    "nseOpenPrice" : "",
    "nseTodaysLow" : "77.10",
    "nseTodaysHigh" : "97.50",
    "nse52WeekLow" : "62.00",
    "nse52WeekHigh" : "202.40",
    "nseLowerPriceBand" : "73.30",
    "nseUpperPriceBand" : "89.50"
  },
  "companyValuation" : {
    "marketCapital" : "8,659.94",
    "peRatio" : "-",
    "bookValue" : "221.06",
    "dividend" : "0.00",
    "marketLot" : "1",
    "industryPeRatio" : "3.29",
    "eps" : "-",
    "pcRatio" : "5.82",
    "bookPrice" : "0.38",
    "dividendYield" : "-",
    "faceValue" : "1.00",
    "deliverables" : "18.37"
  }
}