{
  "url" : "https://www.moneycontrol.com/india/stockpricequote/miscellaneous/jainirrigationsystems/JISLD57000",
  "companyName" : "JAIN IRRIGATION SYSTEMS Ltd.",
  "breadCrumb" : "Moneycontrol / Market / Share/Stock Price / Miscellaneous",
  "bseNseNames" : "BSE: 570004 | NSE: JISLDVREQS |",
  "seriesLink" : "EQ",
  "isinLink" : "IN9175A01010",
  "sectorLink" : "Moneycontrol / Market / Share/Stock Price / Miscellaneous",
  "sectorTitle" : "MISCELLANEOUS",
  "bseData" : {
    "bsePrice" : "3.87",
    "bseVolume" : "6,540",
    "bsePrevClose" : "3.69",
    "bseOpenPrice" : "",
    "bseTodaysLow" : "3.87",
    "bseTodaysHigh" : "3.87",
    "bse52WeekLow" : "3.15",
    "bse52WeekHigh" : "41.90",
    "bseLowerPriceBand" : "3.51",
    "bseUpperPriceBand" : "3.87"
  },
  "nseData" : {
    "nsePrice" : "3.75",
    "nseVolume" : "9,770",
    "nsePrevClose" : "",
    "nseOpenPrice" : "",
    "nseTodaysLow" : "3.75",
    "nseTodaysHigh" : "3.75",
    "nse52WeekLow" : "3.10",
    "nse52WeekHigh" : "41.80",
    "nseLowerPriceBand" : "3.45",
    "nseUpperPriceBand" : "3.75"
  },
  "companyValuation" : {
    "marketCapital" : "7.47",
    "peRatio" : "-",
    "bookValue" : "95.03",
    "dividend" : "50.00",
    "marketLot" : "1",
    "industryPeRatio" : "0.88",
    "eps" : "-",
    "pcRatio" : "-",
    "bookPrice" : "0.04",
    "dividendYield" : "25.84",
    "faceValue" : "2.00",
    "deliverables" : "99.99"
  }
}