{
  "url" : "https://www.moneycontrol.com/india/stockpricequote/plastics/jainirrigationsystems/JIS02",
  "companyName" : "Jain Irrigation Systems Ltd.",
  "breadCrumb" : "Moneycontrol / Market / Share/Stock Price / Plastics",
  "bseNseNames" : "BSE: 500219 | NSE: JISLJALEQS |",
  "seriesLink" : "EQ",
  "isinLink" : "INE175A01038",
  "sectorLink" : "Moneycontrol / Market / Share/Stock Price / Plastics",
  "sectorTitle" : "PLASTICS",
  "bseData" : {
    "bsePrice" : "3.86",
    "bseVolume" : "286,472",
    "bsePrevClose" : "3.68",
    "bseOpenPrice" : "",
    "bseTodaysLow" : "3.86",
    "bseTodaysHigh" : "3.86",
    "bse52WeekLow" : "3.08",
    "bse52WeekHigh" : "60.75",
    "bseLowerPriceBand" : "3.50",
    "bseUpperPriceBand" : "3.86"
  },
  "nseData" : {
    "nsePrice" : "3.80",
    "nseVolume" : "1,570,408",
    "nsePrevClose" : "",
    "nseOpenPrice" : "",
    "nseTodaysLow" : "3.80",
    "nseTodaysHigh" : "3.80",
    "nse52WeekLow" : "3.05",
    "nse52WeekHigh" : "60.90",
    "nseLowerPriceBand" : "3.50",
    "nseUpperPriceBand" : "3.80"
  },
  "companyValuation" : {
    "marketCapital" : "191.60",
    "peRatio" : "-",
    "bookValue" : "95.03",
    "dividend" : "50.00",
    "marketLot" : "1",
    "industryPeRatio" : "0.88",
    "eps" : "-",
    "pcRatio" : "-",
    "bookPrice" : "0.04",
    "dividendYield" : "25.91",
    "faceValue" : "2.00",
    "deliverables" : "100.00"
  }
}