{
  "url" : "https://www.moneycontrol.com/india/stockpricequote/miscellaneous/jitfinfralogistics/JIT01",
  "companyName" : "JITF Infralogistics Ltd.",
  "breadCrumb" : "Moneycontrol / Market / Share/Stock Price / Miscellaneous",
  "bseNseNames" : "BSE: 540311 | NSE: JITFINFRA |",
  "seriesLink" : "BE",
  "isinLink" : "INE863T01013",
  "sectorLink" : "Moneycontrol / Market / Share/Stock Price / Miscellaneous",
  "sectorTitle" : "MISCELLANEOUS",
  "bseData" : {
    "bsePrice" : "5.05",
    "bseVolume" : "100",
    "bsePrevClose" : "5.30",
    "bseOpenPrice" : "",
    "bseTodaysLow" : "5.05",
    "bseTodaysHigh" : "5.05",
    "bse52WeekLow" : "5.05",
    "bse52WeekHigh" : "17.20",
    "bseLowerPriceBand" : "5.04",
    "bseUpperPriceBand" : "5.56"
  },
  "nseData" : {
    "nsePrice" : "3.90",
    "nseVolume" : "1,519",
    "nsePrevClose" : "",
    "nseOpenPrice" : "",
    "nseTodaysLow" : "3.90",
    "nseTodaysHigh" : "3.90",
    "nse52WeekLow" : "3.15",
    "nse52WeekHigh" : "17.40",
    "nseLowerPriceBand" : "3.60",
    "nseUpperPriceBand" : "3.90"
  },
  "companyValuation" : {
    "marketCapital" : "12.98",
    "peRatio" : "48.75",
    "bookValue" : "124.31",
    "dividend" : "0.00",
    "marketLot" : "1",
    "industryPeRatio" : "17.39",
    "eps" : "0.08",
    "pcRatio" : "48.75",
    "bookPrice" : "0.04",
    "dividendYield" : "-",
    "faceValue" : "2.00",
    "deliverables" : "100.00"
  }
}