{
  "url" : "https://www.moneycontrol.com/india/stockpricequote/miscellaneous/jiyaecoproducts/JEP",
  "companyName" : "Jiya Eco Products Ltd.",
  "breadCrumb" : "Moneycontrol / Market / Share/Stock Price / Miscellaneous",
  "bseNseNames" : "BSE: 539225 | NSE: JIYAECO |",
  "seriesLink" : "EQ",
  "isinLink" : "INE023S01016",
  "sectorLink" : "Moneycontrol / Market / Share/Stock Price / Miscellaneous",
  "sectorTitle" : "MISCELLANEOUS",
  "bseData" : {
    "bsePrice" : "6.45",
    "bseVolume" : "44,337",
    "bsePrevClose" : "6.58",
    "bseOpenPrice" : "",
    "bseTodaysLow" : "6.45",
    "bseTodaysHigh" : "6.59",
    "bse52WeekLow" : "6.45",
    "bse52WeekHigh" : "85.80",
    "bseLowerPriceBand" : "6.45",
    "bseUpperPriceBand" : "6.71"
  },
  "nseData" : {
    "nsePrice" : "6.80",
    "nseVolume" : "13,874",
    "nsePrevClose" : "",
    "nseOpenPrice" : "",
    "nseTodaysLow" : "6.80",
    "nseTodaysHigh" : "6.80",
    "nse52WeekLow" : "0.00",
    "nse52WeekHigh" : "57.80",
    "nseLowerPriceBand" : "6.80",
    "nseUpperPriceBand" : "7.00"
  },
  "companyValuation" : {
    "marketCapital" : "19.40",
    "peRatio" : "1.09",
    "bookValue" : "22.99",
    "dividend" : "2.00",
    "marketLot" : "1",
    "industryPeRatio" : "57.44",
    "eps" : "6.23",
    "pcRatio" : "1.01",
    "bookPrice" : "0.28",
    "dividendYield" : "3.10",
    "faceValue" : "10.00",
    "deliverables" : "100.00"
  }
}