{
  "url" : "https://www.moneycontrol.com/india/stockpricequote/cement-major/jkcement/JKC03",
  "companyName" : "J. K. Cement Ltd.",
  "breadCrumb" : "Moneycontrol / Market / Share/Stock Price / Cement - Major",
  "bseNseNames" : "BSE: 532644 | NSE: JKCEMENT |",
  "seriesLink" : "EQ",
  "isinLink" : "INE823G01014",
  "sectorLink" : "Moneycontrol / Market / Share/Stock Price / Cement - Major",
  "sectorTitle" : "CEMENT - MAJOR",
  "bseData" : {
    "bsePrice" : "955.85",
    "bseVolume" : "844",
    "bsePrevClose" : "966.40",
    "bseOpenPrice" : "",
    "bseTodaysLow" : "942.10",
    "bseTodaysHigh" : "974.50",
    "bse52WeekLow" : "800.00",
    "bse52WeekHigh" : "1504.40",
    "bseLowerPriceBand" : "773.15",
    "bseUpperPriceBand" : "1159.65"
  },
  "nseData" : {
    "nsePrice" : "953.45",
    "nseVolume" : "38,295",
    "nsePrevClose" : "",
    "nseOpenPrice" : "",
    "nseTodaysLow" : "940.00",
    "nseTodaysHigh" : "973.00",
    "nse52WeekLow" : "795.25",
    "nse52WeekHigh" : "1505.00",
    "nseLowerPriceBand" : "773.00",
    "nseUpperPriceBand" : "1159.50"
  },
  "companyValuation" : {
    "marketCapital" : "7,385.69",
    "peRatio" : "13.39",
    "bookValue" : "374.38",
    "dividend" : "100.00",
    "marketLot" : "1",
    "industryPeRatio" : "28.37",
    "eps" : "71.2",
    "pcRatio" : "9.9",
    "bookPrice" : "2.55",
    "dividendYield" : "1.05",
    "faceValue" : "10.00",
    "deliverables" : "73.15"
  }
}