{
  "url" : "https://www.moneycontrol.com/india/stockpricequote/constructioncontracting-civil/jkumarinfraprojects/KI01",
  "companyName" : "J Kumar Infraprojects Ltd.",
  "breadCrumb" : "Moneycontrol / Market / Share/Stock Price / Construction & Contracting - Civil",
  "bseNseNames" : "BSE: 532940 | NSE: JKIL |",
  "seriesLink" : "EQ",
  "isinLink" : "INE576I01022",
  "sectorLink" : "Moneycontrol / Market / Share/Stock Price / Construction & Contracting - Civil",
  "sectorTitle" : "CONSTRUCTION & CONTRACTING - CIVIL",
  "bseData" : {
    "bsePrice" : "77.75",
    "bseVolume" : "2,361",
    "bsePrevClose" : "76.10",
    "bseOpenPrice" : "",
    "bseTodaysLow" : "73.10",
    "bseTodaysHigh" : "77.75",
    "bse52WeekLow" : "65.15",
    "bse52WeekHigh" : "181.00",
    "bseLowerPriceBand" : "68.50",
    "bseUpperPriceBand" : "83.70"
  },
  "nseData" : {
    "nsePrice" : "77.40",
    "nseVolume" : "58,225",
    "nsePrevClose" : "",
    "nseOpenPrice" : "",
    "nseTodaysLow" : "74.20",
    "nseTodaysHigh" : "78.15",
    "nse52WeekLow" : "65.05",
    "nse52WeekHigh" : "181.65",
    "nseLowerPriceBand" : "68.15",
    "nseUpperPriceBand" : "83.25"
  },
  "companyValuation" : {
    "marketCapital" : "588.30",
    "peRatio" : "2.79",
    "bookValue" : "220.38",
    "dividend" : "45.00",
    "marketLot" : "1",
    "industryPeRatio" : "13.75",
    "eps" : "27.73",
    "pcRatio" : "1.88",
    "bookPrice" : "0.35",
    "dividendYield" : "2.89",
    "faceValue" : "5.00",
    "deliverables" : "76.24"
  }
}