{
  "url" : "https://www.moneycontrol.com/india/stockpricequote/cement-major/jklakshmicement/JKL01",
  "companyName" : "JK Lakshmi Cement Ltd.",
  "breadCrumb" : "Moneycontrol / Market / Share/Stock Price / Cement - Major",
  "bseNseNames" : "BSE: 500380 | NSE: JKLAKSHMI |",
  "seriesLink" : "EQ",
  "isinLink" : "INE786A01032",
  "sectorLink" : "Moneycontrol / Market / Share/Stock Price / Cement - Major",
  "sectorTitle" : "CEMENT - MAJOR",
  "bseData" : {
    "bsePrice" : "186.55",
    "bseVolume" : "4,858",
    "bsePrevClose" : "181.65",
    "bseOpenPrice" : "",
    "bseTodaysLow" : "180.00",
    "bseTodaysHigh" : "190.50",
    "bse52WeekLow" : "179.80",
    "bse52WeekHigh" : "396.20",
    "bseLowerPriceBand" : "145.35",
    "bseUpperPriceBand" : "217.95"
  },
  "nseData" : {
    "nsePrice" : "184.80",
    "nseVolume" : "78,617",
    "nsePrevClose" : "",
    "nseOpenPrice" : "",
    "nseTodaysLow" : "180.00",
    "nseTodaysHigh" : "190.50",
    "nse52WeekLow" : "179.75",
    "nse52WeekHigh" : "395.95",
    "nseLowerPriceBand" : "145.40",
    "nseUpperPriceBand" : "218.00"
  },
  "companyValuation" : {
    "marketCapital" : "2,195.14",
    "peRatio" : "12.24",
    "bookValue" : "129.40",
    "dividend" : "15.00",
    "marketLot" : "1",
    "industryPeRatio" : "28.37",
    "eps" : "15.1",
    "pcRatio" : "6.09",
    "bookPrice" : "1.44",
    "dividendYield" : "0.40",
    "faceValue" : "5.00",
    "deliverables" : "61.35"
  }
}