{
  "url" : "https://www.moneycontrol.com/india/stockpricequote/paper/jkpaper/JKP01",
  "companyName" : "JK Paper Ltd.",
  "breadCrumb" : "Moneycontrol / Market / Share/Stock Price / Paper",
  "bseNseNames" : "BSE: 532162 | NSE: JKPAPER |",
  "seriesLink" : "EQ",
  "isinLink" : "INE789E01012",
  "sectorLink" : "Moneycontrol / Market / Share/Stock Price / Paper",
  "sectorTitle" : "PAPER",
  "bseData" : {
    "bsePrice" : "92.25",
    "bseVolume" : "299,223",
    "bsePrevClose" : "83.65",
    "bseOpenPrice" : "",
    "bseTodaysLow" : "81.05",
    "bseTodaysHigh" : "93.90",
    "bse52WeekLow" : "62.20",
    "bse52WeekHigh" : "155.50",
    "bseLowerPriceBand" : "66.95",
    "bseUpperPriceBand" : "100.35"
  },
  "nseData" : {
    "nsePrice" : "91.00",
    "nseVolume" : "5,146,913",
    "nsePrevClose" : "",
    "nseOpenPrice" : "",
    "nseTodaysLow" : "80.10",
    "nseTodaysHigh" : "93.90",
    "nse52WeekLow" : "62.00",
    "nse52WeekHigh" : "155.90",
    "nseLowerPriceBand" : "66.90",
    "nseUpperPriceBand" : "100.30"
  },
  "companyValuation" : {
    "marketCapital" : "1,644.30",
    "peRatio" : "3.16",
    "bookValue" : "114.52",
    "dividend" : "35.00",
    "marketLot" : "1",
    "industryPeRatio" : "3.99",
    "eps" : "28.81",
    "pcRatio" : "2.54",
    "bookPrice" : "0.81",
    "dividendYield" : "3.79",
    "faceValue" : "10.00",
    "deliverables" : "23.34"
  }
}