{
  "url" : "https://www.moneycontrol.com/india/stockpricequote/tyres/jktyreindustries/JKT01",
  "companyName" : "JK Tyre and Industries Ltd.",
  "breadCrumb" : "Moneycontrol / Market / Share/Stock Price / Tyres",
  "bseNseNames" : "BSE: 530007 | NSE: JKTYRE |",
  "seriesLink" : "EQ",
  "isinLink" : "INE573A01042",
  "sectorLink" : "Moneycontrol / Market / Share/Stock Price / Tyres",
  "sectorTitle" : "TYRES",
  "bseData" : {
    "bsePrice" : "42.45",
    "bseVolume" : "50,490",
    "bsePrevClose" : "40.40",
    "bseOpenPrice" : "",
    "bseTodaysLow" : "40.45",
    "bseTodaysHigh" : "43.30",
    "bse52WeekLow" : "31.50",
    "bse52WeekHigh" : "94.55",
    "bseLowerPriceBand" : "36.40",
    "bseUpperPriceBand" : "44.40"
  },
  "nseData" : {
    "nsePrice" : "42.40",
    "nseVolume" : "460,531",
    "nsePrevClose" : "",
    "nseOpenPrice" : "",
    "nseTodaysLow" : "40.20",
    "nseTodaysHigh" : "43.35",
    "nse52WeekLow" : "31.65",
    "nse52WeekHigh" : "94.40",
    "nseLowerPriceBand" : "36.40",
    "nseUpperPriceBand" : "44.40"
  },
  "companyValuation" : {
    "marketCapital" : "1,045.25",
    "peRatio" : "3.97",
    "bookValue" : "81.03",
    "dividend" : "75.00",
    "marketLot" : "1",
    "industryPeRatio" : "16.17",
    "eps" : "10.67",
    "pcRatio" : "2.31",
    "bookPrice" : "0.52",
    "dividendYield" : "3.53",
    "faceValue" : "2.00",
    "deliverables" : "64.02"
  }
}