{
  "url" : "https://www.moneycontrol.com/india/stockpricequote/finance-investments/jmfinancial/JMF",
  "companyName" : "JM Financial Ltd.",
  "breadCrumb" : "Moneycontrol / Market / Share/Stock Price / Finance - Investments",
  "bseNseNames" : "BSE: 523405 | NSE: JMFINANCIL |",
  "seriesLink" : "EQ",
  "isinLink" : "INE780C01023",
  "sectorLink" : "Moneycontrol / Market / Share/Stock Price / Finance - Investments",
  "sectorTitle" : "FINANCE - INVESTMENTS",
  "bseData" : {
    "bsePrice" : "68.85",
    "bseVolume" : "73,349",
    "bsePrevClose" : "63.95",
    "bseOpenPrice" : "",
    "bseTodaysLow" : "64.35",
    "bseTodaysHigh" : "70.30",
    "bse52WeekLow" : "59.90",
    "bse52WeekHigh" : "126.00",
    "bseLowerPriceBand" : "57.60",
    "bseUpperPriceBand" : "70.30"
  },
  "nseData" : {
    "nsePrice" : "68.85",
    "nseVolume" : "944,017",
    "nsePrevClose" : "",
    "nseOpenPrice" : "",
    "nseTodaysLow" : "64.25",
    "nseTodaysHigh" : "70.70",
    "nse52WeekLow" : "60.40",
    "nse52WeekHigh" : "124.70",
    "nseLowerPriceBand" : "57.90",
    "nseUpperPriceBand" : "70.70"
  },
  "companyValuation" : {
    "marketCapital" : "5,791.83",
    "peRatio" : "55.08",
    "bookValue" : "29.51",
    "dividend" : "100.00",
    "marketLot" : "1",
    "industryPeRatio" : "23.58",
    "eps" : "1.25",
    "pcRatio" : "54.21",
    "bookPrice" : "2.33",
    "dividendYield" : "1.45",
    "faceValue" : "1.00",
    "deliverables" : "56.95"
  }
}