{
  "url" : "https://www.moneycontrol.com/india/stockpricequote/auto-ancillaries/jmtauto/JMT02",
  "companyName" : "JMT Auto Ltd.",
  "breadCrumb" : "Moneycontrol / Market / Share/Stock Price / Auto Ancillaries",
  "bseNseNames" : "BSE: 513691 | NSE: JMTAUTOLTD |",
  "seriesLink" : "EQ",
  "isinLink" : "INE988E01036",
  "sectorLink" : "Moneycontrol / Market / Share/Stock Price / Auto Ancillaries",
  "sectorTitle" : "AUTO ANCILLARIES",
  "bseData" : {
    "bsePrice" : "1.08",
    "bseVolume" : "11,100",
    "bsePrevClose" : "0.99",
    "bseOpenPrice" : "",
    "bseTodaysLow" : "0.95",
    "bseTodaysHigh" : "1.08",
    "bse52WeekLow" : "0.83",
    "bse52WeekHigh" : "2.87",
    "bseLowerPriceBand" : "0.90",
    "bseUpperPriceBand" : "1.08"
  },
  "nseData" : {
    "nsePrice" : "1.00",
    "nseVolume" : "37,852",
    "nsePrevClose" : "",
    "nseOpenPrice" : "",
    "nseTodaysLow" : "0.95",
    "nseTodaysHigh" : "1.00",
    "nse52WeekLow" : "0.80",
    "nse52WeekHigh" : "2.75",
    "nseLowerPriceBand" : "0.90",
    "nseUpperPriceBand" : "1.00"
  },
  "companyValuation" : {
    "marketCapital" : "54.41",
    "peRatio" : "-",
    "bookValue" : "3.32",
    "dividend" : "0.00",
    "marketLot" : "1",
    "industryPeRatio" : "10.40",
    "eps" : "-",
    "pcRatio" : "-",
    "bookPrice" : "0.33",
    "dividendYield" : "-",
    "faceValue" : "1.00",
    "deliverables" : "75.18"
  }
}