{
  "url" : "https://www.moneycontrol.com/india/stockpricequote/infrastructure-general/jaiprakashassociates/JA02",
  "companyName" : "Jaiprakash Associates Ltd.",
  "breadCrumb" : "Moneycontrol / Market / Share/Stock Price / Infrastructure - General",
  "bseNseNames" : "BSE: 532532 | NSE: JPASSOCIAT |",
  "seriesLink" : "EQ",
  "isinLink" : "INE455F01025",
  "sectorLink" : "Moneycontrol / Market / Share/Stock Price / Infrastructure - General",
  "sectorTitle" : "INFRASTRUCTURE - GENERAL",
  "bseData" : {
    "bsePrice" : "1.28",
    "bseVolume" : "969,035",
    "bsePrevClose" : "1.22",
    "bseOpenPrice" : "",
    "bseTodaysLow" : "1.25",
    "bseTodaysHigh" : "1.28",
    "bse52WeekLow" : "1.05",
    "bse52WeekHigh" : "6.19",
    "bseLowerPriceBand" : "1.16",
    "bseUpperPriceBand" : "1.28"
  },
  "nseData" : {
    "nsePrice" : "1.25",
    "nseVolume" : "547,419",
    "nsePrevClose" : "",
    "nseOpenPrice" : "",
    "nseTodaysLow" : "1.25",
    "nseTodaysHigh" : "1.25",
    "nse52WeekLow" : "1.05",
    "nse52WeekHigh" : "6.20",
    "nseLowerPriceBand" : "1.15",
    "nseUpperPriceBand" : "1.25"
  },
  "companyValuation" : {
    "marketCapital" : "311.35",
    "peRatio" : "-",
    "bookValue" : "35.88",
    "dividend" : "0.00",
    "marketLot" : "1",
    "industryPeRatio" : "13.75",
    "eps" : "-",
    "pcRatio" : "-",
    "bookPrice" : "0.04",
    "dividendYield" : "-",
    "faceValue" : "2.00",
    "deliverables" : "100.00"
  }
}