{
  "url" : "https://www.moneycontrol.com/india/stockpricequote/finance-general/jindalpolyinvestmentfinancecompany/JPI02",
  "companyName" : "Jindal Poly Investment and Finance Company Ltd.",
  "breadCrumb" : "Moneycontrol / Market / Share/Stock Price / Finance - General",
  "bseNseNames" : "BSE: 536773 | NSE: JPOLYINVST |",
  "seriesLink" : "EQ",
  "isinLink" : "INE147P01019",
  "sectorLink" : "Moneycontrol / Market / Share/Stock Price / Finance - General",
  "sectorTitle" : "FINANCE - GENERAL",
  "bseData" : {
    "bsePrice" : "9.50",
    "bseVolume" : "1,000",
    "bsePrevClose" : "10.00",
    "bseOpenPrice" : "",
    "bseTodaysLow" : "9.50",
    "bseTodaysHigh" : "9.50",
    "bse52WeekLow" : "8.46",
    "bse52WeekHigh" : "37.30",
    "bseLowerPriceBand" : "9.50",
    "bseUpperPriceBand" : "10.50"
  },
  "nseData" : {
    "nsePrice" : "7.50",
    "nseVolume" : "1,849",
    "nsePrevClose" : "",
    "nseOpenPrice" : "",
    "nseTodaysLow" : "7.45",
    "nseTodaysHigh" : "7.80",
    "nse52WeekLow" : "7.15",
    "nse52WeekHigh" : "35.70",
    "nseLowerPriceBand" : "7.45",
    "nseUpperPriceBand" : "8.15"
  },
  "companyValuation" : {
    "marketCapital" : "9.99",
    "peRatio" : "-",
    "bookValue" : "94.69",
    "dividend" : "0.00",
    "marketLot" : "1",
    "industryPeRatio" : "23.58",
    "eps" : "-",
    "pcRatio" : "-",
    "bookPrice" : "0.10",
    "dividendYield" : "-",
    "faceValue" : "10.00",
    "deliverables" : "97.26"
  }
}