{
  "url" : "https://www.moneycontrol.com/india/stockpricequote/power-generationdistribution/jaiprakashpowerventures/JHP01",
  "companyName" : "Jaiprakash Power Ventures Ltd.",
  "breadCrumb" : "Moneycontrol / Market / Share/Stock Price / Power - Generation & Distribution",
  "bseNseNames" : "BSE: 532627 | NSE: JPPOWER |",
  "seriesLink" : "EQ",
  "isinLink" : "INE351F01018",
  "sectorLink" : "Moneycontrol / Market / Share/Stock Price / Power - Generation & Distribution",
  "sectorTitle" : "POWER - GENERATION & DISTRIBUTION",
  "bseData" : {
    "bsePrice" : "0.77",
    "bseVolume" : "2,002,951",
    "bsePrevClose" : "0.74",
    "bseOpenPrice" : "",
    "bseTodaysLow" : "0.77",
    "bseTodaysHigh" : "0.77",
    "bse52WeekLow" : "0.54",
    "bse52WeekHigh" : "3.45",
    "bseLowerPriceBand" : "0.71",
    "bseUpperPriceBand" : "0.77"
  },
  "nseData" : {
    "nsePrice" : "0.80",
    "nseVolume" : "2,756,613",
    "nsePrevClose" : "",
    "nseOpenPrice" : "",
    "nseTodaysLow" : "0.80",
    "nseTodaysHigh" : "0.80",
    "nse52WeekLow" : "0.35",
    "nse52WeekHigh" : "3.45",
    "nseLowerPriceBand" : "0.70",
    "nseUpperPriceBand" : "0.80"
  },
  "companyValuation" : {
    "marketCapital" : "526.71",
    "peRatio" : "-",
    "bookValue" : "14.37",
    "dividend" : "0.00",
    "marketLot" : "1",
    "industryPeRatio" : "7.28",
    "eps" : "-",
    "pcRatio" : "-",
    "bookPrice" : "0.05",
    "dividendYield" : "-",
    "faceValue" : "10.00",
    "deliverables" : "100.00"
  }
}