{
  "url" : "https://www.moneycontrol.com/india/stockpricequote/steel-large/jindalstainlesshisar/JSH",
  "companyName" : "Jindal Stainless (Hisar) Ltd.",
  "breadCrumb" : "Moneycontrol / Market / Share/Stock Price / Steel - Large",
  "bseNseNames" : "BSE: 539597 | NSE: JSLHISAR |",
  "seriesLink" : "EQ",
  "isinLink" : "INE455T01018",
  "sectorLink" : "Moneycontrol / Market / Share/Stock Price / Steel - Large",
  "sectorTitle" : "STEEL - LARGE",
  "bseData" : {
    "bsePrice" : "47.00",
    "bseVolume" : "23,961",
    "bsePrevClose" : "42.95",
    "bseOpenPrice" : "",
    "bseTodaysLow" : "43.30",
    "bseTodaysHigh" : "47.20",
    "bse52WeekLow" : "30.40",
    "bse52WeekHigh" : "95.30",
    "bseLowerPriceBand" : "38.70",
    "bseUpperPriceBand" : "47.20"
  },
  "nseData" : {
    "nsePrice" : "46.80",
    "nseVolume" : "216,097",
    "nsePrevClose" : "",
    "nseOpenPrice" : "",
    "nseTodaysLow" : "42.25",
    "nseTodaysHigh" : "47.35",
    "nse52WeekLow" : "30.40",
    "nse52WeekHigh" : "95.00",
    "nseLowerPriceBand" : "38.75",
    "nseUpperPriceBand" : "47.35"
  },
  "companyValuation" : {
    "marketCapital" : "1,108.89",
    "peRatio" : "3.78",
    "bookValue" : "64.29",
    "dividend" : "0.00",
    "marketLot" : "1",
    "industryPeRatio" : "4.61",
    "eps" : "12.38",
    "pcRatio" : "1.94",
    "bookPrice" : "0.73",
    "dividendYield" : "-",
    "faceValue" : "2.00",
    "deliverables" : "90.69"
  }
}