{
  "url" : "https://www.moneycontrol.com/india/stockpricequote/power-generationdistribution/jswenergy/JE01",
  "companyName" : "JSW Energy Ltd.",
  "breadCrumb" : "Moneycontrol / Market / Share/Stock Price / Power - Generation & Distribution",
  "bseNseNames" : "BSE: 533148 | NSE: JSWENERGY |",
  "seriesLink" : "EQ",
  "isinLink" : "INE121E01018",
  "sectorLink" : "Moneycontrol / Market / Share/Stock Price / Power - Generation & Distribution",
  "sectorTitle" : "POWER - GENERATION & DISTRIBUTION",
  "bseData" : {
    "bsePrice" : "42.15",
    "bseVolume" : "79,200",
    "bsePrevClose" : "42.65",
    "bseOpenPrice" : "",
    "bseTodaysLow" : "41.85",
    "bseTodaysHigh" : "43.85",
    "bse52WeekLow" : "34.75",
    "bse52WeekHigh" : "80.00",
    "bseLowerPriceBand" : "34.15",
    "bseUpperPriceBand" : "51.15"
  },
  "nseData" : {
    "nsePrice" : "42.20",
    "nseVolume" : "1,836,431",
    "nsePrevClose" : "",
    "nseOpenPrice" : "",
    "nseTodaysLow" : "41.90",
    "nseTodaysHigh" : "43.85",
    "nse52WeekLow" : "34.75",
    "nse52WeekHigh" : "80.00",
    "nseLowerPriceBand" : "34.05",
    "nseUpperPriceBand" : "51.05"
  },
  "companyValuation" : {
    "marketCapital" : "6,922.55",
    "peRatio" : "16.11",
    "bookValue" : "61.92",
    "dividend" : "10.00",
    "marketLot" : "1",
    "industryPeRatio" : "7.28",
    "eps" : "2.62",
    "pcRatio" : "8.72",
    "bookPrice" : "0.68",
    "dividendYield" : "2.37",
    "faceValue" : "10.00",
    "deliverables" : "63.80"
  }
}