{
  "url" : "https://www.moneycontrol.com/india/stockpricequote/finance-investments/jswholdings/JSW",
  "companyName" : "JSW Holdings Ltd.",
  "breadCrumb" : "Moneycontrol / Market / Share/Stock Price / Finance - Investments",
  "bseNseNames" : "BSE: 532642 | NSE: JSWHL |",
  "seriesLink" : "EQ",
  "isinLink" : "INE824G01012",
  "sectorLink" : "Moneycontrol / Market / Share/Stock Price / Finance - Investments",
  "sectorTitle" : "FINANCE - INVESTMENTS",
  "bseData" : {
    "bsePrice" : "1490.00",
    "bseVolume" : "47",
    "bsePrevClose" : "1491.80",
    "bseOpenPrice" : "",
    "bseTodaysLow" : "1371.00",
    "bseTodaysHigh" : "1547.00",
    "bse52WeekLow" : "1259.00",
    "bse52WeekHigh" : "3138.95",
    "bseLowerPriceBand" : "1342.65",
    "bseUpperPriceBand" : "1640.95"
  },
  "nseData" : {
    "nsePrice" : "1513.95",
    "nseVolume" : "725",
    "nsePrevClose" : "",
    "nseOpenPrice" : "",
    "nseTodaysLow" : "1470.10",
    "nseTodaysHigh" : "1550.00",
    "nse52WeekLow" : "1300.00",
    "nse52WeekHigh" : "3131.85",
    "nseLowerPriceBand" : "1318.60",
    "nseUpperPriceBand" : "1611.60"
  },
  "companyValuation" : {
    "marketCapital" : "1,653.84",
    "peRatio" : "16.25",
    "bookValue" : "7369.24",
    "dividend" : "0.00",
    "marketLot" : "1",
    "industryPeRatio" : "23.58",
    "eps" : "93.18",
    "pcRatio" : "16.24",
    "bookPrice" : "0.20",
    "dividendYield" : "-",
    "faceValue" : "10.00",
    "deliverables" : "90.39"
  }
}