{
  "url" : "https://www.moneycontrol.com/india/stockpricequote/steel-large/jswsteel/JSW01",
  "companyName" : "JSW Steel Ltd.",
  "breadCrumb" : "Moneycontrol / Market / Share/Stock Price / Steel - Large",
  "bseNseNames" : "BSE: 500228 | NSE: JSWSTEEL |",
  "seriesLink" : "EQ",
  "isinLink" : "INE019A01038",
  "sectorLink" : "Moneycontrol / Market / Share/Stock Price / Steel - Large",
  "sectorTitle" : "STEEL - LARGE",
  "bseData" : {
    "bsePrice" : "154.65",
    "bseVolume" : "732,024",
    "bsePrevClose" : "158.25",
    "bseOpenPrice" : "",
    "bseTodaysLow" : "152.40",
    "bseTodaysHigh" : "170.80",
    "bse52WeekLow" : "132.50",
    "bse52WeekHigh" : "313.40",
    "bseLowerPriceBand" : "142.45",
    "bseUpperPriceBand" : "174.05"
  },
  "nseData" : {
    "nsePrice" : "154.60",
    "nseVolume" : "15,245,833",
    "nsePrevClose" : "",
    "nseOpenPrice" : "",
    "nseTodaysLow" : "152.15",
    "nseTodaysHigh" : "170.75",
    "nse52WeekLow" : "132.50",
    "nse52WeekHigh" : "314.00",
    "nseLowerPriceBand" : "142.30",
    "nseUpperPriceBand" : "173.90"
  },
  "companyValuation" : {
    "marketCapital" : "37,382.31",
    "peRatio" : "5.52",
    "bookValue" : "145.22",
    "dividend" : "410.00",
    "marketLot" : "1",
    "industryPeRatio" : "3.73",
    "eps" : "28.03",
    "pcRatio" : "3.67",
    "bookPrice" : "1.06",
    "dividendYield" : "2.65",
    "faceValue" : "1.00",
    "deliverables" : "18.80"
  }
}