{
  "url" : "https://www.moneycontrol.com/india/stockpricequote/auto-ancillaries/jtektindia/SKS04",
  "companyName" : "JTEKT India Ltd.",
  "breadCrumb" : "Moneycontrol / Market / Share/Stock Price / Auto Ancillaries",
  "bseNseNames" : "BSE: 520057 | NSE: JTEKTINDIA |",
  "seriesLink" : "EQ",
  "isinLink" : "INE643A01035",
  "sectorLink" : "Moneycontrol / Market / Share/Stock Price / Auto Ancillaries",
  "sectorTitle" : "AUTO ANCILLARIES",
  "bseData" : {
    "bsePrice" : "38.80",
    "bseVolume" : "19,597",
    "bsePrevClose" : "38.20",
    "bseOpenPrice" : "",
    "bseTodaysLow" : "37.55",
    "bseTodaysHigh" : "40.50",
    "bse52WeekLow" : "34.75",
    "bse52WeekHigh" : "119.30",
    "bseLowerPriceBand" : "34.40",
    "bseUpperPriceBand" : "42.00"
  },
  "nseData" : {
    "nsePrice" : "38.85",
    "nseVolume" : "284,293",
    "nsePrevClose" : "",
    "nseOpenPrice" : "",
    "nseTodaysLow" : "37.55",
    "nseTodaysHigh" : "40.30",
    "nse52WeekLow" : "35.10",
    "nse52WeekHigh" : "119.50",
    "nseLowerPriceBand" : "34.15",
    "nseUpperPriceBand" : "41.65"
  },
  "companyValuation" : {
    "marketCapital" : "948.58",
    "peRatio" : "21.23",
    "bookValue" : "23.45",
    "dividend" : "80.00",
    "marketLot" : "1",
    "industryPeRatio" : "10.40",
    "eps" : "1.83",
    "pcRatio" : "7.03",
    "bookPrice" : "1.65",
    "dividendYield" : "2.06",
    "faceValue" : "1.00",
    "deliverables" : "72.84"
  }
}