{
  "url" : "https://www.moneycontrol.com/india/stockpricequote/miscellaneous/jubilantfoodworks/JF04",
  "companyName" : "Jubilant Foodworks Ltd.",
  "breadCrumb" : "Moneycontrol / Market / Share/Stock Price / Miscellaneous",
  "bseNseNames" : "BSE: 533155 | NSE: JUBLFOOD |",
  "seriesLink" : "EQ",
  "isinLink" : "INE797F01012",
  "sectorLink" : "Moneycontrol / Market / Share/Stock Price / Miscellaneous",
  "sectorTitle" : "MISCELLANEOUS",
  "bseData" : {
    "bsePrice" : "1403.00",
    "bseVolume" : "37,675",
    "bsePrevClose" : "1413.00",
    "bseOpenPrice" : "",
    "bseTodaysLow" : "1370.60",
    "bseTodaysHigh" : "1455.00",
    "bse52WeekLow" : "1078.05",
    "bse52WeekHigh" : "1973.05",
    "bseLowerPriceBand" : "1271.70",
    "bseUpperPriceBand" : "1554.30"
  },
  "nseData" : {
    "nsePrice" : "1406.80",
    "nseVolume" : "987,237",
    "nsePrevClose" : "",
    "nseOpenPrice" : "",
    "nseTodaysLow" : "1367.00",
    "nseTodaysHigh" : "1456.00",
    "nse52WeekLow" : "1077.90",
    "nse52WeekHigh" : "1973.85",
    "nseLowerPriceBand" : "1269.25",
    "nseUpperPriceBand" : "1551.25"
  },
  "companyValuation" : {
    "marketCapital" : "18,515.26",
    "peRatio" : "56.54",
    "bookValue" : "100.31",
    "dividend" : "50.00",
    "marketLot" : "1",
    "industryPeRatio" : "57.44",
    "eps" : "24.88",
    "pcRatio" : "38.63",
    "bookPrice" : "13.99",
    "dividendYield" : "0.36",
    "faceValue" : "10.00",
    "deliverables" : "33.43"
  }
}