{
  "url" : "https://www.moneycontrol.com/india/stockpricequote/miscellaneous/jubilantindustries/JI10",
  "companyName" : "Jubilant Industries Ltd.",
  "breadCrumb" : "Moneycontrol / Market / Share/Stock Price / Miscellaneous",
  "bseNseNames" : "BSE: 533320 | NSE: JUBLINDS |",
  "seriesLink" : "EQ",
  "isinLink" : "INE645L01011",
  "sectorLink" : "Moneycontrol / Market / Share/Stock Price / Miscellaneous",
  "sectorTitle" : "MISCELLANEOUS",
  "bseData" : {
    "bsePrice" : "88.70",
    "bseVolume" : "2,128",
    "bsePrevClose" : "85.05",
    "bseOpenPrice" : "",
    "bseTodaysLow" : "84.10",
    "bseTodaysHigh" : "89.20",
    "bse52WeekLow" : "76.00",
    "bse52WeekHigh" : "158.90",
    "bseLowerPriceBand" : "80.80",
    "bseUpperPriceBand" : "89.30"
  },
  "nseData" : {
    "nsePrice" : "88.25",
    "nseVolume" : "21,004",
    "nsePrevClose" : "",
    "nseOpenPrice" : "",
    "nseTodaysLow" : "84.00",
    "nseTodaysHigh" : "90.00",
    "nse52WeekLow" : "76.10",
    "nse52WeekHigh" : "158.90",
    "nseLowerPriceBand" : "82.65",
    "nseUpperPriceBand" : "91.25"
  },
  "companyValuation" : {
    "marketCapital" : "133.33",
    "peRatio" : "-",
    "bookValue" : "187.37",
    "dividend" : "0.00",
    "marketLot" : "1",
    "industryPeRatio" : "41.21",
    "eps" : "-",
    "pcRatio" : "-",
    "bookPrice" : "0.47",
    "dividendYield" : "-",
    "faceValue" : "10.00",
    "deliverables" : "80.16"
  }
}