{
  "url" : "https://www.moneycontrol.com/india/stockpricequote/mediaentertainment/jumpnetworks/CG02",
  "companyName" : "Jump Networks Ltd.",
  "breadCrumb" : "Moneycontrol / Market / Share/Stock Price / Media & Entertainment",
  "bseNseNames" : "BSE: 531337 | NSE: JUMPNET |",
  "seriesLink" : "EQ",
  "isinLink" : "INE974C01022",
  "sectorLink" : "Moneycontrol / Market / Share/Stock Price / Media & Entertainment",
  "sectorTitle" : "MEDIA & ENTERTAINMENT",
  "bseData" : {
    "bsePrice" : "48.00",
    "bseVolume" : "81,247",
    "bsePrevClose" : "48.75",
    "bseOpenPrice" : "",
    "bseTodaysLow" : "47.25",
    "bseTodaysHigh" : "50.00",
    "bse52WeekLow" : "34.60",
    "bse52WeekHigh" : "76.55",
    "bseLowerPriceBand" : "39.00",
    "bseUpperPriceBand" : "58.50"
  },
  "nseData" : {
    "nsePrice" : "48.40",
    "nseVolume" : "510,235",
    "nsePrevClose" : "",
    "nseOpenPrice" : "",
    "nseTodaysLow" : "47.25",
    "nseTodaysHigh" : "50.35",
    "nse52WeekLow" : "0.00",
    "nse52WeekHigh" : "77.00",
    "nseLowerPriceBand" : "38.70",
    "nseUpperPriceBand" : "58.00"
  },
  "companyValuation" : {
    "marketCapital" : "479.82",
    "peRatio" : "-",
    "bookValue" : "13.14",
    "dividend" : "0.20",
    "marketLot" : "1",
    "industryPeRatio" : "18.30",
    "eps" : "-",
    "pcRatio" : "-",
    "bookPrice" : "3.65",
    "dividendYield" : "0.02",
    "faceValue" : "5.00",
    "deliverables" : "68.69"
  }
}