{
  "url" : "https://www.moneycontrol.com/india/stockpricequote/finance-investments/relianceetfjuniorbees/BMF04",
  "companyName" : "Reliance ETF Junior BeES",
  "breadCrumb" : "Moneycontrol / Market / Share/Stock Price / Finance - Investments",
  "bseNseNames" : "BSE: 590104 | NSE: JUNIORBEES |",
  "seriesLink" : "EQ",
  "isinLink" : "INF732E01045",
  "sectorLink" : "Moneycontrol / Market / Share/Stock Price / Finance - Investments",
  "sectorTitle" : "FINANCE - INVESTMENTS",
  "bseData" : {
    "bsePrice" : "234.00",
    "bseVolume" : "1,921",
    "bsePrevClose" : "227.34",
    "bseOpenPrice" : "",
    "bseTodaysLow" : "227.00",
    "bseTodaysHigh" : "236.00",
    "bse52WeekLow" : "190.00",
    "bse52WeekHigh" : "304.00",
    "bseLowerPriceBand" : "170.13",
    "bseUpperPriceBand" : "255.20"
  },
  "nseData" : {
    "nsePrice" : "233.25",
    "nseVolume" : "88,877",
    "nsePrevClose" : "",
    "nseOpenPrice" : "",
    "nseTodaysLow" : "221.05",
    "nseTodaysHigh" : "236.00",
    "nse52WeekLow" : "180.40",
    "nse52WeekHigh" : "333.00",
    "nseLowerPriceBand" : "170.14",
    "nseUpperPriceBand" : "255.20"
  },
  "companyValuation" : {
    "marketCapital" : "0.00",
    "peRatio" : "-",
    "bookValue" : "0",
    "dividend" : "0",
    "marketLot" : "0",
    "industryPeRatio" : "0",
    "eps" : "-",
    "pcRatio" : "-",
    "bookPrice" : "-",
    "dividendYield" : "-",
    "faceValue" : "0",
    "deliverables" : "65.68"
  }
}