{
  "url" : "https://www.moneycontrol.com/india/stockpricequote/miscellaneous/justdial/JD",
  "companyName" : "Just Dial Ltd.",
  "breadCrumb" : "Moneycontrol / Market / Share/Stock Price / Miscellaneous",
  "bseNseNames" : "BSE: 535648 | NSE: JUSTDIAL |",
  "seriesLink" : "EQ",
  "isinLink" : "INE599M01018",
  "sectorLink" : "Moneycontrol / Market / Share/Stock Price / Miscellaneous",
  "sectorTitle" : "MISCELLANEOUS",
  "bseData" : {
    "bsePrice" : "314.15",
    "bseVolume" : "193,979",
    "bsePrevClose" : "317.95",
    "bseOpenPrice" : "",
    "bseTodaysLow" : "304.35",
    "bseTodaysHigh" : "329.30",
    "bse52WeekLow" : "250.55",
    "bse52WeekHigh" : "824.85",
    "bseLowerPriceBand" : "286.20",
    "bseUpperPriceBand" : "349.70"
  },
  "nseData" : {
    "nsePrice" : "314.45",
    "nseVolume" : "3,091,729",
    "nsePrevClose" : "",
    "nseOpenPrice" : "",
    "nseTodaysLow" : "304.10",
    "nseTodaysHigh" : "329.80",
    "nse52WeekLow" : "250.00",
    "nse52WeekHigh" : "824.80",
    "nseLowerPriceBand" : "286.50",
    "nseUpperPriceBand" : "350.10"
  },
  "companyValuation" : {
    "marketCapital" : "2,037.95",
    "peRatio" : "7.88",
    "bookValue" : "153.96",
    "dividend" : "0.00",
    "marketLot" : "1",
    "industryPeRatio" : "21.60",
    "eps" : "39.89",
    "pcRatio" : "6.98",
    "bookPrice" : "2.04",
    "dividendYield" : "-",
    "faceValue" : "10.00",
    "deliverables" : "16.11"
  }
}