{
  "url" : "https://www.moneycontrol.com/india/stockpricequote/vanaspatioils/jvlagroindustries/JVL01",
  "companyName" : "JVL Agro Industries Ltd.",
  "breadCrumb" : "Moneycontrol / Market / Share/Stock Price / Vanaspati & Oils",
  "bseNseNames" : "BSE: 519248 | NSE: JVLAGRO | Series: BZ | ISIN: INE430G01026 | SECTOR: Vanaspati & OilsVanaspati & Oils",
  "seriesLink" : "BZ",
  "isinLink" : "INE430G01026",
  "sectorLink" : "Moneycontrol / Market / Share/Stock Price / Vanaspati & Oils",
  "sectorTitle" : "Vanaspati & Oils",
  "bseData" : {
    "bsePrice" : "0.32",
    "bseVolume" : "22,790",
    "bsePrevClose" : "0.31",
    "bseOpenPrice" : "",
    "bseTodaysLow" : "0.31",
    "bseTodaysHigh" : "0.32",
    "bse52WeekLow" : "0.29",
    "bse52WeekHigh" : "2.65",
    "bseLowerPriceBand" : "0.30",
    "bseUpperPriceBand" : "0.32"
  },
  "nseData" : {
    "nsePrice" : "0.30",
    "nseVolume" : "71,035",
    "nsePrevClose" : "",
    "nseOpenPrice" : "",
    "nseTodaysLow" : "0.25",
    "nseTodaysHigh" : "0.35",
    "nse52WeekLow" : "0.20",
    "nse52WeekHigh" : "2.60",
    "nseLowerPriceBand" : "0.25",
    "nseUpperPriceBand" : "0.35"
  },
  "companyValuation" : {
    "marketCapital" : "5.37",
    "peRatio" : "0.06",
    "bookValue" : "-22.68",
    "dividend" : "0.00",
    "marketLot" : "1",
    "industryPeRatio" : "14.77",
    "eps" : "4.78",
    "pcRatio" : "0.05",
    "bookPrice" : "-",
    "dividendYield" : "-",
    "faceValue" : "1.00",
    "deliverables" : "DELIVERY AVERAGES (%)\n3-Day\n64.89\n5-Day\n66.29\n8-Day\n70.66\n75.19"
  }
}