{
  "url" : "https://www.moneycontrol.com/india/stockpricequote/personal-care/jyothylabs/JL",
  "companyName" : "Jyothy Labs Ltd.",
  "breadCrumb" : "Moneycontrol / Market / Share/Stock Price / Personal Care",
  "bseNseNames" : "BSE: 532926 | NSE: JYOTHYLAB |",
  "seriesLink" : "EQ",
  "isinLink" : "INE668F01031",
  "sectorLink" : "Moneycontrol / Market / Share/Stock Price / Personal Care",
  "sectorTitle" : "PERSONAL CARE",
  "bseData" : {
    "bsePrice" : "100.90",
    "bseVolume" : "19,053",
    "bsePrevClose" : "96.10",
    "bseOpenPrice" : "",
    "bseTodaysLow" : "96.30",
    "bseTodaysHigh" : "101.90",
    "bse52WeekLow" : "86.20",
    "bse52WeekHigh" : "199.85",
    "bseLowerPriceBand" : "76.90",
    "bseUpperPriceBand" : "115.30"
  },
  "nseData" : {
    "nsePrice" : "100.10",
    "nseVolume" : "481,032",
    "nsePrevClose" : "",
    "nseOpenPrice" : "",
    "nseTodaysLow" : "95.00",
    "nseTodaysHigh" : "101.85",
    "nse52WeekLow" : "85.00",
    "nse52WeekHigh" : "200.40",
    "nseLowerPriceBand" : "76.75",
    "nseUpperPriceBand" : "115.05"
  },
  "companyValuation" : {
    "marketCapital" : "3,705.14",
    "peRatio" : "18.5",
    "bookValue" : "23.26",
    "dividend" : "300.00",
    "marketLot" : "1",
    "industryPeRatio" : "65.49",
    "eps" : "5.41",
    "pcRatio" : "14.3",
    "bookPrice" : "4.34",
    "dividendYield" : "2.97",
    "faceValue" : "1.00",
    "deliverables" : "56.76"
  }
}