{
  "url" : "https://www.moneycontrol.com/india/stockpricequote/power-transmissionequipment/jyotistructures/JS03",
  "companyName" : "Jyoti Structures Ltd.",
  "breadCrumb" : "Moneycontrol / Market / Share/Stock Price / Power - Transmission & Equipment",
  "bseNseNames" : "BSE: 513250 | NSE: JYOTISTRUC | SERIES: BZ | ISIN: INE197A01024 | SECTOR: POWER - TRANSMISSION & EQUIPMENTPOWER - TRANSMISSION & EQUIPMENT",
  "seriesLink" : "BZ",
  "isinLink" : "INE197A01024",
  "sectorLink" : "Moneycontrol / Market / Share/Stock Price / Power - Transmission & Equipment",
  "sectorTitle" : "POWER - TRANSMISSION & EQUIPMENT",
  "bseData" : {
    "bsePrice" : "2.32",
    "bseVolume" : "8,351",
    "bsePrevClose" : "2.32",
    "bseOpenPrice" : "",
    "bseTodaysLow" : "2.21",
    "bseTodaysHigh" : "2.32",
    "bse52WeekLow" : "1.45",
    "bse52WeekHigh" : "4.43",
    "bseLowerPriceBand" : "2.21",
    "bseUpperPriceBand" : "2.43"
  },
  "nseData" : {
    "nsePrice" : "1.25",
    "nseVolume" : "34,642",
    "nsePrevClose" : "",
    "nseOpenPrice" : "",
    "nseTodaysLow" : "1.15",
    "nseTodaysHigh" : "1.25",
    "nse52WeekLow" : "1.15",
    "nse52WeekHigh" : "3.45",
    "nseLowerPriceBand" : "1.15",
    "nseUpperPriceBand" : "1.25"
  },
  "companyValuation" : {
    "marketCapital" : "25.41",
    "peRatio" : "-",
    "bookValue" : "-286.20",
    "dividend" : "0.00",
    "marketLot" : "1",
    "industryPeRatio" : "10.40",
    "eps" : "-",
    "pcRatio" : "-",
    "bookPrice" : "-",
    "dividendYield" : "-",
    "faceValue" : "2.00",
    "deliverables" : "83.83"
  }
}