{
  "url" : "https://www.moneycontrol.com/india/stockpricequote/engineering-heavy/kabraextrusiontechnik/KET",
  "companyName" : "Kabra Extrusion Technik Ltd.",
  "breadCrumb" : "Moneycontrol / Market / Share/Stock Price / Engineering - Heavy",
  "bseNseNames" : "BSE: 524109 | NSE: KABRAEXTRU |",
  "seriesLink" : "EQ",
  "isinLink" : "INE900B01029",
  "sectorLink" : "Moneycontrol / Market / Share/Stock Price / Engineering - Heavy",
  "sectorTitle" : "ENGINEERING - HEAVY",
  "bseData" : {
    "bsePrice" : "44.10",
    "bseVolume" : "175",
    "bsePrevClose" : "44.15",
    "bseOpenPrice" : "",
    "bseTodaysLow" : "43.30",
    "bseTodaysHigh" : "44.10",
    "bse52WeekLow" : "36.00",
    "bse52WeekHigh" : "87.00",
    "bseLowerPriceBand" : "35.35",
    "bseUpperPriceBand" : "52.95"
  },
  "nseData" : {
    "nsePrice" : "43.45",
    "nseVolume" : "8,337",
    "nsePrevClose" : "",
    "nseOpenPrice" : "",
    "nseTodaysLow" : "42.60",
    "nseTodaysHigh" : "45.90",
    "nse52WeekLow" : "35.05",
    "nse52WeekHigh" : "88.00",
    "nseLowerPriceBand" : "35.20",
    "nseUpperPriceBand" : "52.70"
  },
  "companyValuation" : {
    "marketCapital" : "140.69",
    "peRatio" : "6",
    "bookValue" : "77.34",
    "dividend" : "40.00",
    "marketLot" : "1",
    "industryPeRatio" : "9.29",
    "eps" : "7.24",
    "pcRatio" : "4.57",
    "bookPrice" : "0.57",
    "dividendYield" : "4.54",
    "faceValue" : "5.00",
    "deliverables" : "79.05"
  }
}