{
  "url" : "https://www.moneycontrol.com/india/stockpricequote/ceramicsgranite/kajariaceramics/KC06",
  "companyName" : "Kajaria Ceramics Ltd.",
  "breadCrumb" : "Moneycontrol / Market / Share/Stock Price / Ceramics & Granite",
  "bseNseNames" : "BSE: 500233 | NSE: KAJARIACER |",
  "seriesLink" : "EQ",
  "isinLink" : "INE217B01036",
  "sectorLink" : "Moneycontrol / Market / Share/Stock Price / Ceramics & Granite",
  "sectorTitle" : "CERAMICS & GRANITE",
  "bseData" : {
    "bsePrice" : "357.50",
    "bseVolume" : "4,418",
    "bsePrevClose" : "356.00",
    "bseOpenPrice" : "",
    "bseTodaysLow" : "355.80",
    "bseTodaysHigh" : "370.45",
    "bse52WeekLow" : "330.00",
    "bse52WeekHigh" : "648.85",
    "bseLowerPriceBand" : "284.80",
    "bseUpperPriceBand" : "427.20"
  },
  "nseData" : {
    "nsePrice" : "359.00",
    "nseVolume" : "110,851",
    "nsePrevClose" : "",
    "nseOpenPrice" : "",
    "nseTodaysLow" : "352.15",
    "nseTodaysHigh" : "370.50",
    "nse52WeekLow" : "332.30",
    "nse52WeekHigh" : "649.65",
    "nseLowerPriceBand" : "284.70",
    "nseUpperPriceBand" : "427.00"
  },
  "companyValuation" : {
    "marketCapital" : "5,682.72",
    "peRatio" : "19.56",
    "bookValue" : "98.52",
    "dividend" : "300.00",
    "marketLot" : "1",
    "industryPeRatio" : "19.83",
    "eps" : "18.35",
    "pcRatio" : "16.06",
    "bookPrice" : "3.63",
    "dividendYield" : "0.84",
    "faceValue" : "1.00",
    "deliverables" : "72.68"
  }
}