{
  "url" : "https://www.moneycontrol.com/india/stockpricequote/cement-mini/kakatiyacements/KC01",
  "companyName" : "Kakatiya Cements Ltd.",
  "breadCrumb" : "Moneycontrol / Market / Share/Stock Price / Cement - Mini",
  "bseNseNames" : "BSE: 500234 | NSE: KAKATCEM |",
  "seriesLink" : "EQ",
  "isinLink" : "INE437B01014",
  "sectorLink" : "Moneycontrol / Market / Share/Stock Price / Cement - Mini",
  "sectorTitle" : "CEMENT - MINI",
  "bseData" : {
    "bsePrice" : "121.25",
    "bseVolume" : "520",
    "bsePrevClose" : "120.20",
    "bseOpenPrice" : "",
    "bseTodaysLow" : "120.75",
    "bseTodaysHigh" : "125.20",
    "bse52WeekLow" : "91.75",
    "bse52WeekHigh" : "298.00",
    "bseLowerPriceBand" : "114.20",
    "bseUpperPriceBand" : "126.20"
  },
  "nseData" : {
    "nsePrice" : "122.95",
    "nseVolume" : "10,878",
    "nsePrevClose" : "",
    "nseOpenPrice" : "",
    "nseTodaysLow" : "120.05",
    "nseTodaysHigh" : "125.20",
    "nse52WeekLow" : "92.00",
    "nse52WeekHigh" : "297.85",
    "nseLowerPriceBand" : "113.30",
    "nseUpperPriceBand" : "125.20"
  },
  "companyValuation" : {
    "marketCapital" : "94.26",
    "peRatio" : "8.04",
    "bookValue" : "285.14",
    "dividend" : "30.00",
    "marketLot" : "1",
    "industryPeRatio" : "28.37",
    "eps" : "15.29",
    "pcRatio" : "6.68",
    "bookPrice" : "0.43",
    "dividendYield" : "2.47",
    "faceValue" : "10.00",
    "deliverables" : "60.16"
  }
}