{
  "url" : "https://www.moneycontrol.com/india/stockpricequote/power-transmissionequipment/kalpatarupowertransmission/KPT",
  "companyName" : "Kalpataru Power Transmission Ltd.",
  "breadCrumb" : "Moneycontrol / Market / Share/Stock Price / Power - Transmission & Equipment",
  "bseNseNames" : "BSE: 522287 | NSE: KALPATPOWR |",
  "seriesLink" : "EQ",
  "isinLink" : "INE220B01022",
  "sectorLink" : "Moneycontrol / Market / Share/Stock Price / Power - Transmission & Equipment",
  "sectorTitle" : "POWER - TRANSMISSION & EQUIPMENT",
  "bseData" : {
    "bsePrice" : "181.65",
    "bseVolume" : "8,278",
    "bsePrevClose" : "178.20",
    "bseOpenPrice" : "",
    "bseTodaysLow" : "176.30",
    "bseTodaysHigh" : "184.80",
    "bse52WeekLow" : "170.00",
    "bse52WeekHigh" : "553.50",
    "bseLowerPriceBand" : "160.40",
    "bseUpperPriceBand" : "196.00"
  },
  "nseData" : {
    "nsePrice" : "178.25",
    "nseVolume" : "74,626",
    "nsePrevClose" : "",
    "nseOpenPrice" : "",
    "nseTodaysLow" : "176.00",
    "nseTodaysHigh" : "185.00",
    "nse52WeekLow" : "169.50",
    "nse52WeekHigh" : "554.50",
    "nseLowerPriceBand" : "160.20",
    "nseUpperPriceBand" : "195.80"
  },
  "companyValuation" : {
    "marketCapital" : "2,810.41",
    "peRatio" : "5.59",
    "bookValue" : "203.76",
    "dividend" : "150.00",
    "marketLot" : "1",
    "industryPeRatio" : "10.40",
    "eps" : "31.86",
    "pcRatio" : "4.76",
    "bookPrice" : "0.89",
    "dividendYield" : "1.65",
    "faceValue" : "2.00",
    "deliverables" : "71.76"
  }
}