{
  "url" : "https://www.moneycontrol.com/india/stockpricequote/castingsforgings/kalyaniforge/KF02",
  "companyName" : "Kalyani Forge Ltd.",
  "breadCrumb" : "Moneycontrol / Market / Share/Stock Price / Castings & Forgings",
  "bseNseNames" : "BSE: 513509 | NSE: KALYANIFRG |",
  "seriesLink" : "BE",
  "isinLink" : "INE314G01014",
  "sectorLink" : "Moneycontrol / Market / Share/Stock Price / Castings & Forgings",
  "sectorTitle" : "CASTINGS & FORGINGS",
  "bseData" : {
    "bsePrice" : "90.00",
    "bseVolume" : "28",
    "bsePrevClose" : "90.00",
    "bseOpenPrice" : "",
    "bseTodaysLow" : "90.00",
    "bseTodaysHigh" : "90.00",
    "bse52WeekLow" : "81.70",
    "bse52WeekHigh" : "303.00",
    "bseLowerPriceBand" : "85.50",
    "bseUpperPriceBand" : "94.50"
  },
  "nseData" : {
    "nsePrice" : "94.70",
    "nseVolume" : "519",
    "nsePrevClose" : "",
    "nseOpenPrice" : "",
    "nseTodaysLow" : "87.10",
    "nseTodaysHigh" : "95.35",
    "nse52WeekLow" : "82.90",
    "nse52WeekHigh" : "300.40",
    "nseLowerPriceBand" : "86.35",
    "nseUpperPriceBand" : "95.35"
  },
  "companyValuation" : {
    "marketCapital" : "32.74",
    "peRatio" : "-",
    "bookValue" : "306.66",
    "dividend" : "40.00",
    "marketLot" : "1",
    "industryPeRatio" : "9.61",
    "eps" : "-",
    "pcRatio" : "2.36",
    "bookPrice" : "0.29",
    "dividendYield" : "4.44",
    "faceValue" : "10.00",
    "deliverables" : "100.00"
  }
}