{
  "url" : "https://www.moneycontrol.com/india/stockpricequote/hotels/kamathotelsindia/KHI",
  "companyName" : "Kamat Hotels (India) Ltd.",
  "breadCrumb" : "Moneycontrol / Market / Share/Stock Price / Hotels",
  "bseNseNames" : "BSE: 526668 | NSE: KAMATHOTEL |",
  "seriesLink" : "EQ",
  "isinLink" : "INE967C01018",
  "sectorLink" : "Moneycontrol / Market / Share/Stock Price / Hotels",
  "sectorTitle" : "HOTELS",
  "bseData" : {
    "bsePrice" : "19.20",
    "bseVolume" : "8,654",
    "bsePrevClose" : "17.70",
    "bseOpenPrice" : "",
    "bseTodaysLow" : "18.60",
    "bseTodaysHigh" : "19.45",
    "bse52WeekLow" : "14.15",
    "bse52WeekHigh" : "53.00",
    "bseLowerPriceBand" : "15.95",
    "bseUpperPriceBand" : "19.45"
  },
  "nseData" : {
    "nsePrice" : "18.95",
    "nseVolume" : "41,080",
    "nsePrevClose" : "",
    "nseOpenPrice" : "",
    "nseTodaysLow" : "17.85",
    "nseTodaysHigh" : "19.50",
    "nse52WeekLow" : "14.05",
    "nse52WeekHigh" : "53.20",
    "nseLowerPriceBand" : "16.10",
    "nseUpperPriceBand" : "19.60"
  },
  "companyValuation" : {
    "marketCapital" : "45.28",
    "peRatio" : "1.76",
    "bookValue" : "-11.83",
    "dividend" : "0.00",
    "marketLot" : "1",
    "industryPeRatio" : "22.64",
    "eps" : "10.76",
    "pcRatio" : "1.23",
    "bookPrice" : "-",
    "dividendYield" : "-",
    "faceValue" : "10.00",
    "deliverables" : "58.90"
  }
}