{
  "url" : "https://www.moneycontrol.com/india/stockpricequote/steel-mediumsmall/kamdhenu/KI24",
  "companyName" : "Kamdhenu Ltd.",
  "breadCrumb" : "Moneycontrol / Market / Share/Stock Price / Steel - Medium & Small",
  "bseNseNames" : "BSE: 532741 | NSE: KAMDHENU |",
  "seriesLink" : "EQ",
  "isinLink" : "INE390H01012",
  "sectorLink" : "Moneycontrol / Market / Share/Stock Price / Steel - Medium & Small",
  "sectorTitle" : "STEEL - MEDIUM & SMALL",
  "bseData" : {
    "bsePrice" : "51.00",
    "bseVolume" : "1,212",
    "bsePrevClose" : "49.70",
    "bseOpenPrice" : "",
    "bseTodaysLow" : "49.85",
    "bseTodaysHigh" : "53.00",
    "bse52WeekLow" : "44.80",
    "bse52WeekHigh" : "204.80",
    "bseLowerPriceBand" : "39.80",
    "bseUpperPriceBand" : "59.60"
  },
  "nseData" : {
    "nsePrice" : "51.15",
    "nseVolume" : "13,467",
    "nsePrevClose" : "",
    "nseOpenPrice" : "",
    "nseTodaysLow" : "46.00",
    "nseTodaysHigh" : "54.00",
    "nse52WeekLow" : "40.95",
    "nse52WeekHigh" : "205.00",
    "nseLowerPriceBand" : "40.05",
    "nseUpperPriceBand" : "60.05"
  },
  "companyValuation" : {
    "marketCapital" : "135.37",
    "peRatio" : "24.95",
    "bookValue" : "68.30",
    "dividend" : "10.00",
    "marketLot" : "1",
    "industryPeRatio" : "6.03",
    "eps" : "2.05",
    "pcRatio" : "10.59",
    "bookPrice" : "0.75",
    "dividendYield" : "1.96",
    "faceValue" : "10.00",
    "deliverables" : "72.36"
  }
}