{
  "url" : "https://www.moneycontrol.com/india/stockpricequote/chemicals/kanoriachemicalsindustries/KCI01",
  "companyName" : "Kanoria Chemicals and Industries Ltd.",
  "breadCrumb" : "Moneycontrol / Market / Share/Stock Price / Chemicals",
  "bseNseNames" : "BSE: 506525 | NSE: KANORICHEM |",
  "seriesLink" : "EQ",
  "isinLink" : "INE138C01024",
  "sectorLink" : "Moneycontrol / Market / Share/Stock Price / Chemicals",
  "sectorTitle" : "CHEMICALS",
  "bseData" : {
    "bsePrice" : "31.20",
    "bseVolume" : "7,453",
    "bsePrevClose" : "28.40",
    "bseOpenPrice" : "",
    "bseTodaysLow" : "30.30",
    "bseTodaysHigh" : "31.20",
    "bse52WeekLow" : "22.00",
    "bse52WeekHigh" : "72.00",
    "bseLowerPriceBand" : "25.60",
    "bseUpperPriceBand" : "31.20"
  },
  "nseData" : {
    "nsePrice" : "31.25",
    "nseVolume" : "48,790",
    "nsePrevClose" : "",
    "nseOpenPrice" : "",
    "nseTodaysLow" : "30.10",
    "nseTodaysHigh" : "31.25",
    "nse52WeekLow" : "22.00",
    "nse52WeekHigh" : "73.40",
    "nseLowerPriceBand" : "25.65",
    "nseUpperPriceBand" : "31.25"
  },
  "companyValuation" : {
    "marketCapital" : "136.32",
    "peRatio" : "37.65",
    "bookValue" : "139.46",
    "dividend" : "15.00",
    "marketLot" : "1",
    "industryPeRatio" : "5.75",
    "eps" : "0.83",
    "pcRatio" : "5.77",
    "bookPrice" : "0.22",
    "dividendYield" : "2.40",
    "faceValue" : "5.00",
    "deliverables" : "95.12"
  }
}