{
  "url" : "https://www.moneycontrol.com/india/stockpricequote/paintsvarnishes/kansainerolacpaints/KNP",
  "companyName" : "Kansai Nerolac Paints Ltd.",
  "breadCrumb" : "Moneycontrol / Market / Share/Stock Price / Paints & Varnishes",
  "bseNseNames" : "BSE: 500165 | NSE: KANSAINER |",
  "seriesLink" : "EQ",
  "isinLink" : "INE531A01024",
  "sectorLink" : "Moneycontrol / Market / Share/Stock Price / Paints & Varnishes",
  "sectorTitle" : "PAINTS & VARNISHES",
  "bseData" : {
    "bsePrice" : "375.60",
    "bseVolume" : "7,092",
    "bsePrevClose" : "378.35",
    "bseOpenPrice" : "",
    "bseTodaysLow" : "372.45",
    "bseTodaysHigh" : "388.15",
    "bse52WeekLow" : "296.30",
    "bse52WeekHigh" : "560.45",
    "bseLowerPriceBand" : "302.70",
    "bseUpperPriceBand" : "454.00"
  },
  "nseData" : {
    "nsePrice" : "375.95",
    "nseVolume" : "392,499",
    "nsePrevClose" : "",
    "nseOpenPrice" : "",
    "nseTodaysLow" : "372.45",
    "nseTodaysHigh" : "387.50",
    "nse52WeekLow" : "293.70",
    "nse52WeekHigh" : "573.00",
    "nseLowerPriceBand" : "303.20",
    "nseUpperPriceBand" : "454.80"
  },
  "companyValuation" : {
    "marketCapital" : "20,241.82",
    "peRatio" : "36.39",
    "bookValue" : "63.54",
    "dividend" : "260.00",
    "marketLot" : "1",
    "industryPeRatio" : "71.07",
    "eps" : "10.33",
    "pcRatio" : "31.3",
    "bookPrice" : "5.91",
    "dividendYield" : "0.69",
    "faceValue" : "1.00",
    "deliverables" : "88.75"
  }
}