{
  "url" : "https://www.moneycontrol.com/india/stockpricequote/constructioncontracting-civil/kardaconstruction/KC19",
  "companyName" : "Karda Construction Ltd.",
  "breadCrumb" : "Moneycontrol / Market / Share/Stock Price / Construction & Contracting - Civil",
  "bseNseNames" : "BSE: 541161 | NSE: KARDA |",
  "seriesLink" : "EQ",
  "isinLink" : "INE278R01018",
  "sectorLink" : "Moneycontrol / Market / Share/Stock Price / Construction & Contracting - Civil",
  "sectorTitle" : "CONSTRUCTION & CONTRACTING - CIVIL",
  "bseData" : {
    "bsePrice" : "127.25",
    "bseVolume" : "1",
    "bsePrevClose" : "125.90",
    "bseOpenPrice" : "",
    "bseTodaysLow" : "127.25",
    "bseTodaysHigh" : "127.25",
    "bse52WeekLow" : "89.00",
    "bse52WeekHigh" : "217.25",
    "bseLowerPriceBand" : "113.35",
    "bseUpperPriceBand" : "138.45"
  },
  "nseData" : {
    "nsePrice" : "122.20",
    "nseVolume" : "1,608",
    "nsePrevClose" : "",
    "nseOpenPrice" : "",
    "nseTodaysLow" : "118.00",
    "nseTodaysHigh" : "126.75",
    "nse52WeekLow" : "91.15",
    "nse52WeekHigh" : "220.00",
    "nseLowerPriceBand" : "113.30",
    "nseUpperPriceBand" : "138.40"
  },
  "companyValuation" : {
    "marketCapital" : "156.52",
    "peRatio" : "14.24",
    "bookValue" : "76.62",
    "dividend" : "0.00",
    "marketLot" : "1",
    "industryPeRatio" : "13.75",
    "eps" : "8.58",
    "pcRatio" : "13.89",
    "bookPrice" : "1.66",
    "dividendYield" : "-",
    "faceValue" : "10.00",
    "deliverables" : "44.71"
  }
}