{
  "url" : "https://www.moneycontrol.com/india/stockpricequote/power-generationdistribution/karmaenergy/KE9",
  "companyName" : "Karma Energy Ltd.",
  "breadCrumb" : "Moneycontrol / Market / Share/Stock Price / Power - Generation & Distribution",
  "bseNseNames" : "BSE: 533451 | NSE: KARMAENG |",
  "seriesLink" : "EQ",
  "isinLink" : "INE725L01011",
  "sectorLink" : "Moneycontrol / Market / Share/Stock Price / Power - Generation & Distribution",
  "sectorTitle" : "POWER - GENERATION & DISTRIBUTION",
  "bseData" : {
    "bsePrice" : "13.35",
    "bseVolume" : "15",
    "bsePrevClose" : "14.05",
    "bseOpenPrice" : "",
    "bseTodaysLow" : "13.35",
    "bseTodaysHigh" : "13.35",
    "bse52WeekLow" : "8.60",
    "bse52WeekHigh" : "20.40",
    "bseLowerPriceBand" : "13.35",
    "bseUpperPriceBand" : "14.75"
  },
  "nseData" : {
    "nsePrice" : "11.50",
    "nseVolume" : "3,806",
    "nsePrevClose" : "",
    "nseOpenPrice" : "",
    "nseTodaysLow" : "11.50",
    "nseTodaysHigh" : "12.70",
    "nse52WeekLow" : "7.60",
    "nse52WeekHigh" : "19.85",
    "nseLowerPriceBand" : "11.50",
    "nseUpperPriceBand" : "12.70"
  },
  "companyValuation" : {
    "marketCapital" : "15.45",
    "peRatio" : "-",
    "bookValue" : "41.26",
    "dividend" : "0.00",
    "marketLot" : "1",
    "industryPeRatio" : "7.28",
    "eps" : "-",
    "pcRatio" : "3.71",
    "bookPrice" : "0.32",
    "dividendYield" : "-",
    "faceValue" : "10.00",
    "deliverables" : "99.92"
  }
}