{
  "url" : "https://www.moneycontrol.com/india/stockpricequote/banks-private-sector/karurvysyabank/KVB",
  "companyName" : "Karur Vysya Bank Ltd.",
  "breadCrumb" : "Moneycontrol / Market / Share/Stock Price / Banks - Private Sector",
  "bseNseNames" : "BSE: 590003 | NSE: KARURVYSYA |",
  "seriesLink" : "EQ",
  "isinLink" : "INE036D01028",
  "sectorLink" : "Moneycontrol / Market / Share/Stock Price / Banks - Private Sector",
  "sectorTitle" : "BANKS - PRIVATE SECTOR",
  "bseData" : {
    "bsePrice" : "25.60",
    "bseVolume" : "68,195",
    "bsePrevClose" : "23.30",
    "bseOpenPrice" : "",
    "bseTodaysLow" : "24.00",
    "bseTodaysHigh" : "25.60",
    "bse52WeekLow" : "18.15",
    "bse52WeekHigh" : "84.50",
    "bseLowerPriceBand" : "21.00",
    "bseUpperPriceBand" : "25.60"
  },
  "nseData" : {
    "nsePrice" : "25.50",
    "nseVolume" : "1,361,104",
    "nsePrevClose" : "",
    "nseOpenPrice" : "",
    "nseTodaysLow" : "24.30",
    "nseTodaysHigh" : "25.50",
    "nse52WeekLow" : "18.75",
    "nse52WeekHigh" : "83.60",
    "nseLowerPriceBand" : "20.90",
    "nseUpperPriceBand" : "25.50"
  },
  "companyValuation" : {
    "marketCapital" : "2,046.26",
    "peRatio" : "9.66",
    "bookValue" : "80.35",
    "dividend" : "30.00",
    "marketLot" : "1",
    "industryPeRatio" : "25.53",
    "eps" : "2.64",
    "pcRatio" : "6.52",
    "bookPrice" : "0.32",
    "dividendYield" : "2.34",
    "faceValue" : "2.00",
    "deliverables" : "84.87"
  }
}