{
  "url" : "https://www.moneycontrol.com/india/stockpricequote/constructioncontracting-civil/kaushalyainfrastructuredevelopmentcorporation/KID",
  "companyName" : "Kaushalya Infrastructure Development Corporation Ltd.",
  "breadCrumb" : "Moneycontrol / Market / Share/Stock Price / Construction & Contracting - Civil",
  "bseNseNames" : "BSE: 532925 | NSE: KAUSHALYA |",
  "seriesLink" : "EQ",
  "isinLink" : "INE234I01010",
  "sectorLink" : "Moneycontrol / Market / Share/Stock Price / Construction & Contracting - Civil",
  "sectorTitle" : "CONSTRUCTION & CONTRACTING - CIVIL",
  "bseData" : {
    "bsePrice" : "0.36",
    "bseVolume" : "2,000",
    "bsePrevClose" : "0.37",
    "bseOpenPrice" : "",
    "bseTodaysLow" : "0.36",
    "bseTodaysHigh" : "0.37",
    "bse52WeekLow" : "0.36",
    "bse52WeekHigh" : "0.80",
    "bseLowerPriceBand" : "0.36",
    "bseUpperPriceBand" : "0.38"
  },
  "nseData" : {
    "nsePrice" : "0.40",
    "nseVolume" : "2,003",
    "nsePrevClose" : "",
    "nseOpenPrice" : "",
    "nseTodaysLow" : "0.35",
    "nseTodaysHigh" : "0.40",
    "nse52WeekLow" : "0.30",
    "nse52WeekHigh" : "0.80",
    "nseLowerPriceBand" : "0.30",
    "nseUpperPriceBand" : "0.40"
  },
  "companyValuation" : {
    "marketCapital" : "1.25",
    "peRatio" : "-",
    "bookValue" : "13.82",
    "dividend" : "0.00",
    "marketLot" : "1",
    "industryPeRatio" : "13.75",
    "eps" : "-",
    "pcRatio" : "-",
    "bookPrice" : "0.03",
    "dividendYield" : "-",
    "faceValue" : "10.00",
    "deliverables" : "100.00"
  }
}