{
  "url" : "https://www.moneycontrol.com/india/stockpricequote/sugar/kcpsugarindcorp/KCP01",
  "companyName" : "KCP Sugar Ind Corp Ltd.",
  "breadCrumb" : "Moneycontrol / Market / Share/Stock Price / Sugar",
  "bseNseNames" : "BSE: 533192 | NSE: KCPSUGIND |",
  "seriesLink" : "EQ",
  "isinLink" : "INE790B01024",
  "sectorLink" : "Moneycontrol / Market / Share/Stock Price / Sugar",
  "sectorTitle" : "SUGAR",
  "bseData" : {
    "bsePrice" : "12.94",
    "bseVolume" : "5,062",
    "bsePrevClose" : "12.77",
    "bseOpenPrice" : "",
    "bseTodaysLow" : "12.55",
    "bseTodaysHigh" : "13.11",
    "bse52WeekLow" : "8.64",
    "bse52WeekHigh" : "17.25",
    "bseLowerPriceBand" : "10.22",
    "bseUpperPriceBand" : "15.32"
  },
  "nseData" : {
    "nsePrice" : "12.85",
    "nseVolume" : "150,874",
    "nsePrevClose" : "",
    "nseOpenPrice" : "",
    "nseTodaysLow" : "12.55",
    "nseTodaysHigh" : "13.20",
    "nse52WeekLow" : "8.55",
    "nse52WeekHigh" : "17.20",
    "nseLowerPriceBand" : "10.30",
    "nseUpperPriceBand" : "15.40"
  },
  "companyValuation" : {
    "marketCapital" : "146.72",
    "peRatio" : "5.38",
    "bookValue" : "23.30",
    "dividend" : "10.00",
    "marketLot" : "1",
    "industryPeRatio" : "5.24",
    "eps" : "2.39",
    "pcRatio" : "4.12",
    "bookPrice" : "0.56",
    "dividendYield" : "0.77",
    "faceValue" : "1.00",
    "deliverables" : "69.57"
  }
}