{
  "url" : "https://www.moneycontrol.com/india/stockpricequote/miscellaneous/kddl/KDD",
  "companyName" : "KDDL Ltd.",
  "breadCrumb" : "Moneycontrol / Market / Share/Stock Price / Miscellaneous",
  "bseNseNames" : "BSE: 532054 | NSE: KDDL |",
  "seriesLink" : "EQ",
  "isinLink" : "INE291D01011",
  "sectorLink" : "Moneycontrol / Market / Share/Stock Price / Miscellaneous",
  "sectorTitle" : "MISCELLANEOUS",
  "bseData" : {
    "bsePrice" : "108.00",
    "bseVolume" : "165",
    "bsePrevClose" : "108.25",
    "bseOpenPrice" : "",
    "bseTodaysLow" : "108.00",
    "bseTodaysHigh" : "111.10",
    "bse52WeekLow" : "108.00",
    "bse52WeekHigh" : "535.85",
    "bseLowerPriceBand" : "102.85",
    "bseUpperPriceBand" : "113.65"
  },
  "nseData" : {
    "nsePrice" : "109.85",
    "nseVolume" : "3,483",
    "nsePrevClose" : "",
    "nseOpenPrice" : "",
    "nseTodaysLow" : "106.55",
    "nseTodaysHigh" : "113.90",
    "nse52WeekLow" : "106.55",
    "nse52WeekHigh" : "506.00",
    "nseLowerPriceBand" : "104.65",
    "nseUpperPriceBand" : "115.65"
  },
  "companyValuation" : {
    "marketCapital" : "125.82",
    "peRatio" : "9.98",
    "bookValue" : "143.27",
    "dividend" : "25.00",
    "marketLot" : "1",
    "industryPeRatio" : "12.79",
    "eps" : "11.01",
    "pcRatio" : "6.22",
    "bookPrice" : "0.75",
    "dividendYield" : "2.31",
    "faceValue" : "10.00",
    "deliverables" : "73.01"
  }
}