{
  "url" : "https://www.moneycontrol.com/india/stockpricequote/electric-equipment/kirloskarelectricco/KEC02",
  "companyName" : "Kirloskar Electric Co Ltd.",
  "breadCrumb" : "Moneycontrol / Market / Share/Stock Price / Electric Equipment",
  "bseNseNames" : "BSE: 533193 | NSE: KECL |",
  "seriesLink" : "EQ",
  "isinLink" : "INE134B01017",
  "sectorLink" : "Moneycontrol / Market / Share/Stock Price / Electric Equipment",
  "sectorTitle" : "ELECTRIC EQUIPMENT",
  "bseData" : {
    "bsePrice" : "8.87",
    "bseVolume" : "111",
    "bsePrevClose" : "8.45",
    "bseOpenPrice" : "",
    "bseTodaysLow" : "8.87",
    "bseTodaysHigh" : "8.87",
    "bse52WeekLow" : "6.70",
    "bse52WeekHigh" : "19.62",
    "bseLowerPriceBand" : "8.03",
    "bseUpperPriceBand" : "8.87"
  },
  "nseData" : {
    "nsePrice" : "9.30",
    "nseVolume" : "28,451",
    "nsePrevClose" : "",
    "nseOpenPrice" : "",
    "nseTodaysLow" : "9.30",
    "nseTodaysHigh" : "9.30",
    "nse52WeekLow" : "6.60",
    "nse52WeekHigh" : "19.70",
    "nseLowerPriceBand" : "8.50",
    "nseUpperPriceBand" : "9.30"
  },
  "companyValuation" : {
    "marketCapital" : "58.91",
    "peRatio" : "-",
    "bookValue" : "20.46",
    "dividend" : "0.00",
    "marketLot" : "1",
    "industryPeRatio" : "37.87",
    "eps" : "-",
    "pcRatio" : "-",
    "bookPrice" : "0.43",
    "dividendYield" : "-",
    "faceValue" : "10.00",
    "deliverables" : "99.63"
  }
}