{
  "url" : "https://www.moneycontrol.com/india/stockpricequote/computers-software-mediumsmall/kelltontechsolutions/VMF",
  "companyName" : "Kellton Tech Solutions Ltd.",
  "breadCrumb" : "Moneycontrol / Market / Share/Stock Price / Computers - Software Medium & Small",
  "bseNseNames" : "BSE: 519602 | NSE: KELLTONTEC |",
  "seriesLink" : "EQ",
  "isinLink" : "INE164B01022",
  "sectorLink" : "Moneycontrol / Market / Share/Stock Price / Computers - Software Medium & Small",
  "sectorTitle" : "COMPUTERS - SOFTWARE MEDIUM & SMALL",
  "bseData" : {
    "bsePrice" : "8.62",
    "bseVolume" : "7,717",
    "bsePrevClose" : "8.21",
    "bseOpenPrice" : "",
    "bseTodaysLow" : "8.62",
    "bseTodaysHigh" : "8.62",
    "bse52WeekLow" : "6.75",
    "bse52WeekHigh" : "48.90",
    "bseLowerPriceBand" : "7.80",
    "bseUpperPriceBand" : "8.62"
  },
  "nseData" : {
    "nsePrice" : "8.55",
    "nseVolume" : "70,510",
    "nsePrevClose" : "",
    "nseOpenPrice" : "",
    "nseTodaysLow" : "8.25",
    "nseTodaysHigh" : "8.55",
    "nse52WeekLow" : "6.55",
    "nse52WeekHigh" : "48.80",
    "nseLowerPriceBand" : "7.75",
    "nseUpperPriceBand" : "8.55"
  },
  "companyValuation" : {
    "marketCapital" : "83.08",
    "peRatio" : "9.29",
    "bookValue" : "11.44",
    "dividend" : "0.00",
    "marketLot" : "1",
    "industryPeRatio" : "18.30",
    "eps" : "0.92",
    "pcRatio" : "7.37",
    "bookPrice" : "0.75",
    "dividendYield" : "-",
    "faceValue" : "5.00",
    "deliverables" : "100.00"
  }
}