{
  "url" : "https://www.moneycontrol.com/india/stockpricequote/computers-software-mediumsmall/kernexmicrosystemsindia/KMI",
  "companyName" : "Kernex Microsystems (India) Ltd.",
  "breadCrumb" : "Moneycontrol / Market / Share/Stock Price / Computers - Software Medium & Small",
  "bseNseNames" : "BSE: 532686 | NSE: KERNEX |",
  "seriesLink" : "BE",
  "isinLink" : "INE202H01019",
  "sectorLink" : "Moneycontrol / Market / Share/Stock Price / Computers - Software Medium & Small",
  "sectorTitle" : "COMPUTERS - SOFTWARE MEDIUM & SMALL",
  "bseData" : {
    "bsePrice" : "12.05",
    "bseVolume" : "3",
    "bsePrevClose" : "12.58",
    "bseOpenPrice" : "",
    "bseTodaysLow" : "12.05",
    "bseTodaysHigh" : "12.05",
    "bse52WeekLow" : "11.50",
    "bse52WeekHigh" : "29.20",
    "bseLowerPriceBand" : "11.96",
    "bseUpperPriceBand" : "13.20"
  },
  "nseData" : {
    "nsePrice" : "13.70",
    "nseVolume" : "10,247",
    "nsePrevClose" : "",
    "nseOpenPrice" : "",
    "nseTodaysLow" : "12.95",
    "nseTodaysHigh" : "13.90",
    "nse52WeekLow" : "10.60",
    "nse52WeekHigh" : "28.70",
    "nseLowerPriceBand" : "12.65",
    "nseUpperPriceBand" : "13.95"
  },
  "companyValuation" : {
    "marketCapital" : "15.06",
    "peRatio" : "3.05",
    "bookValue" : "49.26",
    "dividend" : "0.00",
    "marketLot" : "1",
    "industryPeRatio" : "18.30",
    "eps" : "4.49",
    "pcRatio" : "2.22",
    "bookPrice" : "0.24",
    "dividendYield" : "-",
    "faceValue" : "10.00",
    "deliverables" : "100.00"
  }
}