<?xml version="1.0" encoding="UTF-8"?>
<!DOCTYPE suite SYSTEM "http://testng.org/testng-1.0.dtd">
<suite name="mysuite">
    <test name ="my test">
        <!--
        <classes>
            <class name ="com.bhavani.google.SearchSomething"></class>
        </classes>
        -->
        <classes>
            <class name="com.bhavani.UITest">
                <methods>
                    <include name="scenario"/>
                </methods>
            </class>
        </classes>
    </test>
</suite>