{
  "url" : "",
  "companyName" : "",
  "breadCrumb" : "",
  "bseNseNames" : "",
  "seriesLink" : "",
  "isinLink" : "",
  "sectorLink" : "",
  "sectorTitle" : "",
  "bseData" : {
    "bsePrice" : "",
    "bseVolume" : "",
    "bsePrevClose" : "",
    "bseOpenPrice" : "",
    "bseTodaysLow" : "",
    "bseTodaysHigh" : "",
    "bse52WeekLow" : "",
    "bse52WeekHigh" : "",
    "bseLowerPriceBand" : "",
    "bseUpperPriceBand" : ""
  },
  "nseData" : {
    "nsePrice" : "",
    "nseVolume" : "",
    "nsePrevClose" : "",
    "nseOpenPrice" : "",
    "nseTodaysLow" : "",
    "nseTodaysHigh" : "",
    "nse52WeekLow" : "",
    "nse52WeekHigh" : "",
    "nseLowerPriceBand" : "",
    "nseUpperPriceBand" : ""
  },
  "companyValuation" : {
    "marketCapital" : "",
    "peRatio" : "",
    "bookValue" : "",
    "dividend" : "",
    "marketLot" : "",
    "industryPeRatio" : "",
    "eps" : "",
    "pcRatio" : "",
    "bookPrice" : "",
    "dividendYield" : "",
    "faceValue" : "",
    "deliverables" : ""
  }
}