[
  {
    "unableToCode": false,
    "panelCollapsed": false,
    "diagnosisList": [
      {
        "diagnosisPerformedCaseProcedureMapId": 92,
        "diagnosisId": 7249,
        "sortOrder": 0,
        "dictionaryItem": {
          "visibility": 0,
          "id": 0,
          "dictionary": null,
          "dictionaryId": 0,
          "value": "Unspecified purulent endophthalmitis, right eye",
          "quickCode": "H44.001",
          "active": false,
          "searchString": null,
          "pageNumber": null,
          "organizationId": null,
          "includeInactive": false,
          "aoDictionaryTf": false,
          "showInClinicalTf": false,
          "dontFilterByOrganization": false,
          "onlyClinical": false,
          "order": 0,
          "additional": null,
          "externalId": null,
          "sourceIdentifier": "00000000-0000-0000-0000-000000000000"
        },
        "sourceIdentifier": "00000000-0000-0000-0000-000000000000"
      }
    ],
    "primaryInsurancesList": [
      {
        "patientInsuranceId": 28448,
        "displayName": "Carrier1906_3, BInsurance"
      }
    ],
    "secondaryInsurancesList": [],
    "tertiaryInsurancesList": [],
    "controlsModifiedInEditChargeMode": true,
    "fullChargeCorrectionRequired": null,
    "generateBillStateModified": false,
    "performedCaseSupply": null,
    "selectedSupplyToInventory": null,
    "isReadOnlyPeriodBatch": false,
    "resetClosedPeriodBatch": false,
    "isNewProcedureAdded": false,
    "isAmountChanged": false,
    "insuranceModification": 0,
    "guarantorModification": 0,
    "isGCode": false,
    "isCombinedCodingChargeEntry": false,
    "isCorrected": false,
    "diagnosisCodesRemoved": false,
    "guid": "17440dce-3af4-4000-81b4-931b170b3000",
    "eventSource": "DoneBtn",
    "performedCaseProcedureId": 88,
    "dateOfSurgery": null,
    "caseSummaryId": 46827,
    "caseProcedureId": 271,
    "cptProcedureId": 8618,
    "providerId": 10,
    "referingProviderId": null,
    "units": 1,
    "allowedAmount": null,
    "generateBill": true,
    "cptModifier1Id": null,
    "cptModifier2Id": null,
    "cptModifier3Id": null,
    "cptModifier4Id": null,
    "sortorder": 0,
    "physicianName": "sis  Gem_user10, Dr",
    "referingProviderName": null,
    "feeScheduleId": 287,
    "cptProcedureDescription": "UNLISTED PROCEDURE SPINE",
    "cptCode": "22899",
    "appointmentId": 0,
    "selfPay": true,
    "patientId": 48752,
    "workersCompensation": false,
    "transactionList": [
      {
        "chargeDetails": {
          "peformedCaseProcedureId": 88,
          "balance": 2000,
          "actualBalance": null,
          "chargeEntryLevelTransactionsAmount": 0,
          "typeOfBill": "0831",
          "sourceOfRevenueId": null,
          "selfPay": false,
          "workersCompensation": false,
          "revenueCodeId": 248,
          "revenueCode": "0490",
          "transactionId": 98,
          "deductibleAmount": null,
          "coInsuranceAmount": null,
          "coPaymentAmount": null,
          "billId": null,
          "corrected": false,
          "generateBill": false,
          "generateBillStateModified": false,
          "patientResponsibilityCoPayments": null,
          "sourceIdentifier": "00000000-0000-0000-0000-000000000000"
        },
        "writeOffDetails": null,
        "paymentDetails": null,
        "transactionId": 98,
        "periodId": 18464,
        "batchId": 20004,
        "batchDescription": "batch_10",
        "createdDate": "2020-08-30T19:04:48+00:00",
        "createdUserId": 0,
        "postedDate": "2020-08-30T19:04:48+00:00",
        "transactionDate": "2020-08-31T11:00:00+00:00",
        "amount": 2000,
        "transactionTypeId": 1,
        "transactionCodeId": null,
        "transactionParentId": 98,
        "transactionRootId": 98,
        "transactionResponsiblePartyId": 83,
        "currentResponsiblePartyId": 49598,
        "currentResponsiblePartyType": "PG",
        "transactionResponsiblePartyName": "AAAAAAAvatsiF, AAAAAAAvatsiF",
        "batchIsActive": true,
        "notes": null,
        "unassignedPaymentDetail": null,
        "paymentAllocationDetail": null,
        "isDeleted": false,
        "isPaymentTransfer": false,
        "transactionCodeName": null,
        "receivedFrom": null,
        "isEditable": null,
        "lastModifiedAmount": null,
        "contractProcedureId": null,
        "creatorId": 2,
        "checkInPaymentId": null,
        "batchCloserUserId": null,
        "periodCloserUserId": null,
        "periodName": null,
        "transferTo": null,
        "impactedTransactions": null,
        "sourceIdentifier": "00000000-0000-0000-0000-000000000000",
        "isHidden": false,
        "batch": {
          "batchId": 20004,
          "periodId": 18464,
          "batchDescription": "batch_10",
          "batchCreatedDate": "2018-11-02T00:00:00+00:00",
          "batchClosedDate": null,
          "batchCreatorUsrId": 2,
          "batchCloserUsrId": null,
          "isActive": true,
          "openCases": 0,
          "sourceIdentifier": "00000000-0000-0000-0000-000000000000",
          "value": 20004,
          "label": "batch_10"
        },
        "period": {
          "periodId": 18464,
          "organizationId": 39,
          "periodName": "A_2018",
          "periodCreatedDate": "2018-11-02T00:00:00+00:00",
          "periodClosedDate": null,
          "periodCreatorUsrId": 2,
          "openedBy": "Gem_user2, sis ",
          "closedBy": null,
          "periodCloserUsrId": null,
          "periodBeginDate": null,
          "periodEndDate": null,
          "batches": [
            {
              "batchId": 19949,
              "periodId": 18464,
              "batchDescription": "batch_1",
              "batchCreatedDate": "2018-11-02T00:00:00+00:00",
              "batchClosedDate": null,
              "batchCreatorUsrId": 2,
              "batchCloserUsrId": null,
              "isActive": true,
              "openCases": 0,
              "sourceIdentifier": "00000000-0000-0000-0000-000000000000",
              "value": 19949,
              "label": "batch_1"
            },
            {
              "batchId": 19950,
              "periodId": 18464,
              "batchDescription": "batch_2",
              "batchCreatedDate": "2018-11-02T00:00:00+00:00",
              "batchClosedDate": null,
              "batchCreatorUsrId": 2,
              "batchCloserUsrId": null,
              "isActive": true,
              "openCases": 0,
              "sourceIdentifier": "00000000-0000-0000-0000-000000000000",
              "value": 19950,
              "label": "batch_2"
            },
            {
              "batchId": 19951,
              "periodId": 18464,
              "batchDescription": "batch_3",
              "batchCreatedDate": "2018-11-02T00:00:00+00:00",
              "batchClosedDate": null,
              "batchCreatorUsrId": 2,
              "batchCloserUsrId": null,
              "isActive": true,
              "openCases": 0,
              "sourceIdentifier": "00000000-0000-0000-0000-000000000000",
              "value": 19951,
              "label": "batch_3"
            },
            {
              "batchId": 19952,
              "periodId": 18464,
              "batchDescription": "batch_4",
              "batchCreatedDate": "2018-11-02T00:00:00+00:00",
              "batchClosedDate": null,
              "batchCreatorUsrId": 2,
              "batchCloserUsrId": null,
              "isActive": true,
              "openCases": 0,
              "sourceIdentifier": "00000000-0000-0000-0000-000000000000",
              "value": 19952,
              "label": "batch_4"
            },
            {
              "batchId": 19953,
              "periodId": 18464,
              "batchDescription": "batch_5",
              "batchCreatedDate": "2018-11-02T00:00:00+00:00",
              "batchClosedDate": null,
              "batchCreatorUsrId": 2,
              "batchCloserUsrId": null,
              "isActive": true,
              "openCases": 0,
              "sourceIdentifier": "00000000-0000-0000-0000-000000000000",
              "value": 19953,
              "label": "batch_5"
            },
            {
              "batchId": 19954,
              "periodId": 18464,
              "batchDescription": "batch_6",
              "batchCreatedDate": "2018-11-02T00:00:00+00:00",
              "batchClosedDate": null,
              "batchCreatorUsrId": 2,
              "batchCloserUsrId": null,
              "isActive": true,
              "openCases": 0,
              "sourceIdentifier": "00000000-0000-0000-0000-000000000000",
              "value": 19954,
              "label": "batch_6"
            },
            {
              "batchId": 19955,
              "periodId": 18464,
              "batchDescription": "batch_7",
              "batchCreatedDate": "2018-11-02T00:00:00+00:00",
              "batchClosedDate": null,
              "batchCreatorUsrId": 2,
              "batchCloserUsrId": null,
              "isActive": true,
              "openCases": 0,
              "sourceIdentifier": "00000000-0000-0000-0000-000000000000",
              "value": 19955,
              "label": "batch_7"
            },
            {
              "batchId": 19956,
              "periodId": 18464,
              "batchDescription": "batch_8",
              "batchCreatedDate": "2018-11-02T00:00:00+00:00",
              "batchClosedDate": null,
              "batchCreatorUsrId": 2,
              "batchCloserUsrId": null,
              "isActive": true,
              "openCases": 0,
              "sourceIdentifier": "00000000-0000-0000-0000-000000000000",
              "value": 19956,
              "label": "batch_8"
            },
            {
              "batchId": 19957,
              "periodId": 18464,
              "batchDescription": "batch_9",
              "batchCreatedDate": "2018-11-02T00:00:00+00:00",
              "batchClosedDate": null,
              "batchCreatorUsrId": 2,
              "batchCloserUsrId": null,
              "isActive": true,
              "openCases": 0,
              "sourceIdentifier": "00000000-0000-0000-0000-000000000000",
              "value": 19957,
              "label": "batch_9"
            },
            {
              "batchId": 20004,
              "periodId": 18464,
              "batchDescription": "batch_10",
              "batchCreatedDate": "2018-11-02T00:00:00+00:00",
              "batchClosedDate": null,
              "batchCreatorUsrId": 2,
              "batchCloserUsrId": null,
              "isActive": true,
              "openCases": 0,
              "sourceIdentifier": "00000000-0000-0000-0000-000000000000",
              "value": 20004,
              "label": "batch_10"
            }
          ],
          "isActive": true,
          "sourceIdentifier": "00000000-0000-0000-0000-000000000000"
        }
      }
    ],
    "chargeEntryPatientInsMap": [
      {
        "chargeEntryDetailsId": 98,
        "patientInsuranceId": 28448,
        "sortOrder": 0,
        "canBillGenerated": false
      }
    ],
    "chargeAutoCorrected": false,
    "preopDiagnosisList": [],
    "performedCaseItemTypeId": 0,
    "lastBilledDate": null,
    "feeScheduleItem": {
      "feeScheduleId": 287,
      "procedure": "UNLISTED PROCEDURE SPINE",
      "organizationId": 39,
      "cptProcedureId": 8618,
      "cptProcedure": null,
      "modifiedProcedureDescription": "22899; UNLISTED PROCEDURE SPINE",
      "status": null,
      "amount": 2000,
      "effectiveDate": "2020-01-27T00:00:00+00:00",
      "feeScheduleHistoryId": 525,
      "feeScheduleRootId": 287,
      "activeTf": true,
      "isIncludeStateReportTf": true,
      "sourceIdentifier": "00000000-0000-0000-0000-000000000000"
    },
    "isCaseProcedureSelfPay": false,
    "sourceIdentifier": "00000000-0000-0000-0000-000000000000",
    "chargeTransactionIndex": 0,
    "chargeTransaction": {
      "chargeDetails": {
        "peformedCaseProcedureId": 88,
        "balance": 2000,
        "actualBalance": null,
        "chargeEntryLevelTransactionsAmount": 0,
        "typeOfBill": "0831",
        "sourceOfRevenueId": null,
        "selfPay": false,
        "workersCompensation": false,
        "revenueCodeId": 248,
        "revenueCode": "0490",
        "transactionId": 98,
        "deductibleAmount": null,
        "coInsuranceAmount": null,
        "coPaymentAmount": null,
        "billId": null,
        "corrected": false,
        "generateBill": false,
        "generateBillStateModified": false,
        "patientResponsibilityCoPayments": null,
        "sourceIdentifier": "00000000-0000-0000-0000-000000000000"
      },
      "writeOffDetails": null,
      "paymentDetails": null,
      "transactionId": 98,
      "periodId": 18464,
      "batchId": 20004,
      "batchDescription": "batch_10",
      "createdDate": "2020-08-30T19:04:48+00:00",
      "createdUserId": 0,
      "postedDate": "2020-08-30T19:04:48+00:00",
      "transactionDate": "2020-08-31T11:00:00+00:00",
      "amount": 2000,
      "transactionTypeId": 1,
      "transactionCodeId": null,
      "transactionParentId": 98,
      "transactionRootId": 98,
      "transactionResponsiblePartyId": 83,
      "currentResponsiblePartyId": 49598,
      "currentResponsiblePartyType": "PG",
      "transactionResponsiblePartyName": "AAAAAAAvatsiF, AAAAAAAvatsiF",
      "batchIsActive": true,
      "notes": null,
      "unassignedPaymentDetail": null,
      "paymentAllocationDetail": null,
      "isDeleted": false,
      "isPaymentTransfer": false,
      "transactionCodeName": null,
      "receivedFrom": null,
      "isEditable": null,
      "lastModifiedAmount": null,
      "contractProcedureId": null,
      "creatorId": 2,
      "checkInPaymentId": null,
      "batchCloserUserId": null,
      "periodCloserUserId": null,
      "periodName": null,
      "transferTo": null,
      "impactedTransactions": null,
      "sourceIdentifier": "00000000-0000-0000-0000-000000000000",
      "isHidden": false,
      "batch": {
        "batchId": 20004,
        "periodId": 18464,
        "batchDescription": "batch_10",
        "batchCreatedDate": "2018-11-02T00:00:00+00:00",
        "batchClosedDate": null,
        "batchCreatorUsrId": 2,
        "batchCloserUsrId": null,
        "isActive": true,
        "openCases": 0,
        "sourceIdentifier": "00000000-0000-0000-0000-000000000000",
        "value": 20004,
        "label": "batch_10"
      },
      "period": {
        "periodId": 18464,
        "organizationId": 39,
        "periodName": "A_2018",
        "periodCreatedDate": "2018-11-02T00:00:00+00:00",
        "periodClosedDate": null,
        "periodCreatorUsrId": 2,
        "openedBy": "Gem_user2, sis ",
        "closedBy": null,
        "periodCloserUsrId": null,
        "periodBeginDate": null,
        "periodEndDate": null,
        "batches": [
          {
            "batchId": 19949,
            "periodId": 18464,
            "batchDescription": "batch_1",
            "batchCreatedDate": "2018-11-02T00:00:00+00:00",
            "batchClosedDate": null,
            "batchCreatorUsrId": 2,
            "batchCloserUsrId": null,
            "isActive": true,
            "openCases": 0,
            "sourceIdentifier": "00000000-0000-0000-0000-000000000000",
            "value": 19949,
            "label": "batch_1"
          },
          {
            "batchId": 19950,
            "periodId": 18464,
            "batchDescription": "batch_2",
            "batchCreatedDate": "2018-11-02T00:00:00+00:00",
            "batchClosedDate": null,
            "batchCreatorUsrId": 2,
            "batchCloserUsrId": null,
            "isActive": true,
            "openCases": 0,
            "sourceIdentifier": "00000000-0000-0000-0000-000000000000",
            "value": 19950,
            "label": "batch_2"
          },
          {
            "batchId": 19951,
            "periodId": 18464,
            "batchDescription": "batch_3",
            "batchCreatedDate": "2018-11-02T00:00:00+00:00",
            "batchClosedDate": null,
            "batchCreatorUsrId": 2,
            "batchCloserUsrId": null,
            "isActive": true,
            "openCases": 0,
            "sourceIdentifier": "00000000-0000-0000-0000-000000000000",
            "value": 19951,
            "label": "batch_3"
          },
          {
            "batchId": 19952,
            "periodId": 18464,
            "batchDescription": "batch_4",
            "batchCreatedDate": "2018-11-02T00:00:00+00:00",
            "batchClosedDate": null,
            "batchCreatorUsrId": 2,
            "batchCloserUsrId": null,
            "isActive": true,
            "openCases": 0,
            "sourceIdentifier": "00000000-0000-0000-0000-000000000000",
            "value": 19952,
            "label": "batch_4"
          },
          {
            "batchId": 19953,
            "periodId": 18464,
            "batchDescription": "batch_5",
            "batchCreatedDate": "2018-11-02T00:00:00+00:00",
            "batchClosedDate": null,
            "batchCreatorUsrId": 2,
            "batchCloserUsrId": null,
            "isActive": true,
            "openCases": 0,
            "sourceIdentifier": "00000000-0000-0000-0000-000000000000",
            "value": 19953,
            "label": "batch_5"
          },
          {
            "batchId": 19954,
            "periodId": 18464,
            "batchDescription": "batch_6",
            "batchCreatedDate": "2018-11-02T00:00:00+00:00",
            "batchClosedDate": null,
            "batchCreatorUsrId": 2,
            "batchCloserUsrId": null,
            "isActive": true,
            "openCases": 0,
            "sourceIdentifier": "00000000-0000-0000-0000-000000000000",
            "value": 19954,
            "label": "batch_6"
          },
          {
            "batchId": 19955,
            "periodId": 18464,
            "batchDescription": "batch_7",
            "batchCreatedDate": "2018-11-02T00:00:00+00:00",
            "batchClosedDate": null,
            "batchCreatorUsrId": 2,
            "batchCloserUsrId": null,
            "isActive": true,
            "openCases": 0,
            "sourceIdentifier": "00000000-0000-0000-0000-000000000000",
            "value": 19955,
            "label": "batch_7"
          },
          {
            "batchId": 19956,
            "periodId": 18464,
            "batchDescription": "batch_8",
            "batchCreatedDate": "2018-11-02T00:00:00+00:00",
            "batchClosedDate": null,
            "batchCreatorUsrId": 2,
            "batchCloserUsrId": null,
            "isActive": true,
            "openCases": 0,
            "sourceIdentifier": "00000000-0000-0000-0000-000000000000",
            "value": 19956,
            "label": "batch_8"
          },
          {
            "batchId": 19957,
            "periodId": 18464,
            "batchDescription": "batch_9",
            "batchCreatedDate": "2018-11-02T00:00:00+00:00",
            "batchClosedDate": null,
            "batchCreatorUsrId": 2,
            "batchCloserUsrId": null,
            "isActive": true,
            "openCases": 0,
            "sourceIdentifier": "00000000-0000-0000-0000-000000000000",
            "value": 19957,
            "label": "batch_9"
          },
          {
            "batchId": 20004,
            "periodId": 18464,
            "batchDescription": "batch_10",
            "batchCreatedDate": "2018-11-02T00:00:00+00:00",
            "batchClosedDate": null,
            "batchCreatorUsrId": 2,
            "batchCloserUsrId": null,
            "isActive": true,
            "openCases": 0,
            "sourceIdentifier": "00000000-0000-0000-0000-000000000000",
            "value": 20004,
            "label": "batch_10"
          }
        ],
        "isActive": true,
        "sourceIdentifier": "00000000-0000-0000-0000-000000000000"
      }
    },
    "debitTransaction": {
      "amount": 0,
      "isDeleted": false,
      "lastModifiedAmount": 0,
      "isHidden": false,
      "transactionTypeId": 6,
      "contractProcedureId": null
    },
    "writeOffList": [],
    "periodBatch": {
      "periodId": 18464,
      "organizationId": 39,
      "periodName": "A_2018",
      "periodCreatedDate": "2018-11-02T00:00:00+00:00",
      "periodClosedDate": null,
      "periodCreatorUsrId": 2,
      "openedBy": "Gem_user2, sis ",
      "closedBy": null,
      "periodCloserUsrId": null,
      "periodBeginDate": null,
      "periodEndDate": null,
      "batches": [
        {
          "batchId": 19949,
          "periodId": 18464,
          "batchDescription": "batch_1",
          "batchCreatedDate": "2018-11-02T00:00:00+00:00",
          "batchClosedDate": null,
          "batchCreatorUsrId": 2,
          "batchCloserUsrId": null,
          "isActive": true,
          "openCases": 0,
          "sourceIdentifier": "00000000-0000-0000-0000-000000000000",
          "value": 19949,
          "label": "batch_1"
        },
        {
          "batchId": 19950,
          "periodId": 18464,
          "batchDescription": "batch_2",
          "batchCreatedDate": "2018-11-02T00:00:00+00:00",
          "batchClosedDate": null,
          "batchCreatorUsrId": 2,
          "batchCloserUsrId": null,
          "isActive": true,
          "openCases": 0,
          "sourceIdentifier": "00000000-0000-0000-0000-000000000000",
          "value": 19950,
          "label": "batch_2"
        },
        {
          "batchId": 19951,
          "periodId": 18464,
          "batchDescription": "batch_3",
          "batchCreatedDate": "2018-11-02T00:00:00+00:00",
          "batchClosedDate": null,
          "batchCreatorUsrId": 2,
          "batchCloserUsrId": null,
          "isActive": true,
          "openCases": 0,
          "sourceIdentifier": "00000000-0000-0000-0000-000000000000",
          "value": 19951,
          "label": "batch_3"
        },
        {
          "batchId": 19952,
          "periodId": 18464,
          "batchDescription": "batch_4",
          "batchCreatedDate": "2018-11-02T00:00:00+00:00",
          "batchClosedDate": null,
          "batchCreatorUsrId": 2,
          "batchCloserUsrId": null,
          "isActive": true,
          "openCases": 0,
          "sourceIdentifier": "00000000-0000-0000-0000-000000000000",
          "value": 19952,
          "label": "batch_4"
        },
        {
          "batchId": 19953,
          "periodId": 18464,
          "batchDescription": "batch_5",
          "batchCreatedDate": "2018-11-02T00:00:00+00:00",
          "batchClosedDate": null,
          "batchCreatorUsrId": 2,
          "batchCloserUsrId": null,
          "isActive": true,
          "openCases": 0,
          "sourceIdentifier": "00000000-0000-0000-0000-000000000000",
          "value": 19953,
          "label": "batch_5"
        },
        {
          "batchId": 19954,
          "periodId": 18464,
          "batchDescription": "batch_6",
          "batchCreatedDate": "2018-11-02T00:00:00+00:00",
          "batchClosedDate": null,
          "batchCreatorUsrId": 2,
          "batchCloserUsrId": null,
          "isActive": true,
          "openCases": 0,
          "sourceIdentifier": "00000000-0000-0000-0000-000000000000",
          "value": 19954,
          "label": "batch_6"
        },
        {
          "batchId": 19955,
          "periodId": 18464,
          "batchDescription": "batch_7",
          "batchCreatedDate": "2018-11-02T00:00:00+00:00",
          "batchClosedDate": null,
          "batchCreatorUsrId": 2,
          "batchCloserUsrId": null,
          "isActive": true,
          "openCases": 0,
          "sourceIdentifier": "00000000-0000-0000-0000-000000000000",
          "value": 19955,
          "label": "batch_7"
        },
        {
          "batchId": 19956,
          "periodId": 18464,
          "batchDescription": "batch_8",
          "batchCreatedDate": "2018-11-02T00:00:00+00:00",
          "batchClosedDate": null,
          "batchCreatorUsrId": 2,
          "batchCloserUsrId": null,
          "isActive": true,
          "openCases": 0,
          "sourceIdentifier": "00000000-0000-0000-0000-000000000000",
          "value": 19956,
          "label": "batch_8"
        },
        {
          "batchId": 19957,
          "periodId": 18464,
          "batchDescription": "batch_9",
          "batchCreatedDate": "2018-11-02T00:00:00+00:00",
          "batchClosedDate": null,
          "batchCreatorUsrId": 2,
          "batchCloserUsrId": null,
          "isActive": true,
          "openCases": 0,
          "sourceIdentifier": "00000000-0000-0000-0000-000000000000",
          "value": 19957,
          "label": "batch_9"
        },
        {
          "batchId": 20004,
          "periodId": 18464,
          "batchDescription": "batch_10",
          "batchCreatedDate": "2018-11-02T00:00:00+00:00",
          "batchClosedDate": null,
          "batchCreatorUsrId": 2,
          "batchCloserUsrId": null,
          "isActive": true,
          "openCases": 0,
          "sourceIdentifier": "00000000-0000-0000-0000-000000000000",
          "value": 20004,
          "label": "batch_10"
        }
      ],
      "isActive": true,
      "sourceIdentifier": "00000000-0000-0000-0000-000000000000"
    },
    "batch": {
      "batchId": 20004,
      "periodId": 18464,
      "batchDescription": "batch_10",
      "batchCreatedDate": "2018-11-02T00:00:00+00:00",
      "batchClosedDate": null,
      "batchCreatorUsrId": 2,
      "batchCloserUsrId": null,
      "isActive": true,
      "openCases": 0,
      "sourceIdentifier": "00000000-0000-0000-0000-000000000000",
      "value": 20004,
      "label": "batch_10"
    },
    "batchName": "batch_10",
    "primaryInsuranceId": 28448
  }
]