<?xml version="1.0" encoding="UTF-8"?>
<suite name="SSRS Reports">
    <test name ="Compare Csv Files">
        <!--
        <parameter name="expectedFile" value="courses.csv"></parameter>
        <parameter name="actualFile" value="courses.csv"></parameter>
        -->
        <classes>
            <class name ="com.sis.ssrsReports.SsrsReportsApplicationTests"></class>
        </classes>
    </test>
    <!--
    <test name ="Compare JSON Files">
        <parameter name="expectedFile" value="expectedJson.json"></parameter>
        <parameter name="actualFile" value="actualJson.json"></parameter>
        <classes>
            <class name ="com.sis.ssrsReports.SsrsReportsApplicationTests"></class>
        </classes>
    </test>
    <test name ="Compare XML Files">
        <parameter name="expectedFile" value="expectedXml.xml"></parameter>
        <parameter name="actualFile" value="actualXml.xml"></parameter>
        <classes>
            <class name ="com.sis.ssrsReports.SsrsReportsApplicationTests"></class>
        </classes>
    </test>
    -->
    <!--
    <test name ="Compare Csv Files">
        <parameter name="expectedCsvFile" value="expectedCsv.csv"></parameter>
        <parameter name="actualCsvFile" value="actualCsv.csv"></parameter>
        <classes>
            <class name ="com.sis.ssrsReports.CompareCsvFiles"></class>
        </classes>
    </test>
    <test name ="Compare JSON Files">
        <parameter name="expectedJsonFile" value="expectedJson.json"></parameter>
        <parameter name="actualJsonFile" value="actualJson.json"></parameter>
        <classes>
            <class name ="com.sis.ssrsReports.CompareJsonFiles"></class>
        </classes>
    </test>
    <test name ="Compare XML Files">
        <parameter name="expectedXmlFile" value="expectedXml.xml"></parameter>
        <parameter name="actualXmlFile" value="actualXml.xml"></parameter>
        <classes>
            <class name ="com.sis.ssrsReports.CompareXmlFiles"></class>
        </classes>
    </test>
    -->
</suite>